internal_name,parameter,description
6,RE_Trans_Enable,Bit 3 of Algorithm_Enables_Flags[6] enables feature
6,T_Turbo_Speed_Estimation_Enable,Bit 1 of Algorithm_Enables_Flags[6] enables feature
AAPRSNST,Ambient_Air_Pressure_Sensor_Present,[AAPRSNST] enable flag that indicates presence of an ambient air pressure sensor
AATBPEN,Alpha_Turbo_Protection_Enable,[AATBPEN] Bit F Word 0. Enable bit for the Alpha Ambient Air Pressure Turbo Protection.
ACCNOISE,Group_Accel_Noise_Control,[ACCNOISE] Acceleration Noise Control Group
ACC_INT2,Group_ACCELERATOR_INTERLOCK2,[ACC_INT2] Accelerator Interlock Parameters
ACEN,AC_Smart_Enable,"[ACEN] Word 12h, bit 6 of 0 to 15 - Smart Air Compressor Enable"
ACKFAULT,Software_ACKFAULT,[ACKFAULT] ACKNOWLEDGE FAULT
ADAAPRCC,Ambient_Air_Pressure_Fault_Clear,[ADAAPRCC] Ambient_Air_Pressure_Fault_Count when error cleared
ADAAPRCS,Ambient_Air_Pressure_Filter_Constant,[ADAAPRCS] Ambient_Air_Pressure AD Filter Constant
ADAAPRDT,Ambient_Air_Pressure_Fault_Decrement,[ADAAPRDT] Ambient_Air_Pressure decrement value for setting error
ADAAPRHE,Ambient_Air_Pressure_High_Error,[ADAAPRHE] Ambient_Air_Pressure High Error Indication
ADAAPRHL,Ambient_Air_Pressure_High_Limit,[ADAAPRHL] Ambient_Air_Pressure high limit for the raw value
ADAAPRIC,Ambient_Air_Pressure_Fault_Increment,[ADAAPRIC] Ambient_Air_Pressure increment value for setting error
ADAAPRLE,Ambient_Air_Pressure_Low_Error,[ADAAPRLE] Ambient_Air_Pressure Low Error Indication
ADAAPRLL,Ambient_Air_Pressure_Low_Limit,[ADAAPRLL] Ambient_Air_Pressure low limit for the raw value
ADAAPROD,Ambient_Air_Pressure_Override,[ADAAPROD] Filtered value override bit for the Ambient_Air_Pressure sensor.
ADAAPRSE,Ambient_Air_Pressure_Fault_Set,[ADAAPRSE] Ambient_Air_Pressure_Fault_Count when error set
ADAAPRXA,Ambient_Air_Pressure_X_Axis,[ADAAPRXA] Ambient_Air_Pressure AD Breakpoint Table
ADAAPRYA,Ambient_Air_Pressure_Y_Axis,[ADAAPRYA] Ambient_Air_Pressure Lookup Output Table
ADAAPZ,Ambient_Air_Pressure_Priority,[ADAAPZ] Ambient_Air_Pressure mux override priority
ADAARWOD,Ambient_Air_Pressure_Raw_Override,[ADAARWOD] Enable bit for the Ambient_Air_Pressure sensor.
ADAARWPZ,Ambient_Air_Pressure_Raw_Priority,[ADAARWPZ] Ambient_Air_Pressure current raw override priority
ADAARWUV,Ambient_Air_Pressure_Raw_User_Value,[ADAARWUV] Ambient_Air_Pressure raw override user value
ADBSPRCC,Boost_Pressure_Fault_Clear,[ADBSPRCC] Boost_Pressure_Fault_Count when error cleared
ADBSPRCS,Boost_Pressure_Filter_Constant,[ADBSPRCS] Boost_Pressure AD Filter Constant
ADBSPRDT,Boost_Pressure_Fault_Decrement,[ADBSPRDT] Boost_Pressure decrement value for setting error
ADBSPRHE,Boost_Pressure_High_Error,[ADBSPRHE] Boost_Pressure High Error Indication
ADBSPRHL,Boost_Pressure_High_Limit,[ADBSPRHL] Boost_Pressure high limit for the raw value
ADBSPRIC,Boost_Pressure_Fault_Increment,[ADBSPRIC] Boost_Pressure increment value for setting error
ADBSPRLE,Boost_Pressure_Low_Error,[ADBSPRLE] Boost_Pressure High Error Indication
ADBSPRLL,Boost_Pressure_Low_Limit,[ADBSPRLL] Boost_Pressure low limit for the raw value
ADBSPROD,Boost_Pressure_Override,[ADBSPROD] Filtered value override bit for the Boost_Pressure sensor.
ADBSPRSE,Boost_Pressure_Fault_Set,[ADBSPRSE] Boost_Pressure_Fault_Count when error set
ADBSPRXA,Boost_Pressure_X_Axis,[ADBSPRXA] Boost_Pressure AD Breakpoint Table
ADBSPRYA,Boost_Pressure_Y_Axis,[ADBSPRYA] Boost_Pressure Lookup Output Table
ADBSPZ,Boost_Pressure_Priority,[ADBSPZ] Boost_Pressure mux override priority
ADBSRWOD,Boost_Pressure_Raw_Override,[ADBSRWOD] Enable bit for the Boost_Pressure sensor.
ADBSRWPZ,Boost_Pressure_Raw_Priority,[ADBSRWPZ] Boost_Pressure current raw override priority
ADBSRWUV,Boost_Pressure_Raw_User_Value,[ADBSRWUV] Boost_Pressure raw override user value
ADBTPZ,Battery_Voltage_Priority,[ADBTPZ] Battery_Voltage mux override priority
ADBTRWOD,Battery_Voltage_Raw_Override,[ADBTRWOD] Enable bit for the Battery_Voltage sensor.
ADBTRWPZ,Battery_Voltage_Raw_Priority,[ADBTRWPZ] Battery_Voltage current raw override priority
ADBTRWUV,Battery_Voltage_Raw_User_Value,[ADBTRWUV] Battery_Voltage raw override user value
ADBTVTCC,Battery_Voltage_Fault_Clear,[ADBTVTCC] Battery_Voltage_Fault_Count when error cleared
ADBTVTCS,Battery_Voltage_Filter_Constant,[ADBTVTCS] Battery_Voltage AD Filter Constant
ADBTVTDT,Battery_Voltage_Fault_Decrement,[ADBTVTDT] Battery_Voltage decrement value for setting error
ADBTVTHE,Battery_Voltage_High_Error,[ADBTVTHE] Battery_Voltage High Error Indication
ADBTVTHL,Battery_Voltage_High_Limit,[ADBTVTHL] Battery_Voltage high limit for the raw value
ADBTVTIC,Battery_Voltage_Fault_Increment,[ADBTVTIC] Battery_Voltage increment value for setting error
ADBTVTLE,Battery_Voltage_Low_Error,[ADBTVTLE] Battery_Voltage High Error Indication
ADBTVTLL,Battery_Voltage_Low_Limit,[ADBTVTLL] Battery_Voltage low limit for the raw value
ADBTVTOD,Battery_Voltage_Override,[ADBTVTOD] Filtered value override bit for the Battery_Voltage sensor.
ADBTVTSE,Battery_Voltage_Fault_Set,[ADBTVTSE] Battery_Voltage_Fault_Count when error set
ADBTVTXA,Battery_Voltage_X_Axis,[ADBTVTXA] Battery_Voltage AD Breakpoint Table
ADBTVTYA,Battery_Voltage_Y_Axis,[ADBTVTYA] Battery_Voltage Lookup Output Table
ADCLPZ,Coolant_Temperature_Priority,[ADCLPZ] Coolant_Temperature mux override priority
ADCLRWPZ,Coolant_Temperature_Raw_Priority,[ADCLRWPZ] Coolant_Temperature current raw override priority
ADCLTPCC,Coolant_Temperature_Fault_Clear,[ADCLTPCC] Coolant_Temperature_Fault_Count when error cleared
ADCLTPCS,Coolant_Temperature_Filter_Constant,[ADCLTPCS] Coolant_Temperature AD Filter Constant
ADCLTPDT,Coolant_Temperature_Fault_Decrement,[ADCLTPDT] Coolant_Temperature decrement value for setting error
ADCLTPHE,Coolant_Temperature_High_Error,[ADCLTPHE] Coolant_Temperature High Error Indication
ADCLTPHL,Coolant_Temperature_High_Limit,[ADCLTPHL] Coolant_Temperature high limit for the raw value
ADCLTPIC,Coolant_Temperature_Fault_Increment,[ADCLTPIC] Coolant_Temperature increment value for setting error
ADCLTPLE,Coolant_Temperature_Low_Error,[ADCLTPLE] Coolant_Temperature High Error Indication
ADCLTPLL,Coolant_Temperature_Low_Limit,[ADCLTPLL] Coolant_Temperature low limit for the raw value
ADCLTPOD,Coolant_Temperature_Override,[ADCLTPOD] Filtered value override bit for the Coolant_Temperature sensor.
ADCLTPSE,Coolant_Temperature_Fault_Set,[ADCLTPSE] Coolant_Temperature_Fault_Count when error set
ADCLTPXA,Coolant_Temperature_X_Axis,[ADCLTPXA] Coolant_Temperature AD Breakpoint Table
ADCLTPYA,Coolant_Temperature_Y_Axis,[ADCLTPYA] Coolant_Temperature Lookup Output Table
ADCQRWOD,Coolant_Temperature_Raw_Override,[ADCQRWOD] Enable bit for the Coolant_Temperature sensor.
ADCQRWUV,Coolant_Temperature_Raw_User_Value,[ADCQRWUV] Coolant_Temperature raw override user value
ADDFAAPR,Ambient_Air_Pressure_Global_Default,[ADDFAAPR] Ambient_Air_Pressure AD global default value
ADDFBSPR,Boost_Pressure_Global_Default,[ADDFBSPR] Boost_Pressure AD global default value
ADDFBTVT,Battery_Voltage_Global_Default,[ADDFBTVT] Battery_Voltage AD global default value
ADDFCLTP,Coolant_Temperature_Global_Default,[ADDFCLTP] Coolant_Temperature AD global default value
ADDFEBLV,EB_Switch_Level_Global_Default,[ADDFEBLV] Global default for Engine Brake
ADDFFLTP,Fuel_Temperature_Global_Default,[ADDFFLTP] Fuel_Temperature AD global default value
ADDFIMTP,Intake_Manifold_Temperature_Global_Default,[ADDFIMTP] Intake_Manifold_Temperature AD global default value
ADDFMNFM,Manual_Fan_Level_Global_Default,[ADDFMNFM] Global Default for Manual Fan Level (Requested % fan Speed)
ADDFOLPR,Oil_Pressure_Global_Default,[ADDFOLPR] Oil_Pressure AD global default value
ADDFROTH,Remote_Throttle_Global_Default,[ADDFROTH] Remote_Throttle AD global default value
ADDFSATH,Sampled_Throttle_Global_Default,[ADDFSATH] Sampled_Throttle AD global default value
ADEBLVOD,EB_Switch_Level_Override,[ADEBLVOD] A/D override for Engine Brake switch level.
ADEBLVPZ,EB_Switch_Level_Priority,[ADEBLVPZ] Priority of client which is currently overriding Engine Brake switch level.
ADFLPZ,Fuel_Temperature_Priority,[ADFLPZ] Fuel_Temperature mux override priority
ADFLRWPZ,Fuel_Temperature_Raw_Priority,[ADFLRWPZ] Fuel_Temperature current raw override priority
ADFLTPCC,Fuel_Temperature_Fault_Clear,[ADFLTPCC] Fuel_Temperature_Fault_Count when error cleared
ADFLTPCS,Fuel_Temperature_Filter_Constant,[ADFLTPCS] Fuel_Temperature AD Filter Constant
ADFLTPDT,Fuel_Temperature_Fault_Decrement,[ADFLTPDT] Fuel_Temperature decrement value for setting error
ADFLTPHE,Fuel_Temperature_High_Error,[ADFLTPHE] Fuel_Temperature High Error Indication
ADFLTPHL,Fuel_Temperature_High_Limit,[ADFLTPHL] Fuel_Temperature high limit for the raw value
ADFLTPIC,Fuel_Temperature_Fault_Increment,[ADFLTPIC] Fuel_Temperature increment value for setting error
ADFLTPLE,Fuel_Temperature_Low_Error,[ADFLTPLE] Fuel_Temperature Low Error Indication
ADFLTPLL,Fuel_Temperature_Low_Limit,[ADFLTPLL] Fuel_Temperature low limit for the raw value
ADFLTPOD,Fuel_Temperature_Override,[ADFLTPOD] Filtered value override bit for the Fuel_Temperature sensor.
ADFLTPSE,Fuel_Temperature_Fault_Set,[ADFLTPSE] Fuel_Temperature_Fault_Count when error set
ADFLTPXA,Fuel_Temperature_X_Axis,[ADFLTPXA] Fuel_Temperature AD Breakpoint Table
ADFLTPYA,Fuel_Temperature_Y_Axis,[ADFLTPYA] Fuel_Temperature Lookup Output Table
ADFTAAPR,Ambient_Air_Pressure,[ADFTAAPR] Ambient_Air_Pressure raw value linearized and filtered
ADFTBSPR,Boost_Pressure,[ADFTBSPR] Boost_Pressure raw value linearized and filtered
ADFTBTVT,Battery_Voltage,[ADFTBTVT] Battery_Voltage raw value linearized and filtered
ADFTCLTP,Coolant_Temperature,[ADFTCLTP] Coolant_Temperature raw value linearized and filtered
ADFTFLTP,Fuel_Temperature,[ADFTFLTP] Fuel_Temperature raw value linearized and filtered
ADFTIMTP,Intake_Manifold_Temperature,[ADFTIMTP] Intake_Manifold_Temperature raw value linearized and filtered
ADFTOLPR,Oil_Pressure,[ADFTOLPR] Oil_Pressure raw value linearized and filtered
ADFTROTH,Remote_Throttle,[ADFTROTH] Remote_Throttle raw value linearized and filtered
ADFTRWOD,Fuel_Temperature_Raw_Override,[ADFTRWOD] Enable bit for the Fuel_Temperature sensor.
ADFTRWUV,Fuel_Temperature_Raw_User_Value,[ADFTRWUV] Fuel_Temperature raw override user value
ADFTSATH,Sampled_Throttle,[ADFTSATH] Sampled_Throttle raw value linearized and filtered
ADICDTER,Increment_Decrement_Switch_Error,"[ADICDTER] Bit 9, Error indicating an increment decrement switch problem"
ADIMPZ,Intake_Manifold_Temperature_Priority,[ADIMPZ] Intake_Manifold_Temperature mux override priority
ADIMRWOD,Intake_Manifold_Temperature_Raw_Override,[ADIMRWOD] Enable bit for the Intake_Manifold_Temperature sensor.
ADIMRWPZ,Intake_Manifold_Temperature_Raw_Priority,[ADIMRWPZ] Intake_Manifold_Temperature current raw override priority
ADIMRWUV,Intake_Manifold_Temperature_Raw_User_Value,[ADIMRWUV] Intake_Manifold_Temperature raw override user value
ADIMTPCC,Intake_Manifold_Temperature_Fault_Clear,[ADIMTPCC] Intake_Manifold_Temperature_Fault_Count when error cleared
ADIMTPCS,Intake_Manifold_Temperature_Filter_Constant,[ADIMTPCS] Intake_Manifold_Temperature AD Filter Constant
ADIMTPDT,Intake_Manifold_Temperature_Fault_Decrement,[ADIMTPDT] Intake_Manifold_Temperature decrement value for setting error
ADIMTPHE,Intake_Manifold_Temperature_High_Error,[ADIMTPHE] Intake_Manifold_Temperature High Error Indication
ADIMTPHL,Intake_Manifold_Temperature_High_Limit,[ADIMTPHL] Intake_Manifold_Temperature high limit for the raw value
ADIMTPIC,Intake_Manifold_Temperature_Fault_Increment,[ADIMTPIC] Intake_Manifold_Temperature increment value for setting error
ADIMTPLE,Intake_Manifold_Temperature_Low_Error,[ADIMTPLE] Intake_Manifold_Temperature Low Error Indication
ADIMTPLL,Intake_Manifold_Temperature_Low_Limit,[ADIMTPLL] Intake_Manifold_Temperature low limit for the raw value
ADIMTPOD,Intake_Manifold_Temperature_Override,[ADIMTPOD] Filtered value override bit for the Intake_Manifold_Temperature sensor.
ADIMTPSE,Intake_Manifold_Temperature_Fault_Set,[ADIMTPSE] Intake_Manifold_Temperature_Fault_Count when error set
ADIMTPXA,Intake_Manifold_Temperature_X_Axis,[ADIMTPXA] Intake_Manifold_Temperature AD Breakpoint Table
ADIMTPYA,Intake_Manifold_Temperature_Y_Axis,[ADIMTPYA] Intake_Manifold_Temperature Lookup Output Table
ADMNFMOD,Manual_Fan_Level_Override,[ADMNFMOD] A/D Override for Manual Fan Level (Requested % fan Speed)
ADMNFMPZ,Manual_Fan_Level_Priority,[ADMNFMPZ] A/D Priority for Manual Fan Level (Requested % fan Speed)
ADOLPRCC,Oil_Pressure_Fault_Clear,[ADOLPRCC] Oil_Pressure_Fault_Count when error cleared
ADOLPRCS,Oil_Pressure_Filter_Constant,[ADOLPRCS] Oil_Pressure AD Filter Constant
ADOLPRDT,Oil_Pressure_Fault_Decrement,[ADOLPRDT] Oil_Pressure decrement value for setting error
ADOLPRHE,Oil_Pressure_High_Error,[ADOLPRHE] Oil_Pressure High Error Indication
ADOLPRHL,Oil_Pressure_High_Limit,[ADOLPRHL] Oil_Pressure high limit for the raw value
ADOLPRIC,Oil_Pressure_Fault_Increment,[ADOLPRIC] Oil_Pressure increment value for setting error
ADOLPRLE,Oil_Pressure_Low_Error,[ADOLPRLE] Oil_Pressure Low Error Indication
ADOLPRLL,Oil_Pressure_Low_Limit,[ADOLPRLL] Oil_Pressure low limit for the raw value
ADOLPROD,Oil_Pressure_Override,[ADOLPROD] Filtered value override bit for the Oil_Pressure sensor.
ADOLPRSE,Oil_Pressure_Fault_Set,[ADOLPRSE] Oil_Pressure_Fault_Count when error set
ADOLPRXA,Oil_Pressure_X_Axis,[ADOLPRXA] Oil_Pressure AD Breakpoint Table
ADOLPRYA,Oil_Pressure_Y_Axis,[ADOLPRYA] Oil_Pressure Lookup Output Table
ADOPPZ,Oil_Pressure_Priority,[ADOPPZ] Oil_Pressure mux override priority
ADOPRWOD,Oil_Pressure_Raw_Override,[ADOPRWOD] Enable bit for the Oil_Pressure sensor.
ADOPRWPZ,Oil_Pressure_Raw_Priority,[ADOPRWPZ] Oil_Pressure current raw override priority
ADOPRWUV,Oil_Pressure_Raw_User_Value,[ADOPRWUV] Oil_Pressure raw override user value
ADROTHCC,Remote_Throttle_Fault_Clear,[ADROTHCC] Remote_Throttle_Fault_Count when error cleared
ADROTHCS,Remote_Throttle_Filter_Constant,[ADROTHCS] Remote_Throttle AD Filter Constant
ADROTHDT,Remote_Throttle_Fault_Decrement,[ADROTHDT] Remote_Throttle decrement value for setting error
ADROTHHE,Remote_Throttle_High_Error,[ADROTHHE] Remote_Throttle High Error Indication
ADROTHHL,Remote_Throttle_High_Limit,[ADROTHHL] Remote_Throttle high limit for the raw value
ADROTHIC,Remote_Throttle_Fault_Increment,[ADROTHIC] Remote_Throttle increment value for setting error
ADROTHLE,Remote_Throttle_Low_Error,[ADROTHLE] Remote_Throttle High Error Indication
ADROTHLL,Remote_Throttle_Low_Limit,[ADROTHLL] Remote_Throttle low limit for the raw value
ADROTHOD,Remote_Throttle_Override,[ADROTHOD] Filtered value override bit for the Remote_Throttle sensor.
ADROTHSE,Remote_Throttle_Fault_Set,[ADROTHSE] Remote_Throttle_Fault_Count when error set
ADROTHXA,Remote_Throttle_X_Axis,[ADROTHXA] Remote_Throttle AD Breakpoint Table
ADROTHYA,Remote_Throttle_Y_Axis,[ADROTHYA] Remote_Throttle Lookup Output Table
ADRTHE,RT_High_Error,[ADRTHE] Remote Throttle System Errors
ADRTLE,RT_Low_Error,[ADRTLE] Remote Throttle System Errors
ADRTPZ,Remote_Throttle_Priority,[ADRTPZ] Remote_Throttle mux override priority
ADRTRWOD,Remote_Throttle_Raw_Override,[ADRTRWOD] Enable bit for the Remote_Throttle sensor.
ADRTRWPZ,Remote_Throttle_Raw_Priority,[ADRTRWPZ] Remote_Throttle current raw override priority
ADRTRWUV,Remote_Throttle_Raw_User_Value,[ADRTRWUV] Remote_Throttle raw override user value
ADRWAAPR,Ambient_Air_Pressure_Raw,[ADRWAAPR] Ambient_Air_Pressure sampled raw value
ADRWBSPR,Boost_Pressure_Raw,[ADRWBSPR] Boost_Pressure sampled raw value
ADRWBTVT,Battery_Voltage_Raw,[ADRWBTVT] Battery_Voltage sampled raw value
ADRWCLTP,Coolant_Temperature_Raw,[ADRWCLTP] Coolant_Temperature sampled raw value
ADRWFLTP,Fuel_Temperature_Raw,[ADRWFLTP] Fuel_Temperature sampled raw value
ADRWIMTP,Intake_Manifold_Temperature_Raw,[ADRWIMTP] Intake_Manifold_Temperature sampled raw value
ADRWOLPR,Oil_Pressure_Raw,[ADRWOLPR] Oil_Pressure sampled raw value
ADRWROTH,Remote_Throttle_Raw,[ADRWROTH] Remote_Throttle sampled raw value
ADRWSATH,Sampled_Throttle_Raw,[ADRWSATH] Sampled_Throttle sampled raw value
ADSATHCC,Sampled_Throttle_Fault_Clear,[ADSATHCC] Sampled_Throttle_Fault_Count when error cleared
ADSATHCS,Sampled_Throttle_Filter_Constant,[ADSATHCS] Sampled_Throttle AD Filter Constant
ADSATHDT,Sampled_Throttle_Fault_Decrement,[ADSATHDT] Sampled_Throttle decrement value for setting error
ADSATHHE,Sampled_Throttle_High_Error,[ADSATHHE] Sampled_Throttle High Error Indication
ADSATHHL,Sampled_Throttle_High_Limit,[ADSATHHL] Sampled_Throttle high limit for the raw value
ADSATHIC,Sampled_Throttle_Fault_Increment,[ADSATHIC] Sampled_Throttle increment value for setting error
ADSATHLE,Sampled_Throttle_Low_Error,[ADSATHLE] Sampled_Throttle Low Error Indication
ADSATHLL,Sampled_Throttle_Low_Limit,[ADSATHLL] Sampled_Throttle low limit for the raw value
ADSATHOD,Sampled_Throttle_Override,[ADSATHOD] Filtered value override bit for the Sampled_Throttle sensor.
ADSATHPZ,Sampled_Throttle_Priority,[ADSATHPZ] Sampled_Throttle mux override priority
ADSATHSE,Sampled_Throttle_Fault_Set,[ADSATHSE] Sampled_Throttle_Fault_Count when error set
ADSATHXA,Sampled_Throttle_X_Axis,[ADSATHXA] Sampled_Throttle AD Breakpoint Table
ADSATHYA,Sampled_Throttle_Y_Axis,[ADSATHYA] Sampled_Throttle Lookup Output Table
ADTHHIER,Throttle_Validation_Switch_High_Error,[ADTHHIER] Error set when throttle switches are both active
ADTHLOER,Throttle_Validation_Switch_Low_Error,[ADTHLOER] Error set when throttle switches are both inactive
ADTHPDER,Throttle_Validation_Process_Error,[ADTHPDER] Error set when throttle pot does not agree with throttle switches
ADTHRWOD,Sampled_Throttle_Raw_Override,[ADTHRWOD] Enable bit for the Sampled_Throttle sensor.
ADTHRWPZ,Sampled_Throttle_Raw_Priority,[ADTHRWPZ] Sampled_Throttle current raw override priority
ADTHRWUV,Sampled_Throttle_Raw_User_Value,[ADTHRWUV] Sampled_Throttle raw override user value
ADUFAAPR,Ambient_Air_Pressure_Unfiltered,[ADUFAAPR] Ambient_Air_Pressure raw value linearized but unfiltered
ADUFBSPR,Boost_Pressure_Unfiltered,[ADUFBSPR] Boost_Pressure raw value linearized but unfiltered
ADUFBTVT,Battery_Voltage_Unfiltered,[ADUFBTVT] Battery_Voltage raw value linearized but unfiltered
ADUFCLTP,Coolant_Temperature_Unfiltered,[ADUFCLTP] Coolant_Temperature raw value linearized but unfiltered
ADUFFLTP,Fuel_Temperature_Unfiltered,[ADUFFLTP] Fuel_Temperature raw value linearized but unfiltered
ADUFIMTP,Intake_Manifold_Temperature_Unfiltered,[ADUFIMTP] Intake_Manifold_Temperature raw value linearized but unfiltered
ADUFOLPR,Oil_Pressure_Unfiltered,[ADUFOLPR] Oil_Pressure raw value linearized but unfiltered
ADUFROTH,Remote_Throttle_Unfiltered,[ADUFROTH] Remote_Throttle raw value linearized but unfiltered
ADUFSATH,Sampled_Throttle_Unfiltered,[ADUFSATH] Sampled_Throttle raw value linearized but unfiltered
ADUOAAPR,Ambient_Air_Pressure_User_Value,[ADUOAAPR] Ambient_Air_Pressure Filtered Value User Value
ADUOBSPR,Boost_Pressure_User_Value,[ADUOBSPR] Boost_Pressure Filtered Value User Value
ADUOBTVT,Battery_Voltage_User_Value,[ADUOBTVT] Battery_Voltage Filtered Value User Value
ADUOCLTP,Coolant_Temperature_User_Value,[ADUOCLTP] Coolant_Temperature Filtered Value User Value
ADUOFLTP,Fuel_Temperature_User_Value,[ADUOFLTP] Fuel_Temperature Filtered Value User Value
ADUOIMTP,Intake_Manifold_Temperature_User_Value,[ADUOIMTP] Intake_Manifold_Temperature Filtered Value User Value
ADUOOLPR,Oil_Pressure_User_Value,[ADUOOLPR] Oil_Pressure Filtered Value User Value
ADUOROTH,Remote_Throttle_User_Value,[ADUOROTH] Remote_Throttle Filtered Value User Value
ADUOSATH,Sampled_Throttle_User_Value,[ADUOSATH] Sampled_Throttle Filtered Value User Value
ADUVEBLV,EB_Switch_Level_User_Value,[ADUVEBLV] User value for Engine Brake
ADUVMNFM,Manual_Fan_Level_User_Value,[ADUVMNFM] User Value for Manual Fan Level (Requested % fan Speed)
ADWFCS,Water_In_Fuel_Filter_Constant,[ADWFCS] Water_In_Fuel AD Filter Constant
ADWFER,Water_In_Fuel_Error,"[ADWFER] Bit 8, Water In Fuel fault"
ADWFFC,Water_In_Fuel_Fault_Clear,[ADWFFC] Water_In_Fuel_Fault_Count when error cleared
ADWFFD,Water_In_Fuel_Fault_Decrement,[ADWFFD] Water_In_Fuel decrement value for setting error
ADWFFI,Water_In_Fuel_Fault_Increment,[ADWFFI] Water_In_Fuel increment value for setting error
ADWFFS,Water_In_Fuel_Fault_Set,[ADWFFS] Water_In_Fuel_Fault_Count when error set
ADWFFT,Water_In_Fuel,[ADWFFT] Water_In_Fuel raw value linearized and filtered
ADWFGD,Water_In_Fuel_Global_Default,[ADWFGD] Water_In_Fuel AD global default value
ADWFHE,Water_In_Fuel_High_Error,[ADWFHE] Water_In_Fuel High Error Indication
ADWFHL,Water_In_Fuel_High_Limit,[ADWFHL] Water_In_Fuel high limit for the raw value
ADWFLE,Water_In_Fuel_Low_Error,[ADWFLE] Water_In_Fuel Low Error Indication
ADWFLL,Water_In_Fuel_Low_Limit,[ADWFLL] Water_In_Fuel low limit for the raw value
ADWFOD,Water_In_Fuel_Override,[ADWFOD] Filtered value override bit for the Water_In_Fuel sensor.
ADWFPZ,Water_In_Fuel_Priority,[ADWFPZ] Water_In_Fuel mux override priority
ADWFRC,Water_In_Fuel_Raw,[ADWFRC] Water_In_Fuel sampled raw value
ADWFRWOD,Water_In_Fuel_Raw_Override,[ADWFRWOD] Enable bit for the Water_In_Fuel sensor.
ADWFRWPZ,Water_In_Fuel_Raw_Priority,[ADWFRWPZ] Water_In_Fuel current raw override priority
ADWFRWUV,Water_In_Fuel_Raw_User_Value,[ADWFRWUV] Water_In_Fuel raw override user value
ADWFUF,Water_In_Fuel_Unfiltered,[ADWFUF] Water_In_Fuel raw value linearized but unfiltered
ADWFUV,Water_In_Fuel_User_Value,[ADWFUV] Water_In_Fuel Filtered Value User Value
ADWIFXA,Water_In_Fuel_X_Axis,[ADWIFXA] Water_In_Fuel AD Breakpoint Table
ADWIFYA,Water_In_Fuel_Y_Axis,[ADWIFYA] Water_In_Fuel Lookup Output Table
AENBLFLG,Software_AENBLFLG,[AENBLFLG] LENGTH_OF_ALG_ENABLE_FLAGS_TABLE
AFC,Group_AFC,[AFC] AFC FUELING INFORMATION
AFCNICTA,AFC_Timing_Increment,[AFCNICTA] Timing advance added to base timing anytime AFC is limiting fueling
AFENMAN,AFC_Override_Enable,[AFENMAN] Bit 3 of 0-15 in word C
AFFL,AFC_Fueling,[AFFL] fueling limit as calculated by AFC Fueling algorithm
AFFLLMXA,AFC_Engine_Speed_Axis,[AFFLLMXA] Engine speed axis used by AFC to determine fueling limit (21 values)
AFFLLMYA,AFC_Boost_Pressure_Axis,[AFFLLMYA] Boost Pressure axis used by AFC to determine fuel limit (14 values)
AFFLLMZA,AFC_Fueling_Table,[AFFLLMZA] AFC look-up table defining fueling limit as a function of boost and engine spee
AFFLMAN,AFC_Fueling_Override_Value,[AFFLMAN] AFC fueling derate value when AFC override is enabled
AFICTA,AFC_Timing_Increment_Value,[AFICTA] Calibratible timing increment that is added to base timing anytime AFC is limit
AHDRLAEN,AH_Direct_Derate_Enable,[AHDRLAEN] ENABLE/DISABLE turbo protection latched fuel derate
AHEN,AH_Enable,[AHEN] Bit 5 ENABLE/DISABLE for Air Handeling feature. Bit 11 of 0-15
AHFLDRLA,AH_Fuel_Derate_Latch,[AHFLDRLA] Indicates turbo overspeed protection fuel derate
AHIFGR,Group_COMB_MGR,[AHIFGR] Combustion Manager informations.
AIRCOMP7,Group_AIR_COMPRESSOR_7,[AIRCOMP7] Group containing electronic constants for Smart Air Compressor
ALPHA,Alpha,[ALPHA] ALPHA PARAMETER 0.0 = URBAN 1.0 = OPEN ROAD
ALPHADET,Group_ALPHADET,[ALPHADET] ALPHA DETERMINATION
ALT_LIM,Group_ALT_LIM,[ALT_LIM] ALTITUDE DERATE GROUP
ANEN,Accelerator_Interlock_Enable,"[ANEN] Bit 7 of 0-15 in word C, Accelerator Interlock Enable Bit"
APAAPRSS,Alpha_Low_Ambient_Air_Pressure,[APAAPRSS] Alpha based only on ambient air pressure logic
APAFEN,Alpha_AFC_Enable,[APAFEN] Bit B Word 0. Enables alpha afc subalgorithm for Alpha_Base calculation
APAFSS,Alpha_AFC,[APAFSS] result of AFC algorithm
APAFTR,Alpha_AFC_Timer,[APAFTR] Trace the time since fueling state is not AFC or LSG.
APAFTRTM,AFC_Alpha_Timeout,[APAFTRTM] Time that must elapse without AFC limiting before ALPHA may be set to one
APAPBA,Alpha_Base,"[APAPBA] Result of AFC, LSG, On Governor, and Fuel Rate alpha comparison"
APAPST,Alpha_State,"[APAPST] Indicate the source (base, user, altitude, epf, slave, esp) of alpha"
APEGPNEN,Alpha_Engine_Protection_Override_Enable,[APEGPNEN] Bit E Word 0. Enables logic to use engine protection alpha
APFLDLRT,Filtered_Fuel_Delivery_Rate,"[APFLDLRT] fuel rate, after filtering, which alpha uses in comparison to trigger Fuel_Rate"
APFLFTTC,Alpha_Fuel_Rate_Filter_Constant,[APFLFTTC] Time constant of LB/HR filter used in the alpha fuel rate calculations
APFLRTAP,Alpha_Fuel_Rate,[APFLRTAP] result of Fuel Rate algorithm
APFLRTEN,Alpha_Fuel_Rate_Enable,[APFLRTEN] Bit C Word 0. Enables alpha fuel rate sub-algo for Alpha_Base determination
APGVAP,Alpha_Governor,[APGVAP] result of On Governor
APLMES,FSS_RPM_Derate,[APLMES] RPM derate supplied by application group.
APLSAP,Alpha_LSG,[APLSAP] result of LSG algorithm
APLSEN,Alpha_LSG_Enable,[APLSEN] Bit A Word 0. Enables alpha lsg sub-algo for Alpha_Base determination
APLSTMTR,LSG_Alpha_Timeout,[APLSTMTR] Time that must expire without LSG commanding fuel before alpha is one
APLSTR,Alpha_LSG_Timer,[APLSTR] Trace the time since fueling state has left LSG state
APL_ADJ,Group_Application_Adjustable_Parameters,[APL_ADJ] Application Adjustable Parameters
APOFAAPR,Alpha_Lock_Off_Air_Pressure,[APOFAAPR] Air pressure after hysterisis to unlock alpha.
APONAAPR,Alpha_Lock_On_Air_Pressure,[APONAAPR] Air Pressure Below Which Alpha Is Ramped To 1
APONGVEN,Alpha_On_Governor_Enable,[APONGVEN] Bit D Word 0. Enables alpha on governor sub-algo for Alpha_Base determination
APPL_ID,Application_Identifier,[APPL_ID] Descriptor of the project or fuel system.
APRM01RT,Alpha_Ramp_Rate_1,[APRM01RT] Rate at which alpha increases while alpha is below the alpha threshold
APRM02RT,Alpha_Ramp_Rate_2,[APRM02RT] Rate at which alpha increases while alpha is >= the alpha threshold
APRMBKTD,Alpha_Ramp_Threshold,[APRMBKTD] Value of alpha at which the ramp rate transition takes place
APUOAP,User_Override_Alpha,[APUOAP] Value of alpha desired by engineering applications
APUOAPEN,Alpha_User_Override_Enable,[APUOAPEN] Bit 0 Word 1. EEPROM indicator set by engr applications to control alpha
AREN,Cruise_Control_AR_Enable,[AREN] BIT 11 OF 0-15. CRUISE CONTROL AUTO RESUME ENABLE/DISABLE PARAMETER
AS01CF,ASG_Coefficient_1,[AS01CF] ASG throttle mode compensation filter coef. 1 calibration
AS02CF,ASG_Coefficient_2,[AS02CF] ASG throttle mode compensation filter coef. 2 calibration
AS03CF,ASG_Coefficient_3,[AS03CF] ASG throttle mode compensation filter coef. 3 calibration
ASALDPXA,ASG_Alt_Droop_Reference_Axis,[ASALDPXA] ASG alternate droop table input axis
ASALDPYA,ASG_Alt_Droop_Axis,[ASALDPYA] ASG alternate droop table output axis (f(reference speed))
ASANENF,AS_ANC_Enable_Flag,[ASANENF] Application specific ANC enable/disable flag(Set to FALSE to disable)
ASANODFG,AS_ANC_Override,[ASANODFG] Application specific ANC Override flag(1 = engage ANC)
ASAP01CF,ASG_Coefficient_1_As,[ASAP01CF] ASG application specific compensation filter coef. 1
ASAP01DP,ASG_Droop_Gain_1_As,[ASAP01DP] ASG application specific droop gain 1
ASAP01DV,ASG_Derivative_Gain_1_As,[ASAP01DV] ASG application specific derivative gain 1
ASAP01IT,ASG_Integral_Gain_1_As,[ASAP01IT] ASG application specific integral gain 1
ASAP01PP,ASG_Proportional_Gain_1_As,[ASAP01PP] ASG application specific proportional gain 1
ASAP02CF,ASG_Coefficient_2_As,[ASAP02CF] ASG application specific compensation filter coef. 2
ASAP02DP,ASG_Droop_Gain_2_As,[ASAP02DP] ASG application specific droop gain 2
ASAP02DV,ASG_Derivative_Gain_2_As,[ASAP02DV] ASG application specific derivative gain 2
ASAP02IT,ASG_Integral_Gain_2_As,[ASAP02IT] ASG application specific integral gain 2
ASAP02PP,ASG_Proportional_Gain_2_As,[ASAP02PP] ASG application specific proportional gain 2
ASAP03CF,ASG_Coefficient_3_As,[ASAP03CF] ASG application specific compensation filter coef. 3
ASAPFBES,ASG_As_Feedback_Speed,[ASAPFBES] Application specific feedback variable for ASG
ASAPFTCF,ASG_Filter_Coef_As,[ASAPFTCF] ASG application specific reference filter coefficient
ASAPHILM,ASG_High_Fuel_Limit_As,[ASAPHILM] ASG application specific fueling high limit
ASAPLOLM,ASG_Lower_Fuel_Limit_As,[ASAPLOLM] ASG application specific fueling lower limit
ASAPODMD,ASG_As_Override_Mode,[ASAPODMD] ASG application specific reference override mode
ASAPRF,ASG_As_Reference_RPM,[ASAPRF] ASG application specific reference speed
ASAPRS,ASG_Reset_As,[ASAPRS] ASG application specific reset
ASAPSTX1,ASG_State_X1_As,[ASAPSTX1] ASG application specific state X1 reset value
ASAPSTX2,ASG_State_X2_As,[ASAPSTX2] ASG application specific state X2 reset value
ASAPSTX3,ASG_State_X3_As,[ASAPSTX3] ASG application specific state X3 reset value
ASAPSTX4,ASG_State_X4_As,[ASAPSTX4] ASG application specific state X4 reset value
ASAPSTX5,ASG_State_X5_As,[ASAPSTX5] ASG application specific state X5 reset value
ASAPSTX6,ASG_State_X6_As,[ASAPSTX6] ASG application specific state X6 reset value
ASCLNLXA,ASG_Coolant_Fuel_Bkpt,[ASCLNLXA] ASG - Coolant temp adjust breakpoint table for no load fuel
ASCLNLYA,ASG_Coolant_Fuel_Adjust_Table,[ASCLNLYA] ASG - Coolant temp based fuel adjustment to no load fuel
ASCNHILM,ASG_Fueling_Limit_High_Cal,[ASCNHILM] ASG fueling high limit calibration for thottle mode
ASCNLOLM,ASG_Fueling_Limit_Lo_Cal,[ASCNLOLM] ASG fueling lower limit calibration for thottle mode
ASDP01GN,ASG_Droop_Gain1,[ASDP01GN] Offset used to adjust droop in the gain adjust calculation of the ASG
ASDP02GN,ASG_Droop_Gain2,[ASDP02GN] Slope multiplier used to adjust droop in the gain adjust calculation of the ASG
ASDP21GN,ASG_Droop_Gain1_2,[ASDP21GN] Alternate offset used to adjust droop in gain adjust calc. for ASG
ASDP22GN,ASG_Droop_Gain2_2,[ASDP22GN] Alternate slope multiplier used to adjust droop in gain adjust calc.
ASDP31GN,ASG_Droop_Gain1_3,[ASDP31GN] Alternate offset used to adjust droop in gain adjust calc. for ASG
ASDP32GN,ASG_Droop_Gain2_3,[ASDP32GN] Alternate slope multiplier used to adjust droop in gain adjust calc.
ASDPER,ASG_Droop_Compensated_Error,[ASDPER] ASG Droop Compensated Error
ASDPFG,ASG_Droop_Flag,[ASDPFG] ASG droop selection flag; used to select droop source
ASDPFGTN,ASG_Droop_Flag_Trim,[ASDPFGTN] Trim for ASG droop selection flag; select droop source
ASDPGN01,ASG_Droop_Gain_1,[ASDPGN01] ASG droop gain 1
ASDPGN02,ASG_Droop_Gain_2,[ASDPGN02] ASG droop gain 2
ASDPMN,ASG_Droop_Minimum_Throttle,[ASDPMN] Tool ASG Droop Minimum Throttle Percent adjustable parameter
ASDPMN02,ASG_Droop_Minimum_Throttle_2,[ASDPMN02] Tool ASG Droop Min Throttle % for Switched Droop 2 adjustable parameter
ASDPMN03,ASG_Droop_Minimum_Throttle_3,[ASDPMN03] Tool ASG Droop Min Throttle % for Switched Droop 3 adjustable parameter
ASDPMX,ASG_Droop_Maximum_Throttle,[ASDPMX] Tool ASG Droop Maximum Throttle Percent adjustable parameter
ASDPMX02,ASG_Droop_Maximum_Throttle_2,[ASDPMX02] Tool ASG Droop Max Throttle % for Switched Droop 2 adjustable parameter
ASDPMX03,ASG_Droop_Maximum_Throttle_3,[ASDPMX03] Tool ASG Droop Max Throttle % for Switched Droop 3 adjustable parameter
ASDPTBXA,ASG_Droop_Reference_Axis,[ASDPTBXA] ASG droop table input axis (f(reference speed))
ASDPTBYA,ASG_Droop_Axis,[ASDPTBYA] ASG droop table output axis (f(reference speed)
ASDV,ASG_Derivative_Term,[ASDV] ASG derivative term
ASDV01GN,ASG_Derivative_Gain_1,[ASDV01GN] ASG derivative gain 1 calibration
ASDV02GN,ASG_Derivative_Gain_2,[ASDV02GN] ASG Derivative gain 2 calibration
ASDVDELM,ASG_Derivative_Dead_Band_Limit,[ASDVDELM] ASG derivative dead band limit
ASDVFTCF,ASG_Derivative_Filter_Coefficient,[ASDVFTCF] ASG derivative filter coefficient calibration
ASDVLM,ASG_Derivative_Limit,[ASDVLM] ASG derivative limit
ASERDC,ASG_Error_Difference,[ASERDC] ASG error difference
ASETRS,ASG_External_Reset,[ASETRS] ASG external reset flag
ASFBDC,ASG_Feedback_Difference,[ASFBDC] ASG feedback difference term
ASFL,ASG_Fueling,[ASFL] ASG FUELING
ASFLHILM,ASG_Fuel_Hi_Limit,[ASFLHILM] ASG fueling high limit
ASFLLOLM,ASG_Fuel_Low_Limit,[ASFLLOLM] ASG fueling lower limit
ASFTCF,ASG_Filter_Coefficient,[ASFTCF] ASG reference filter coefficient calibration
ASFTFBES,ASG_Filtered_Feedback_Speed,[ASFTFBES] General feedback variable for the ASG
ASFTRF,ASG_Filtered_Reference,[ASFTRF] ASG filtered reference speed
ASGADJSZ,ASG_Adj_Size,[ASGADJSZ] Size of ASG adjustable parameters
ASIT01GN,ASG_Integral_Gain_1,[ASIT01GN] ASG integral gain 1 calibration
ASIT02GN,ASG_Integral_Gain_2,[ASIT02GN] ASG integral gain 2 calibration
ASJ100CF,ASG_Jcomm_Coefficient_1_00,[ASJ100CF] ASG compensation filter coef. 1 - Jcomm mode 00
ASJ100DV,ASG_Jcomm_Derivative_Gain_1_00,[ASJ100DV] ASG derivative gain 1 - Jcomm mode 00
ASJ100IT,ASG_Jcomm_Integral_Gain_1_00,[ASJ100IT] ASG integral gain 1 - Jcomm mode 00
ASJ100PP,ASG_Jcomm_Proportional_Gain_1_00,[ASJ100PP] ASG proportional gain 1 - Jcomm mode 00
ASJ101CF,ASG_Jcomm_Coefficient_1_01,[ASJ101CF] ASG compensation filter coef. 1 - Jcomm mode 01
ASJ101DV,ASG_Jcomm_Derivative_Gain_1_01,[ASJ101DV] ASG derivative gain 1 - Jcomm mode 01
ASJ101IT,ASG_Jcomm_Integral_Gain_1_01,[ASJ101IT] ASG integral gain 1 - Jcomm mode 01
ASJ101PP,ASG_Jcomm_Proportional_Gain_1_01,[ASJ101PP] ASG proportional gain 1 - Jcomm mode 01
ASJ110CF,ASG_Jcomm_Coefficient_1_10,[ASJ110CF] ASG compensation filter coef. 1 - Jcomm mode 10
ASJ110DV,ASG_Jcomm_Derivative_Gain_1_10,[ASJ110DV] ASG derivative gain 1 - Jcomm mode 10
ASJ110IT,ASG_Jcomm_Integral_Gain_1_10,[ASJ110IT] ASG integral gain 1 - Jcomm mode 10
ASJ110PP,ASG_Jcomm_Proportional_Gain_1_10,[ASJ110PP] ASG proportional gain 1 - Jcomm mode 10
ASJ111CF,ASG_Jcomm_Coefficient_1_11,[ASJ111CF] ASG compensation filter coef. 1 - Jcomm mode 11
ASJ111DV,ASG_Jcomm_Derivative_Gain_1_11,[ASJ111DV] ASG derivative gain 1 - Jcomm mode 11
ASJ111IT,ASG_Jcomm_Integral_Gain_1_11,[ASJ111IT] ASG integral gain 1 - Jcomm mode 11
ASJ111PP,ASG_Jcomm_Proportional_Gain_1_11,[ASJ111PP] ASG proportional gain 1 - Jcomm mode 11
ASJ200CF,ASG_Jcomm_Coefficient_2_00,[ASJ200CF] ASG compensation filter coef. 2 - Jcomm mode 00
ASJ200DV,ASG_Jcomm_Derivative_Gain_2_00,[ASJ200DV] ASG derivative gain 2 - Jcomm mode 00
ASJ200IT,ASG_Jcomm_Integral_Gain_2_00,[ASJ200IT] ASG integral gain 2 - Jcomm mode 00
ASJ200PP,ASG_Jcomm_Proportional_Gain_2_00,[ASJ200PP] ASG proportional gain 2 - Jcomm mode 00
ASJ201CF,ASG_Jcomm_Coefficient_2_01,[ASJ201CF] ASG compensation filter coef. 2 - Jcomm mode 01
ASJ201DV,ASG_Jcomm_Derivative_Gain_2_01,[ASJ201DV] ASG derivative gain 2 - Jcomm mode 01
ASJ201IT,ASG_Jcomm_Integral_Gain_2_01,[ASJ201IT] ASG integral gain 2 - Jcomm mode 01
ASJ201PP,ASG_Jcomm_Proportional_Gain_2_01,[ASJ201PP] ASG proportional gain 2 - Jcomm mode 01
ASJ210CF,ASG_Jcomm_Coefficient_2_10,[ASJ210CF] ASG compensation filter coef. 2 - Jcomm mode 10
ASJ210DV,ASG_Jcomm_Derivative_Gain_2_10,[ASJ210DV] ASG derivative gain 2 - Jcomm mode 10
ASJ210IT,ASG_Jcomm_Integral_Gain_2_10,[ASJ210IT] ASG integral gain 2 - Jcomm mode 10
ASJ210PP,ASG_Jcomm_Proportional_Gain_2_10,[ASJ210PP] ASG proportional gain 2 - Jcomm mode 10
ASJ211CF,ASG_Jcomm_Coefficient_2_11,[ASJ211CF] ASG compensation filter coef. 2 - Jcomm mode 11
ASJ211DV,ASG_Jcomm_Derivative_Gain_2_11,[ASJ211DV] ASG derivative gain 2 - Jcomm mode 11
ASJ211IT,ASG_Jcomm_Integral_Gain_2_11,[ASJ211IT] ASG integral gain 2 - Jcomm mode 11
ASJ211PP,ASG_Jcomm_Proportional_Gain_2_11,[ASJ211PP] ASG proportional gain 2 - Jcomm mode 11
ASJ300CF,ASG_Jcomm_Coefficient_3_00,[ASJ300CF] ASG compensation filter coef. 3 - Jcomm mode 00
ASJ301CF,ASG_Jcomm_Coefficient_3_01,[ASJ301CF] ASG compensation filter coef. 3 - Jcomm mode 01
ASJ310CF,ASG_Jcomm_Coefficient_3_10,[ASJ310CF] ASG compensation filter coef. 3 - Jcomm mode 10
ASJ311CF,ASG_Jcomm_Coefficient_3_11,[ASJ311CF] ASG compensation filter coef. 3 - Jcomm mode 11
ASJCFLMN,ASG_Jcomm_Fuel_Min,[ASJCFLMN] ASG Jcomm fueling lower limit calibration
ASJCFLMX,ASG_Jcomm_Fuel_Max,[ASJCFLMX] ASG Jcomm fueling high limit calibration
ASJCFTCS,ASG_Jcomm_Filter_Constant,[ASJCFTCS] ASG Jcomm reference filter constant
ASMNRF,ASG_Minimum,[ASMNRF] ASG reference speed for 0% throttle input -should be less than LSGMNREF
ASMNRF02,ASG_Minimum_2,[ASMNRF02] Alternate ASG reference speed for 0% throttle input
ASMNRF03,ASG_Minimum_3,[ASMNRF03] Alternate ASG reference speed for 0% throttle input
ASMNRP,ASG_Min_RPM,[ASMNRP] ASG reference speed for 0% throttle input -should be less than LSGMNREF
ASMXFL,ASG_100_Fueling,"[ASMXFL] Fueling from 4D tables using ASG_Selected_Speed, 100% throttle, and alpha"
ASMXRF,ASG_Maximum,[ASMXRF] ASG reference speed for 100% throttle input -should be greater than HSGBRKRPM
ASMXRF02,ASG_Maximum_2,[ASMXRF02] Alternate ASG reference speed for 100% throttle input
ASMXRF03,ASG_Maximum_3,[ASMXRF03] Alternate ASG reference speed for 100% throttle input
ASMXRP,ASG_Max_RPM,[ASMXRP] ASG reference speed for 100% throttle input -should be greater than HSGBRKRPM
ASNLFL,ASG_No_Load_Fuel,[ASNLFL] Fuel required to overcome friction calculated using ASG reference
ASNLFLXA,ASG_Friction_Fuel_Bkpt,[ASNLFLXA] ASG No load Fuel breakpoint table
ASNLFLYA,ASG_Friction_Fuel_Table,[ASNLFLYA] ASG No load fuel based on selected (ASG ref) engine speed
ASPP01GN,ASG_Proportional_Gain_1,[ASPP01GN] ASG proportional gain 1 calibration
ASPP02GN,ASG_Proportional_Gain_2,[ASPP02GN] ASG proportional gain 2 calibration
ASQDAJ,ASG_QD_Adjustment,[ASQDAJ] ASG Quadratic Derivative Adjustment
ASQDDPER,ASG_QD_Droop_Compensated_Error,[ASQDDPER] QPID Adjusted ASG Droop Compensated Error-Derivative
ASQDEN,ASG_QD_Enable,[ASQDEN] Flag to enable/disable the ASG Quadratic Derivative scheme.
ASQIAJ,ASG_QI_Adjustment,[ASQIAJ] ASG Quadratic Integral Adjustment
ASQIDPER,ASG_QI_Droop_Compensated_Error,[ASQIDPER] QPID Adjusted ASG Droop Compensated Error-Integral
ASQIEN,ASG_QI_Enable,[ASQIEN] Flag to enable/disable the ASG Quadratic Integral scheme.
ASQPAJ,ASG_QP_Adjustment,[ASQPAJ] ASG Quadratic Proportional Adjustment
ASQPDPER,ASG_QP_Droop_Compensated_Error,[ASQPDPER] QPID Adjusted ASG Droop Compensated Error-Proportional
ASQPEN,ASG_QP_Enable,[ASQPEN] Flag to enable/disable the ASG Quadratic Proportional scheme.
ASRF,ASG_Selected_Speed,[ASRF] Selected input reference speed used as input to the ASG
ASRMTHFG,ASG_Rem_Throt_Droop_Flag,[ASRMTHFG] value assigned to ASDPFG when Remote throttle is controlling
ASRSST,ASG_Reset_State,[ASRSST] ASG reset flag
ASRSSTX1,ASG_Reset_State_X1,[ASRSSTX1] ASG reset state X1
ASRSSTX2,ASG_Reset_State_X2,[ASRSSTX2] ASG reset state X2
ASRSSTX3,ASG_Reset_State_X3,[ASRSSTX3] ASG reset state X3
ASRSSTX4,ASG_Reset_State_X4,[ASRSSTX4] ASG reset state X4
ASRSSTX5,ASG_Reset_State_X5,[ASRSSTX5] ASG reset state X5
ASRSSTX6,ASG_Reset_State_X6,[ASRSSTX6] ASG reset state X6
ASSDFUOF,ASG_Switch_Droop_Fueling_Offset,[ASSDFUOF] Offset added to NLFL and compared with FSFNFL for throttle gov. switch
ASSL01CF,ASG_Coefficient_1_Selected,[ASSL01CF] ASG selected compensation filter coef. 1
ASSL01DV,ASG_Derivative_Gain_1_Selected,[ASSL01DV] ASG selected derivative gain 1
ASSL01IT,ASG_Integral_Gain_1_Selected,[ASSL01IT] ASG selected integral gain 1
ASSL01PP,ASG_Proportional_Gain_1_Selected,[ASSL01PP] ASG selected proportional gain 1
ASSL02CF,ASG_Coefficient_2_Selected,[ASSL02CF] ASG selected compensation filter coef. 2
ASSL02DV,ASG_Derivative_Gain_2_Selected,[ASSL02DV] ASG selected derivative gain 2
ASSL02IT,ASG_Integral_Gain_2_Selected,[ASSL02IT] ASG selected integral gain 2
ASSL02PP,ASG_Proportional_Gain_2_Selected,[ASSL02PP] ASG selected proportional gain 2
ASSL03CF,ASG_Coefficient_3_Selected,[ASSL03CF] ASG selected compensation filter coef. 3
ASSLDP,ASG_Droop_Selected,[ASSLDP] ASG selected droop slope
ASSLFTCF,ASG_Filter_Coef_Selected,[ASSLFTCF] ASG selected reference filter coefficient
ASSTX1,ASG_State_X1,[ASSTX1] ASG state X1
ASSTX2,ASG_State_X2,[ASSTX2] ASG state X2
ASSTX4,ASG_State_X4,[ASSTX4] ASG state X4
ASSTX5,ASG_State_X5,[ASSTX5] ASG state X5
ASSTX6,ASG_State_X6,[ASSTX6] ASG state X6
ASTH01DP,ASG_Throttle_Droop_1,[ASTH01DP] ASG throttle droop gain 1
ASTH02DP,ASG_Throttle_Droop_2,[ASTH02DP] ASG throttle droop gain 2
ASTHPFRL,ASG_Throttle_Prefilter_Rate_Limit,[ASTHPFRL] ASG throttle ref rate limit for prefilter coef. calculation
ASTHPFXA,ASG_Throttle_Prefilter_Coeff_X,[ASTHPFXA] ASG throttle prefilter coef. calculation table (x-axis)
ASTHPFYA,ASG_Throttle_Prefilter_Coeff_Y,[ASTHPFYA] ASG throttle prefilter coef. calculation table (y-axis)
ASTHRFES,ASG_Throttle_Reference_RPM,[ASTHRFES] All Speed Governor reference speed based upon throttle position
ASTL01MN,Tool_ASG_Droop_Gain1_Minimum,[ASTL01MN] Minimum for ASG_Droop_Gain1
ASTL01MX,Tool_ASG_Droop_Gain1_Maximum,[ASTL01MX] Maximum for ASG_Droop_Gain1
ASTL02MN,Tool_ASG_Droop_Gain2_Minimum,[ASTL02MN] Minimum for ASG_Droop_Gain2
ASTL02MX,Tool_ASG_Droop_Gain2_Maximum,[ASTL02MX] Maximum for ASG_Droop_Gain2
ASTLMNMN,Tool_ASG_Minimum_Speed_Minimum,[ASTLMNMN] Minimum allowed speed for ASG_Minimum_Speed
ASTLMNMX,Tool_ASG_Minimum_Speed_Maximum,[ASTLMNMX] Maximum allowed speed for ASG_Minimum_Speed
ASTLMXMN,Tool_ASG_Maximum_Speed_Minimum,[ASTLMXMN] Minimum allowed speed for ASG_Maximum_Speed
ASTLMXMX,Tool_ASG_Maximum_Speed_Maximum,[ASTLMXMX] Maximum allowed speed for ASG_Maximum_Speed
AS_GOV,Group_AS_GOV,[AS_GOV] ALL SPEED GOVERNOR
AT01EN,AT_AUTO_Anti_Theft_Enable,[AT01EN] Bit 11 of 15. Enables the anti theft at_auto module
ATAAPRDF,Altitude_Derate_Default,[ATAAPRDF] Default fueling to be used by altitude derate if ambient air pressure fault is
ATAAPRYA,Altitude_Derate_Ambient_Air_Press_Axis,[ATAAPRYA] Ambient air pressure axis values (4 values) for Altitude_Derate_Fueling_Table
ATAGEN,Altitude_Derate_Enable,[ATAGEN] Bit 5 of 0-15. Calibration trim used to enable the altitude derate algorithm
ATAP,Altitude_Derate_Alpha,[ATAP] Value of alpha to be output if the Altitude derate is limiting fuel
ATAPMNTM,Altitude_Derate_Alpha_Timeout,[ATAPMNTM] Time alpha is latched to ADALF after Altitude Derate stops fuel limiting
ATAULOEN,Anti_Theft_Auto_Lock_Enable,[ATAULOEN] Bit 12 of 15. Enables the automatic locking functionality
ATENESTR,Altitude_Derate_RPM_Derate_Limit,[ATENESTR] Engine speed above which derating will occur when ambient air pressure fault is
ATESXA,Altitude_Derate_Engine_Speed_Axis,[ATESXA] Engine RPM axis values (21 values) for Altitude_Derate_Fueling_Table
ATFLIH,Anti_Theft_Fuel_Inhibit,[ATFLIH] Fuel shutoff for final fueling
ATFLLM,Altitude_Derate_Fueling,[ATFLLM] Fueling limit as determined though Altitude Derate table look-up
ATFLLMZA,Altitude_Derate_Fueling_Table,[ATFLLMZA] Table of fuel limit values used by Altitude Derate (21x4 values)
ATGRP00,Group_Anti_Theft,[ATGRP00] Anti-Theft Parameters
ATGRP07,Group_Anti_Theft_7,[ATGRP07] Anti-Theft Interlock Parameters
ATRNGNEN,AT_Random_Number_Generator_Enable,[ATRNGNEN] enable for generation of random numbers (for VAT)
ATWGPR,Altitude_Derate_WG_Pressure,[ATWGPR] Turbo overspeed protection derate identical ambient pressure
AUTO_ADJ,Automotive_Adjustable_Parameters,[AUTO_ADJ] Adjustable parameters of the automotive interface items
AUX_DRVR,Group_AUX_DRVR,[AUX_DRVR] AUX. DRIVER OUTPUT GROUP
BSSNPZ,Absolute_Boost_Pressure_Sensor_Present,[BSSNPZ] indicates that Boost Press Sensor is Absolute Pressure Sensor
CAM_SYNC,Group_CAM_SYNC,[CAM_SYNC] CAM SYNCHRONIZATION GROUP
CC_AR,Group_CC_AR,[CC_AR] CRUISE CONTROL / AUTO RESUME
CC_EB1,Group_CC_EB_1,[CC_EB1] Cruise Control / Engine Brake
CC_EB2,Group_CC_EB_2,[CC_EB2] Cruise Control / Engine Brake
CC_RSG02,Group_CC_RSG_2,[CC_RSG02] CRUISE CONTROL / ROAD SPEED GOVERNOR
CC_RSG04,Group_CC_RSG_4,[CC_RSG04] CRUISE CONTROL / ROAD SPEED GOVERNOR
CC_RSG05,Group_CC_RSG_5,[CC_RSG05] CRUISE CONTROL / ROAD SPEED GOVERNOR
CK4DTA,Crank_4D_Timing,[CK4DTA] 4D TIMING OUTPUT BY CRANK
CKAJIIES,Crank_Adjusted_Initial_RPM,[CKAJIIES] CRANK ADJUSTED INITIAL RPM
CKAJIIFL,Crank_Adjusted_Initial_Fuel,[CKAJIIFL] CRANK ADJUSTED INITIAL FUEL
CKCDIMES,Crank_Lo_Manifold_Temp_RPM,[CKCDIMES] CRANK LOW INTAKE MANIFOLD TEMPERATURE RPM
CKCDIMTA,Crank_Lo_Manifold_Temp_Timing,[CKCDIMTA] CRANK LOW INTAKE MANIFOLD TEMPERATURE TVC
CKCDIMTP,Crank_Lo_Manifold_Temp,[CKCDIMTP] CRANK LOW INTAKE MANIFOLD TEMPERATURE
CKCNEXES,Crank_Exit_RPM,[CKCNEXES] Engine speed at which the algorithm stops commanding fuel
CKCNEXTM,Crank_Exit_Time,[CKCNEXTM] CRANK EXIT TIME
CKCNJSTM,Crank_Jumpstart_Time,[CKCNJSTM] CRANK JUMPSTART TIME
CKEXES,Crank_Exit_Speed,[CKEXES] Exit RPM for crank routine
CKEXESOF,Crank_Exited_Initial_RPM_Offset,[CKEXESOF] CRANK EXITED INITIAL RPM OFFSET
CKEXESSW,Crank_Exit_Speed_Switch,[CKEXESSW] CRANK EXIT SPEED SWITCH 1 = Use Calibration/0=Use LSG Rference
CKEXFLAJ,Crank_Exit_Fuel_Adjustment,[CKEXFLAJ] CRANK EXIT FUEL ADJUSTMENT
CKEXFLOF,Crank_Exited_Initial_Fueling_Offset,[CKEXFLOF] CRANK EXITED INITIAL FUELING OFFSET
CKEXFLRT,Crank_Exit_Fuel_Ramp_Rate,[CKEXFLRT] CRANK EXIT FUEL RAMP RATE
CKEXTA,Crank_Exit_Advance,[CKEXTA] CRANK EXIT ADVANCE
CKEXTM,Crank_Exit_Timer,[CKEXTM] CRANK EXIT TIMER
CKFL,Crank_Fuel,[CKFL] FINAL FUEL OUTPUTED BY CRANK
CKFLOFMX,Crank_Exit_Fuel_Ramp_Max,[CKFLOFMX] CRANK EXIT FUEL RAMP RATE MAXIMUM
CKFLRMES,Crank_Exit_Fuel_Ramp_RPM,[CKFLRMES] CRANK EXIT FUEL RAMP RPM
CKHTIMES,Crank_Hi_Manifold_Temp_RPM,[CKHTIMES] CRANK HIGH INTAKE MANIFOLD TEMPERATURE RPM
CKHTIMTA,Crank_Hi_Manifold_Temp_Timing,[CKHTIMTA] CRANK HIGH INTAKE MANIFOLD TEMPERATURE TIMING
CKHTIMTP,Crank_Hi_Manifold_Temp,[CKHTIMTP] CRANK HIGH INTAKE MANIFOLD TEMPERATURE
CKIIFL,Crank_Initial_Fuel,[CKIIFL] CRANK INITIAL FUEL
CKIIFLES,Crank_Initial_Fuel_Break_Speed,[CKIIFLES] CRANK INITIAL FUEL BREAK SPEED
CKIIREES,Crank_Initial_Reentry_Speed,[CKIIREES] CRANK INITIAL REENTRY SPEED
CKIITA,Crank_Initial_Advance,[CKIITA] CRANK INITIAL ADVANCE
CKIITAES,Crank_Initial_Advance_Break_Speed,[CKIITAES] CRANK INITIAL ADVACE BREAK SPEED
CKINFRAJ,Crank_Initial_Fuel_Adjustment,[CKINFRAJ] Fueling val. to be added to Crank Initial Fuel val.
CKINRPAJ,Crank_Initial_RPM_Adjustment,[CKINRPAJ] Eng. spd. val. to be added to Crk init fuel brk spd.
CKJSESRT,Crank_Jumpstart_RPM_Ramp_Rate,[CKJSESRT] CRANK JUMPSTART RPM RAMP RATE
CKJSFLRT,Crank_Jumpstart_Fueling_Ramp_Rate,[CKJSFLRT] CRANK JUMPSTART TVO RAMP RATE
CKJSTM,Crank_Jumpstart_Timer,[CKJSTM] timer used to dictate a jumpstart condition
CKREES,Crank_Reentry_Speed,[CKREES] re-entry RPM for crank routine
CKREESOF,Crank_Exited_Reentry_Speed_Offset,[CKREESOF] CRANK REENTRY SPEED OFFSET
CKSPRP,Engine_Stopped_Speed,[CKSPRP] Engine speed for transition into/out of Crank(Reentr) state
CKTA,Crank_Advance,[CKTA] Final timing advance under cranking conditions
CKWSTA,Crank_Wet_Stack_Timing,[CKWSTA] WET STACK TIMING OUTPUTED BY CRANK
CLFLAJ,Coolant_Fuel_Adjustment,[CLFLAJ] Friction fuel adjustment due to coolant temperature
CMECBUTR,ECM_Run_Time_Backup,[CMECBUTR] Non-volatile copy of ECM_Run_Time
CMEGBUTR,Engine_Run_Time_Backup,[CMEGBUTR] Non-volatile copy of Engine_Run_Time
CMEGTR,Engine_Run_Time,[CMEGTR] Time that the engine is not in stop state
CMSYSS,Cam_Sync_State,"[CMSYSS] Cam_Sync_State: 0=No Sync,1=Have Sync,2=Lost Sync on Cam,3=Start Sync."
CODE,Group_CODE,[CODE] CODE SEGMENTS
CRAGEN,Cruise_Control_Enable,[CRAGEN] Bit 6 of 0-15. status indicator which enables/disables cruise control
CRANKING,Group_CRANKING,[CRANKING] ENGINE STARTUP FUNCTION INFORMATION
CRBDWDMX,Tool_Cruise_Bottom_Droop_Width_Upper_Lim,[CRBDWDMX] MAXMIMUM WIDTH OF THE BOTTOM DROOP IN CRUISE.
CRDPEN,Cruise_RSG_Droop_Enable,[CRDPEN] Bit 10 of 0-15. BIT 10 IS CRUISE_RSG_DROOP_ENABLE
CREBEN,Cruise_Brake_Enable,[CREBEN] BIT 5 OF 0-15. CRUISE BRAKE CONTROL ENABLE/DISABLE PARAMETER
CRMFOGEA,Cruise_Use_Min_Fuel_Ramp_OOG_Enable,"[CRMFOGEA] If enabled, uses cc/rsg min fuel transtion ramp during OOG"
CRMNRUVS,Cruise_Min_Road_Speed,[CRMNRUVS] MINIMUM VEHICLE SPEED AT WHICH CRUISE CONTROL MAY REACTIVATE ON RESUME
CRMXHILM,Tool_Cruise_Max_Road_Speed_Upper_Limit,[CRMXHILM] Maximum range value for Cruise_Max_Road_Speed
CRMXLOLM,Tool_Cruise_Max_Road_Speed_Lower_Limit,[CRMXLOLM] Minimum range value for Cruise_Max_Road_Speed
CRMXRZ,Cruise_Max_Road_Speed,"[CRMXRZ] MAX ALLOWABLE CC REFERENCE SPEED ALLOWED, after DR adjustment"
CRMXRZTN,Cruise_Max_Road_Speed_Trim,[CRMXRZTN] MAXIMUM ALLOWABLE CRUISE CONTROL REFERENCE SPEED ALLOWED
CRRF,Cruise_Control_Reference_Speed,[CRRF] Cruise Control reference speed input
CRSEACSW,Set_Accel_Switch_Select,[CRSEACSW] TRUE = SET/ACCEL and RESUME/COAST FALSE = SET/COAST and RESUME/ACCEL
CRSS,Cruise_Control_Status,[CRSS] Status of the Cruise Control as dictated by the switches
CRSVPWEN,Cruise_Save_Set_Speed_On_Poweroff_Enable,"[CRSVPWEN] Bit 15 of 0-15, Enables/Disables Saving Cruise Set Speed"
CRSYSS,Crank_Sync_State,"[CRSYSS] Crank_Sync_State: 0=No Sync,1=Have Sync,2=Lost Sync on Crank,3=Start Sync."
CRTDWDMX,Tool_Cruise_Top_Droop_Width_Upper_Lim,[CRTDWDMX] MAXMIMUM WIDTH OF THE TOP DROOP IN CRUISE.
CRTQOT,Current_Torque_Output,[CRTQOT] Current torque output of the engine.
CRUSDSSW,Cruise_Use_Discrete_Switch_Inputs,[CRUSDSSW] Indicates discrete(T) or Ford multiplexed(F) cruise switches used.
CRVSRFLL,Tool_Max_Road_Speed_Low_Lim,[CRVSRFLL] Lowest valid RSMXRZTM enterable by the tool
CRVSRFUL,Tool_Max_Road_Speed_Upp_Lim,[CRVSRFUL] Highest valid RSMXRZTM enterable by the tool
CSCKERCU,Crank_Sync_Error_Count,[CSCKERCU] Incremented 6/cam when crank not synched
CSCKFXCU,Crank_Sync_Fail_Count,[CSCKFXCU] Threshold at which crank sensor no longer used
CSCKMXCU,Crank_Sync_Max_Count,[CSCKMXCU] limit on crank sync error count
CSCMMXCU,Cam_Sync_Max_Count,[CSCMMXCU] limit on cam sync error count
CSERCU,Cam_Sync_Error_Count,[CSERCU] TOTAL NUMBER OF SYNC LOSSES
CTALSLST,Alternate_Throttle_Selection_State,[CTALSLST] State of selected alternate throttle priority
CTALTH,Alternate_Throttle,[CTALTH] Percent throttle overriden by other algorithm
CTCB,Confidence_Band,[CTCB] confidence range to allow for noise in Throttle_Min logic
CTCBCU,Current_Confidence_Counter,[CTCBCU] CURRENT TIME OF COUNTER THAT MUST TIME OUT BEFORE A NEW THROTTLE_MIN IS SET
CTDGRZTD,Throttle_Diagnostic_MPH_Threshold,[CTDGRZTD] MPH above which Throttle faults can be logged for uncalibrated pedal
CTEVTETH,Calculated_Commanded_Throttle,[CTEVTETH] Intermediate calculated value of commanded throttle based on standard input
CTHISATH,Highest_Throttle_Min,[CTHISATH] Maximum Throttle_Min that any valid pedal can have
CTIDFTDY,Throttle_Fault_Delay_At_Idle,[CTIDFTDY] time fault conditions must exist before logging a throttle fault at idle
CTIVSWSS,Industrial_Idle_Switch_Save_State,[CTIVSWSS] IVS switch status when Throttle_Validation_Process_Error became active
CTMNSATH,Throttle_Min,[CTMNSATH] minimum Sampled_Throttle detected
CTMXCBCU,Maximum_Confidence_Count,[CTMXCBCU] Time to delay before setting a new Throttle_Min
CTRMTHEN,Remote_Throttle_Enable,[CTRMTHEN] Remote Throttle Enable Bit 12 of 0-15
CTRTTZEN,Remote_Throttle_Transition_Verification_Enable,"[CTRTTZEN] Enables remthrot/throt perc calc before trans., Bit 13/15 Word C"
CTTEZR,Test_Cell_Auto_Zero,[CTTEZR] Auto_Zero value when in test cell
CTTHDE,Throttle_Deadband,[CTTHDE] above the sum of this and Throttle_Min switches must indicate off idle
CTTHFTDY,Throttle_Fault_Delay,[CTTHFTDY] time fault conditions must exist before logging a throttle fault
CTTHHY,Throttle_Hysteresis,[CTTHHY] below the sum of this and Throttle_Min switches must indicate IDLE
CTTHID,Throttle_ID,[CTTHID] identifies different combinations of the throttle pot and switches
CTTHRN,Throttle_Range,[CTTHRN] sum of this and Auto_Zero = 100% Commanded_Throttle
CTTHSL,Throttle_Selection,"[CTTHSL] Alternate throttle priority #, 0=normal, 9=highpr"
CTTHSS,Throttle_Status,[CTTHSS] Status of the idle validation switch IDLE = 0; NOT_IDLE = 1
CTTHSWOD,Test_Cell_Throttle_Switch_Override_Enable,[CTTHSWOD] BIT 2 OF 0-15. (WORD 1:B2) TEST CELL USE - ENABLE OVERRIDES UNDEFINED SWITCH F
CTTHTZRN,Throttle_Transition_Range,[CTTHTZRN] Sum of this and Throttle_Min defines % where pot is considered ABOVE_IDLE
CTTZST,Transition_State,[CTTZST] state of potentiometer and idle validation switch readings
CTZR,Auto_Zero,[CTZR] dynamic point in %Sampled_Throttle that = 0% Commanded_Throttle
CTZROF,Auto_Zero_Offset,[CTZROF] Sum of Throttle_Min and this offset = Auto_Zero
CYLPRS05,Group_CYLPRS_5,[CYLPRS05] CYLINDER PRESSURE MAINTENANCE
CZMVDR,CORS_Makeup_Valve_Driver,[CZMVDR] Desired state of the CORS_Makeup_Valve_Driver output driver.
DAAUCTMX,Aux_Driver_Error_Count,[DAAUCTMX] NUMBER OF AUX. DRIVER ERRORS THAT MUST BE SEEN BEFORE THE DRIVER IS TOGGLED
DATACOLL,Group_DATACOLL,[DATACOLL] DATA COLLECTOR DATA
DATACOM5,Group_DATACOM5,"[DATACOM5] SERIAL DATALINK INFORMATION - DATA, PERFORMANCE CONTROL"
DATACOM6,Group_DATACOM6,"[DATACOM6] SERIAL DATALINK INFORMATION - DATA, SYSTEM CONTROL"
DATACOM7,Group_DATACOM7,"[DATACOM7] SERIAL DATALINK INFORMATION - DATA, INSTALLATION TRIM"
DATACOM8,Group_DATACOM8,"[DATACOM8] SERIAL DATALINK INFORMATION - DATA, APPLICATION CONTROL"
DCLGMPTL,DC_Mon_Long_Map_Total,[DCLGMPTL] Duty Cycle Monitor Long Term Map Total Time
DCMN,Group_DC_Mon,[DCMN] DUTY CYCLE MONITOR
DCMNEN,DC_Mon_Enable,[DCMNEN] Duty Cycle Monitor Enable Bit 3 of 0-15
DCMNESTB,DC_Mon_RPM_Axis,[DCMNESTB] Duty Cycle Monitor X-Axis RPM Values for Mapping
DCMNHIES,DC_Mon_High_Cutoff_RPM,[DCMNHIES] Duty Cycle Mon High RPM Limit for Load Fact. Calc
DCMNLDFA,DC_Mon_Load_Factor,[DCMNLDFA] Duty Cycle Monitor Calculated Load Factor
DCMNLDTB,DC_Mon_Load_Axis,[DCMNLDTB] Duty Cycle Mon Y-Axis %Load Values for Mapping
DCMNLGMP,DC_Mon_Long_Term_Map,[DCMNLGMP] Duty Cycle Monitor Long Term Map Table
DCMNLGTI,DC_Mon_Long_Engine_Time,[DCMNLGTI] Duty Cycle Mon Approximate Long Term Map Start
DCMNLOES,DC_Mon_Low_Cutoff_RPM,[DCMNLOES] Duty Cycle Mon Low RPM Limit for Load Fact. Calc
DCMNOPRN,DC_Mon_Operating_Region,[DCMNOPRN] Duty Cycle Monitor Current Operating Map Region
DG00CUDN,Fault_Countdown_Count_Down_Rate_Mode_0,[DG00CUDN] Current definition is: No countdown shall occur for a mode 0 fault.
DG00ELTM,Fault_Countdown_Elapsed_Time_Mode_0,[DG00ELTM] Current definition is: No countdown shall occur for a mode 0 fault.
DG0111FU,Fault_Data_111,[DG0111FU] Generic Cummins Fault Table Calibration 1st WORD = FC
DG0111JC,Fault_Data_J1939_111,"[DG0111JC] ECM Internal Failure, Mission Disabling, Hardware. SPN 629. Red."
DG0115FU,Fault_Data_115,[DG0115FU] Generic Cummins Fault Table Calibration 1st WORD = FC
DG0115JC,Fault_Data_J1939_115,[DG0115JC] BOTH ENGINE SPEED AND OR POSITION SIGNALS LOST. SPN 190. RED
DG0121FU,Fault_Data_121,[DG0121FU] Generic Cummins Fault Table Calibration 1st WORD = FC
DG0121JC,Fault_Data_J1939_121,[DG0121JC] ONE ENGINE SPEED AND OR POSIION SIGNAL LOST. INTERMITTENT. SPN 190. YELLOW.
DG0122FU,Fault_Data_122,[DG0122FU] Generic Cummins Fault Table Calibration 1st WORD = FC
DG0122JC,Fault_Data_J1939_122,"[DG0122JC] BOOST PRESS, LEFT BANK SHORTED HIGH. SPN 102. YELLOW."
DG0123FU,Fault_Data_123,[DG0123FU] Generic Cummins Fault Table Calibration 1st WORD = FC
DG0123JC,Fault_Data_J1939_123,"[DG0123JC] BOOST PRESS, LEFT BANK SHORTED LOW. SPN 102. YELLOW"
DG0125FU,Fault_Data_125,[DG0125FU] Generic Cummins Fault Table Calibration 1st WORD = FC
DG0125JC,Fault_Data_J1939_125,"[DG0125JC] BOOST PRESS, LEFT BANK DATA BELOW NORMAL RANG. SPN 102. YELLOW"
DG0131FU,Fault_Data_131,[DG0131FU] Generic Cummins Fault Table Calibration 1st WORD = FC
DG0131JC,Fault_Data_J1939_131,[DG0131JC] ACCELERATOR PEDAL POSITIONS SHORTED HIGH. SPN 91. Red.
DG0132FU,Fault_Data_132,[DG0132FU] Generic Cummins Fault Table Calibration 1st WORD = FC
DG0132JC,Fault_Data_J1939_132,[DG0132JC] ACCELERATOR PEDAL POSITIONS SHORTED LOW. SPN 91. Red.
DG0133FU,Fault_Data_133,[DG0133FU] Generic Cummins Fault Table Calibration 1st WORD = FC
DG0133JC,Fault_Data_J1939_133,[DG0133JC] REMOTE THROTTLE SHORTED HIGH. SPN 91. RED.
DG0134FU,Fault_Data_134,[DG0134FU] Generic Cummins Fault Table Calibration 1st WORD = FC
DG0134JC,Fault_Data_J1939_134,[DG0134JC] REMOTE THROTTLE SHORTED LOW. SPN 91. RED.
DG0135FU,Fault_Data_135,[DG0135FU] Generic Cummins Fault Table Calibration 1st WORD = FC
DG0135JC,Fault_Data_J1939_135,[DG0135JC] OIL PRESSURE SHORTED HIGH. SPN 100. Yellow.
DG0141FU,Fault_Data_141,[DG0141FU] Generic Cummins Fault Table Calibration 1st WORD = FC
DG0141JC,Fault_Data_J1939_141,[DG0141JC] OIL PRESSURE SHORTED LOW. SPN 100. Yellow.
DG0143FU,Fault_Data_143,[DG0143FU] Generic Cummins Fault Table Calibration 1st WORD = FC
DG0143JC,Fault_Data_J1939_143,[DG0143JC] OIL PRESSURE DATA BELOW NORMAL RANGE. SPN 100. ENGINE PROTECTION.
DG0144FU,Fault_Data_144,[DG0144FU] Generic Cummins Fault Table Calibration 1st WORD = FC
DG0144JC,Fault_Data_J1939_144,[DG0144JC] ENGINE COOLANT TEMPERATURE SHORTED HIGH. SPN 110. YELLOW.
DG0145FU,Fault_Data_145,[DG0145FU] Generic Cummins Fault Table Calibration 1st WORD = FC
DG0145JC,Fault_Data_J1939_145,[DG0145JC] ENGINE COOLANT TEMPERATURE SHORTED LOW. SPN 110. YELLOW.
DG0147FU,Fault_Data_147,[DG0147FU] Generic Cummins Fault Table Calibration 1st WORD = FC
DG0147JC,Fault_Data_J1939_147,[DG0147JC] Frequency Throttle Signal Low OOR. SPN 091. RED
DG0148FU,Fault_Data_148,[DG0148FU] Generic Cummins Fault Table Calibration 1st WORD = FC
DG0148JC,Fault_Data_J1939_148,[DG0148JC] Frequency Throttle Signal High OOR. SPN 091. RED
DG0151FU,Fault_Data_151,[DG0151FU] Generic Cummins Fault Table Calibration 1st WORD = FC
DG0151JC,Fault_Data_J1939_151,[DG0151JC] ENGINE COOLANT TEMPERATURE DATA ABOVE NORMAL RANGE. SPN 110. ENGINE PROTECTION.
DG0152FU,Fault_Data_152,[DG0152FU] Generic Cummins Fault Table Calibration 1st WORD = FC
DG0152JC,Fault_Data_J1939_152,[DG0152JC] ENGINE COOLANT TEMPERATURE DATA BELOW NORMAL RANGE. SPN 110. ENGINE PROTECTION.
DG0153FU,Fault_Data_153,[DG0153FU] Generic Cummins Fault Table Calibration 1st WORD = FC
DG0153JC,Fault_Data_J1939_153,"[DG0153JC] INTAKE MANIFOLD TEMP, LBF SHORTED HIGH. SPN 105. YELLOW."
DG0154FU,Fault_Data_154,[DG0154FU] Generic Cummins Fault Table Calibration 1st WORD = FC
DG0154JC,Fault_Data_J1939_154,"[DG0154JC] INTAKE MANIFOLD TEMP, LBF SHORTED LOW. SPN 105. YELLOW."
DG0155FU,Fault_Data_155,[DG0155FU] Generic Cummins Fault Table Calibration 1st WORD = FC
DG0155JC,Fault_Data_J1939_155,"[DG0155JC] INTAKE MANIFOLD TEMP, LBF DATA ABOVE NORMAL RANGE. SPN 105. ENGINE PROTECTION."
DG0184JC,Fault_Data_J1939_184,[DG0184JC] Module ID Input State Error for Master/Slave. SPN 609. RED.
DG0185JC,Fault_Data_J1939_185,[DG0185JC] Engine Controller Communication Lost Error for Master/Slave. SPN 639. YELLOW.
DG01CUDN,Fault_Countdown_Count_Down_Rate_Mode_1,"[DG01CUDN] Time that must elapse before the fault count is decremented, once countdown has"
DG01ELTM,Fault_Countdown_Elapsed_Time_Mode_1,[DG01ELTM] Elapsed time before starting countdown for a mode 1 fault
DG0211JC,Fault_Data_J1939_211,[DG0211JC] no comment for Fault_Data_J1939_211
DG0212JC,Fault_Data_J1939_212,[DG0212JC] OIL TEMPERATURE SHORTED HIGH. SPN 175. YELLOW.
DG0213JC,Fault_Data_J1939_213,[DG0213JC] OIL TEMPERATURE SHORTED LOW. SPN 175. YELLOW.
DG0214JC,Fault_Data_J1939_214,[DG0214JC] OIL TEMPERATURE DATA ABOVE NORMAL RANGE . SPN 175. ENGINE PROTECTION.
DG0216JC,Fault_Data_J1939_216,[DG0216JC] no comment for Fault_Data_J1939_216
DG0217JC,Fault_Data_J1939_217,[DG0217JC] no comment for Fault_Data_J1939_217
DG0218JC,Fault_Data_J1939_218,[DG0218JC] no comment for Fault_Data_J1939_218
DG0221JC,Fault_Data_J1939_221,[DG0221JC] AMBIENT AIR PRESSURE SHORTED HIGH. SPN 108. Yellow.
DG0222JC,Fault_Data_J1939_222,[DG0222JC] AMBIENT AIR PRESSURE SHORTED LOW. SPN 108. Yellow.
DG0223JC,Fault_Data_J1939_223,[DG0223JC] CORS makeup valve solenoid shorted high
DG0224JC,Fault_Data_J1939_224,[DG0224JC] CORS makeup valve solenoid shorted high
DG0225JC,Fault_Data_J1939_225,[DG0225JC] CORS makeup valve solenoid shorted high
DG0226JC,Fault_Data_J1939_226,[DG0226JC] CORS makeup valve solenoid shorted high
DG0231JC,Fault_Data_J1939_231,[DG0231JC] ENGINE COOLANT PRESSURE SHORTED HIGH. SPN 109. YELLOW.
DG0232JC,Fault_Data_J1939_232,[DG0232JC] ENGINE COOLANT PRESSURE SHORTED LOW. SPN 109. YELLOW.
DG0234JC,Fault_Data_J1939_234,[DG0234JC] ENGINE SPEED DATA ABOVE NORMAL RANGE. SPN 190. Red.
DG0235JC,Fault_Data_J1939_235,[DG0235JC] ENGINE COOLANT LEVEL DATA BELOW NORMAL RANGE. SPN 111. ENGINE PROTECTION.
DG0241JC,Fault_Data_J1939_241,[DG0241JC] VEHICLE SPEED SIGNAL LOST. SPN 084. Yellow
DG0242JC,Fault_Data_J1939_242,[DG0242JC] VEHICLE SPEED SIGNAL INTERMITTENT TAMPERING. SPN 084. Yellow
DG0243JC,Fault_Data_J1939_243,[DG0243JC] ENGINE BRAKE CIRCUIT FAILURE. SPN 121. Yellow
DG0244JC,Fault_Data_J1939_244,[DG0244JC] no comment for Fault_Data_J1939_244
DG0246JC,Fault_Data_J1939_246,[DG0246JC] no comment for Fault_Data_J1939_246
DG0247JC,Fault_Data_J1939_247,[DG0247JC] no comment for Fault_Data_J1939_247
DG0248JC,Fault_Data_J1939_248,[DG0248JC] no comment for Fault_Data_J1939_248
DG0249JC,Fault_Data_J1939_249,[DG0249JC] Ambient Air Temperature High. S171.
DG0254JC,Fault_Data_J1939_254,[DG0254JC] FUEL SHUTOFF VALVE SHORTED LOW. SPN 632. RED.
DG0256JC,Fault_Data_J1939_256,[DG0256JC] Ambient Air Temperature Low. S171.
DG0263JC,Fault_Data_J1939_263,[DG0263JC] FUEL TEMP SENSOR - COMPONENT SHORTED HIGH. SPN 174. YELLOW.
DG0265JC,Fault_Data_J1939_265,[DG0265JC] Fuel Temperature - Component Shorted Low. SPN 174. Yellow.
DG0269JC,Fault_Data_J1939_269,[DG0269JC] ANTI_THEFT START ATTEMPT WHILE LOCKED. SPN 1195.
DG0285JC,Fault_Data_J1939_285,[DG0285JC] J1939 Mux PGN Timeout Error
DG0286JC,Fault_Data_J1939_286,[DG0286JC] J1939 Mux Configuration Error
DG0287JC,Fault_Data_J1939_287,[DG0287JC] J1939 Mux APS System Error
DG0288JC,Fault_Data_J1939_288,[DG0288JC] J1939 Mux Remote Throttle Data Error
DG02CUDN,Fault_Countdown_Count_Down_Rate_Mode_2,"[DG02CUDN] Time that must elapse before the fault count is decremented, once countdown has"
DG02ELTM,Fault_Countdown_Elapsed_Time_Mode_2,[DG02ELTM] Elapsed time before starting countdown for a mode 2 fault
DG0312JC,Fault_Data_J1939_312,[DG0312JC] CYL 5 CIRCUIT - CURRENT ABOVE NORMAL. SPN 738. Yellow.
DG0315JC,Fault_Data_J1939_315,[DG0315JC] CYL 2 CIRCUIT - CURRENT ABOVE NORMAL. SPN 735. Yellow.
DG0319JC,Fault_Data_J1939_319,[DG0319JC] no comment for Fault_Data_J1939_319
DG0331JC,Fault_Data_J1939_331,[DG0331JC] CYL 2 CIRCUIT - LOW CURRENT OR OPEN CIRCUIT. SPN 735. Yellow.
DG0332JC,Fault_Data_J1939_332,[DG0332JC] CYL 4 CIRCUIT - LOW CURRENT OR OPEN CIRCUIT. SPN 737. Yellow.
DG0333JC,Fault_Data_J1939_333,[DG0333JC] NO VOLTAGE ON ONE OR MORE OF INJECTOR SUPPLY. SPN 629. Yellow.
DG0334JC,Fault_Data_J1939_334,[DG0334JC] ENGINE COOLANT TEMPERATURE IN RANGE FAILURE. SPN 110. Yellow.
DG0341JC,Fault_Data_J1939_341,[DG0341JC] no comment for Fault_Data_J1939_341
DG0343JC,Fault_Data_J1939_343,"[DG0343JC] ECM HARDWARE FAILURE, WARNING NON MISSION DISABLING. SPN 629. YELLOW."
DG0345JC,Fault_Data_J1939_345,[DG0345JC] FUEL FILTER RESTRICTION SWITCH INVALID. SPN 095. YELLOW.
DG0346JC,Fault_Data_J1939_346,[DG0346JC] ECM SOFTWARE - READ/WRITE CHECKSUM NONMISSION DISABLING. SPN 630. YELLOW.
DG0351JC,Fault_Data_J1939_351,[DG0351JC] INJECTOR POWER SUPPLY BAD DEVICE.. SPN 629. YELLOW.
DG0352JC,Fault_Data_J1939_352,[DG0352JC] SENSOR SUPPLY VOLTAGE BELOW NORMAL. SPN 620. YELLOW.
DG03CUDN,Fault_Countdown_Count_Down_Rate_Mode_3,"[DG03CUDN] Time that must elapse before the fault count is decremented, once countdown has"
DG03ELTM,Fault_Countdown_Elapsed_Time_Mode_3,[DG03ELTM] Elapsed time before starting countdown for a mode 3 fault
DG0411JC,Fault_Data_J1939_411,[DG0411JC] no comment for Fault_Data_J1939_411
DG0412JC,Fault_Data_J1939_412,[DG0412JC] J1587 DATA LINK CANNOT TRANSMIT. SPN 608. YELLOW.
DG0413JC,Fault_Data_J1939_413,[DG0413JC] no comment for Fault_Data_J1939_413
DG0414JC,Fault_Data_J1939_414,[DG0414JC] J1587 DATA LINK NOT FAST ENOUGH. SPN 608. YELLOW.
DG0415JC,Fault_Data_J1939_415,[DG0415JC] Very Low Oil Pressure Fault. SPN 100. Engine Protection.
DG0421JC,Fault_Data_J1939_421,[DG0421JC] OIL TEMPERATURE ABOVE NORMAL ENGINE RANG. SPN 175. YELLOW.
DG0422JC,Fault_Data_J1939_422,[DG0422JC] ENGINE COOLANT LEVEL SIGNAL DATA INVALID. SPN 111. YELLOW.
DG0425JC,Fault_Data_J1939_425,[DG0425JC] OIL TEMPERATURE IN RANGE FAILURE. SPN 175. YELLOW.
DG0426JC,Fault_Data_J1939_426,[DG0426JC] DATALINK (J1939) CANNOT TRANSMIT. SPN 639. YELLOW.
DG0427JC,Fault_Data_J1939_427,[DG0427JC] DATALINK (J1939) NOT FAST ENOUGH. SPN 639. YELLOW.
DG0431JC,Fault_Data_J1939_431,[DG0431JC] ACCELERATOR PEDAL IDLE VALIDATION INVALID. SPN 91. YELLOW.
DG0432JC,Fault_Data_J1939_432,[DG0432JC] ACCELERATOR PEDAL IDLE VALIDATION - SWITCH DOES NOT AGREE WITH POT. SPN 91. Red
DG0433JC,Fault_Data_J1939_433,"[DG0433JC] BOOST PRESS, LEFT BANK FRONT IN RANGE FAILURE. SPN 102. YELLOW."
DG0434JC,Fault_Data_J1939_434,[DG0434JC] Power Off Without Ignition Off. SPN 627. YELLOW.
DG0435JC,Fault_Data_J1939_435,[DG0435JC] OIL PRESSURE IN RANGE FAILURE. SPN 100. YELLOW.
DG0441JC,Fault_Data_J1939_441,[DG0441JC] BATTERY VOLTAGE DATA BELOW NORMAL RANGE. SPN 168. YELLOW.
DG0442JC,Fault_Data_J1939_442,[DG0442JC] BATTERY VOLTAGE DATA ABOVE NORMAL ENGINE RANGE. SPN 168. YELLOW.
DG0443JC,Fault_Data_J1939_443,[DG0443JC] ACCELERATOR PEDAL SENSOR SUPPLY VOLTAGE DATA BELOW NORMAL. SPN 629. YELLOW.
DG0444JC,Fault_Data_J1939_444,[DG0444JC] OEM SENSOR SUPPLLY VOLTAGE DATA BELOW NORMAL RANGE. SPN 629. YELLOW.
DG0445JC,Fault_Data_J1939_445,[DG0445JC] OEM SWITCH SUPPLY SHORTED HIGH. SPN 629. YELLOW.
DG0451JC,Fault_Data_J1939_451,[DG0451JC] Fuel pressure component shorted high. SPN 157. RED.
DG0452JC,Fault_Data_J1939_452,[DG0452JC] Fuel pressure component shorted low. SPN 157. RED.
DG0453JC,Fault_Data_J1939_453,[DG0453JC] GAS MASS SENSOR SHORTED HIGH. SPN 183. YELLOW.
DG0454JC,Fault_Data_J1939_454,[DG0454JC] GAS MASS SENSOR SHORTED LOW. SPN 183. YELLOW.
DG0455JC,Fault_Data_J1939_455,[DG0455JC] Fuel control valve -- component shorted high or open. SPN 633. RED.
DG0511JC,Fault_Data_J1939_511,[DG0511JC] Fuel control valve component shorted low. SPN 633.
DG0512JC,Fault_Data_J1939_512,[DG0512JC] THROTTLE PLATE POSITION SENSOR SHORTED HIGH. SPN 051. YELLOW.
DG0513JC,Fault_Data_J1939_513,[DG0513JC] THROTTLE PLATE POSITION SENSOR SHORTED LOW. SPN 051. YELLOW.
DG0514JC,Fault_Data_J1939_514,[DG0514JC] Fuel control valve mechanically stuck open. SPN 633. RED.
DG0515JC,Fault_Data_J1939_515,[DG0515JC] no comment for Fault_Data_J1939_515
DG0521JC,Fault_Data_J1939_521,[DG0521JC] AUX (TRANSMISSION) TEMPERATURE SHORTED HIGH. SPN 177. YELLOW.
DG0522JC,Fault_Data_J1939_522,[DG0522JC] AUX (TRANSMISSION) TEMPERATURE SHORTED LOW. SPN 177. YELLOW.
DG0523JC,Fault_Data_J1939_523,[DG0523JC] OEM - INTERMEDIATE (PTO) SPEED SWITCH VALIDATION FAULT. SPN 089. YELLOW.
DG0524JC,Fault_Data_J1939_524,[DG0524JC] OEM - Alternate droop switch validation fault. SPN 113. YELLOW.
DG0525JC,Fault_Data_J1939_525,[DG0525JC] no comment for Fault_Data_J1939_525
DG0528JC,Fault_Data_J1939_528,[DG0528JC] OEM Torque Curve Switch Validation Fault. SPN 93. Yellow.
DG0531JC,Fault_Data_J1939_531,[DG0531JC] no comment for Fault_Data_J1939_531
DG0532JC,Fault_Data_J1939_532,[DG0532JC] no comment for Fault_Data_J1939_532
DG0533JC,Fault_Data_J1939_533,[DG0533JC] no comment for Fault_Data_J1939_533
DG0534JC,Fault_Data_J1939_534,[DG0534JC] no comment for Fault_Data_J1939_534
DG0535JC,Fault_Data_J1939_535,[DG0535JC] no comment for Fault_Data_J1939_535
DG0541JC,Fault_Data_J1939_541,[DG0541JC] no comment for Fault_Data_J1939_541
DG0542JC,Fault_Data_J1939_542,[DG0542JC] no comment for Fault_Data_J1939_542
DG0543JC,Fault_Data_J1939_543,[DG0543JC] no comment for Fault_Data_J1939_543
DG0544JC,Fault_Data_J1939_544,[DG0544JC] no comment for Fault_Data_J1939_544
DG0545JC,Fault_Data_J1939_545,[DG0545JC] WASTEGATE CONTROL VALVE MECH. STUCK OPEN. SPN 646. RED.
DG0551JC,Fault_Data_J1939_551,[DG0551JC] ACCELERATOR PEDAL IDLE VALIDATION BOTH SHORTED LOW. SPN 91 RED.
DG0553JC,Fault_Data_J1939_553,[DG0553JC] Engine fueling pressure exceeded - data above normal range. SPN 157. RED
DG0554JC,Fault_Data_J1939_554,[DG0554JC] Fuel rail pressure in range error. SPN 157. YELLOW.
DG0555JC,Fault_Data_J1939_555,[DG0555JC] ENGINE BLOWBY DATA ABOVE NORMAL ENGINE RANGE. SPN 101. ENGINE PROTECTION.
DG0753JC,Fault_Data_J1939_753,[DG0753JC] CAM SHAFT GEAR OUT OF SYNCH. SPN 190. YELLOW.
DG0912JC,Fault_Data_J1939_912,[DG0912JC] no comment for Fault_Data_J1939_912
DG0950JC,Fault_Data_J1939_950,"[DG0950JC] Sensor High Error or Sensor Low Error for Channel 2,3,7-9,14-24."
DG0984JC,Fault_Data_J1939_984,[DG0984JC] Battery voltage exceeds high threshold.
DG0985JC,Fault_Data_J1939_985,[DG0985JC] Battery voltage is less than low threshold.
DG0986JC,Fault_Data_J1939_986,[DG0986JC] Battery voltage is less than very low threshold (near ECM operating limit).
DGBSDCTR,BIR_Boost_Decay_Time_Threshold,[DGBSDCTR] Time required that low boost cond. exist before BIRH error check
DGBSHTTD,BIR_Boost_High_Time_Threshold,[DGBSHTTD] Time needed for out of range high boost for setting BIRH error
DGBSIREN,Boost_In_Range_Enable,[DGBSIREN] Enable flag for boost pressure in-range diagnostic algorithm
DGBSIRHE,Boost_In_Range_High_Error,[DGBSIRHE] Boost Sensor stuck high but passes normal diagnostics
DGDCMNTM,Drive_Cycle_Minimum_Run_Time,[DGDCMNTM] minimum engine run time needed to set drive cycle flag
DGDRCY,Drive_Cycle,[DGDRCY] Indicates whether a drive cycle has occurred
DGFUCATB,Fault_Code_Assignment_Table,[DGFUCATB] FAULT CODE ASSIGNMENT TABLE
DGFUIDEN,Log_Fault_Indicator,[DGFUIDEN] bit mapped parameter used to disable/enable the processing of a particular faul
DGFUOCDC,Fault_Occurred_This_Drive_Cycle,[DGFUOCDC] bit-mapped parameter indicating which faults have occurred this drive cycle
DGFUSIPI,OBD_Snapshot_Ptr_Table,[DGFUSIPI] Maintains a pointer to every OBD snapshot that is stored in the Snapshot_Table
DGFUSITB,Fault_Snapshot_Table,[DGFUSITB] SNAPSHOT_TABLE.H
DGJCFUCC,DL_to_Fault_Handler_Command,[DGJCFUCC] 00=NO_CLEAR_ACTION 01=CLEAR_INACTIVE 02=CLEAR_ACTIVE 03=CLEAR_ALL_FAULTS
DGJCOBTB,Fault_Table_J2012,[DGJCOBTB] Table refering to all the Fault_Code_J2012 parameters.
DGJCTB,Fault_Table_J1939,[DGJCTB] Table refering to all the Fault_Data_J1939_NNN parameters.
DGLSRSOF,BIR_LSG_Ref_Speed_Offset,[DGLSRSOF] Offset added to LSG Ref Spd resulting in RPM limit for BIRH test
DGLWTD,BIR_Low_Load_Threshold,[DGLWTD] Limit that load must be below for BIR high error check
DGMIFUIN,MIL_Fault_Indicator,[DGMIFUIN] Indicates whether MIL is to be turned on for a part. fault (64 bytes total)
DGNCMNST,NC_Monitor_Status,[DGNCMNST] a bit for up to 16 non-cont. monitors to set when mon. has run
DGNODC,Number_Of_Drive_Cycles,[DGNODC] Universal counter of drive cycles
DGNOOBSN,Number_Of_OBD_Snapshots,[DGNOOBSN] Number of Snapshots that are OBDII in Fault_Snapshot_Table
DGNOS2,Number_Of_Starts_2,[DGNOS2] Number of engine starts since 2nd most recent fault logged
DGNOS3,Number_Of_Starts_3,[DGNOS3] Number of engine starts since 3rd most recent fault logged
DGNOS4,Number_Of_Starts_4,[DGNOS4] Number of eng. starts since 4th most recent fault logged
DGNOS5,Number_Of_Starts_5,[DGNOS5] Number of eng. starts since 5th most recent fault logged
DGNOS6,Number_Of_Starts_6,[DGNOS6] Number of eng. starts since 6th most recent fault logged
DGNOS7,Number_Of_Starts_7,[DGNOS7] Number of eng. starts since 7th most recent fault logged
DGNOS8,Number_Of_Starts_8,[DGNOS8] Number of eng. starts since 8th most recent fault logged
DGNOSA,Number_Of_Starts,[DGNOSA] Number of eng. starts since 8th most recent fault logged
DGNOST,Number_Of_Starts_1,[DGNOST] Number of engine starts since most recent fault logged or since faults cleared
DGNOWC,Number_Of_Warm_Up_Cycles,[DGNOWC] Universal count of Warm up cycles
DGOBFUHN,OBD_Fault_Handler_Enable,[DGOBFUHN] Indicates whether OBDII Fault Handler is enabled
DGOBNCMT,NC_Fault_Codes,[DGOBNCMT] Table which indicates whether monitor has run for ass. non cont. flts
DGPDRDCD,Pending_Readiness_Code,[DGPDRDCD] Indicates Pending status for Readiness_Code.
DGPVMNST,Previous_NC_Monitor_Status,[DGPVMNST] flags indicating previous state of NC_Monitor_Status
DGRDCD,Readiness_Code,[DGRDCD] All non continuous monitors have run if value = 0000
DGROJCTB,Recent_J2012_Codes_Table,[DGROJCTB] Contains the J2012 codes for the eight most recent faults.
DGRPOSFG,ES_Calc_Overspeed_Error_Flag,[DGRPOSFG] Fault log recording flag for engine speed overspeed error
DGRPOSIN,ES_Calc_Overspeed_Error_Log_Index,[DGRPOSIN] Fault log index into engine speed overspeed error log
DGRPOSLF,ES_Calc_Overspeed_Error_Log,[DGRPOSLF] Fault log for engine speed overspeed conditions
DGSTBSTD,BIR_Stabilized_Boost_Threshold,[DGSTBSTD] Boost Threshold for BIR High Error
DGWUCYFL,Warm_Up_Cycle_Flag,[DGWUCYFL] Indicates whether warm up cycle has occurred
DGWUTM,Warm_Up_Temp,[DGWUTM] Coolant Temperature at which the engine is considered warmed-up
DGWUTMMX,Warm_Up_Temp_Max,[DGWUTMMX] Temperature engine must reach for warm up cycle
DIAGNOSE,Group_DIAGNOSE,[DIAGNOSE] DIAGNOSTIC TABLE DATA STRUCTURES
DIG_SIG,Group_DIG_SIG,[DIG_SIG] DIGITAL SIGNAL CONDITIONING DATA
DM13BDT0,DM13_Stop_Broadcast_Timer_0,[DM13BDT0] Time period since last DM13 from source #0 responded by ECM
DM13BDT1,DM13_Stop_Broadcast_Timer_1,[DM13BDT1] Time period since last DM13 from source #1 responded by ECM
DM13BDT2,DM13_Stop_Broadcast_Timer_2,[DM13BDT2] Time period since last DM13 from source #2 responded by ECM
DM13BRD,DM13_Broadcast_Flags,[DM13BRD] Broadcast enable flags requested by DM 13
DM13BRD0,DM13_Broadcast_Flags_0,[DM13BRD0] Broadcast enable flags requested by source #0
DM13BRD1,DM13_Broadcast_Flags_1,[DM13BRD1] Broadcast enable flags requested by source #1
DM13BRD2,DM13_Broadcast_Flags_2,[DM13BRD2] Broadcast enable flags requested by source #2
DM13EN,DM13_Enable,[DM13EN] Algorithm enable flag for DM13
DM13FLTF,DM13_Fault_Log_Inhibit_Flag,[DM13FLTF] Flag used to inhibit logging fault when DM 13 is active in the network
DM13HLDT,DM13_Hold_Timer,[DM13HLDT] Time period since the last DM13 has been received
DM13TMRT,DM13_Timer_Time,[DM13TMRT] Max time period one DM13 message can stop broadcast
DONTKNOW,Group_DONTKNOW,[DONTKNOW] UNKNOWN SOFTWARE VALUES
DOUB_PUL,Group_DOUB_PUL,[DOUB_PUL] DOUBLE PULSE CALIBRATIONS
DPAGEN,Double_Pulse_Enable,"[DPAGEN] Bit 9 of 0-15. Enable/disable the double pulsing feature, 0 for disable, 1 for"
DRDRRVCU,Auxiliary_Driver_Recover_Count,[DRDRRVCU] Enhanced Diag: number good samples before recovery of aux driver error
DREN,DR_Enable,"[DREN] Word 12h, bit 2 of 0 to 15 Driver Reward Enable"
DREZDCMN,Tool_DR_ESP_Reward_Lower_Limit,[DREZDCMN] Driver Minimum ESP_Delta reward
DREZDCMX,Tool_DR_ESP_Reward_Upper_Limit,[DREZDCMX] Driver Maximum ESP_Delta reward
DRFETDMX,Tool_DR_MPG_Threshold_Upper_Limit,[DRFETDMX] Maximum MPG allowed to be entered on the tool
DRFSEA,FSO_Command,[DRFSEA] Desired state of the FSO_Command output driver.
DRFSER,FSO_Control_Error,"[DRFSER] True if FSO driver diag. low for Auxiliary_Driver_Error_Counts, word 2 bit 1"
DRHIERMV,CORS_Makeup_Valve_Driver_High_Control_Error,[DRHIERMV] Set true if CORS_Makeup_Valce_Driver is shorted to battery.
DRLOERMV,CORS_Makeup_Valve_Driver_Low_Control_Error,[DRLOERMV] Set true if CORS_Makeup_Valce_Driver is shorted to battery.
DRMVPZ,CORS_Makeup_Valve_Driver_Priority,[DRMVPZ] Current override priority for CORS_Makeup_Valve_Driver.
DRRZDCMN,Tool_DR_RSG_CC_Reward_Lower_Limit,"[DRRZDCMN] Driver Minimum allowed RSG Shift reward, via tool"
DRRZDCMX,Tool_DR_RSG_CC_Reward_Upper_Limit,"[DRRZDCMX] Driver Maximum allowed RSG Shift reward, via tool"
DRTKBAPE,Tachometer_Base_Period,[DRTKBAPE] Base for conversion of RPM to frequency [(Crank Rev / n Pulses)*(60 Sec / Min)]
DRTKODMD,Tachometer_Override_Mode,"[DRTKODMD] Flag to set Tach to Tachometer_Override_RPM(1=override,0=no override)."
DRTKODRP,Tachometer_Override_RPM,[DRTKODRP] RPM value for tach if normal input is overridden.
DRTKPE,Tachometer_Signal_Period,[DRTKPE] Period of the Tachometer Output
DRVRWD07,Group_DR_7,[DRVRWD07] DRIVER REWARD TRIMS AND DATA
DSBRSWSS,Brake_Switch,[DSBRSWSS] Desired state of the Brake_Switch output driver.
DSCHSWSS,Clutch_Switch,"[DSCHSWSS] Debounced value of the clutch switch input. Byte 1, bit 7."
DSEBS1,Engine_Brake_Select_1,[DSEBS1] Desired state of the Engine_Brake_Select_1 output driver.
DSIVSWSS,Idle_Switch,[DSIVSWSS] Desired state of the Idle_Switch output driver.
DSKYSWSS,Keyswitch,[DSKYSWSS] Desired state of the Keyswitch output driver.
DSNISWSS,Not_Idle_Switch,[DSNISWSS] Desired state of the Not_Idle_Switch output driver.
DSPTONSW,PTO_On_Switch,[DSPTONSW] Desired state of the PTO_On_Switch output driver.
DSRXSWSS,Remote_PTO_Switch,[DSRXSWSS] Desired state of the Remote_PTO_Switch output driver.
DSTHILSS,Throttle_Interlock_Switch,[DSTHILSS] Desired state of the Throttle_Interlock_Switch output driver.
EB39CNID,Engine_Brake_Jcomm_Device_Indicator,"[EB39CNID] J1939 device controlling Engine Brakes: 0=NONE,1=TRANS,2=ABS,3=ASR,4=UNKNOWN"
EBAEDYEN,EB_Fuel_to_Brake_Delay_Enable,"[EBAEDYEN] 0 = do not delay on e-brake transition, 1 = delay on e-brake transition"
EBBREN,EB_Service_Brake_Activate_Enable,"[EBBREN] Word 13h, bit 0 of 0-F - Service Brake must be ""tapped"" to engage the EB."
EBCHDBEN,EB_Clutch_Enable,[EBCHDBEN] BIT 6 OF 0-15. CALIBRATION INDICATOR USED TO ENABLE ENGINE BRAKE DEACTIVATION
EBCOAG,E_Brake_Command_Source,"[EBCOAG] eb cmd src. 0=NOT_COMM,1=J_COMM,2=CRUISE,3=SWITCH,4=JC_LIM,5=NOT_SET,6=NO_OVRD"
EBDR1,Engine_Brake_Driver_1,[EBDR1] Desired state of the Engine_Brake_Driver_1 output driver.
EBDR2,Engine_Brake_Driver_2,[EBDR2] Desired state of the Engine_Brake_Driver_2 output driver.
EBDR3,Engine_Brake_Driver_3,[EBDR3] Desired state of the Engine_Brake_Driver_3 output driver.
EBDR4,Engine_Brake_Driver_4,[EBDR4] Desired state of the Engine_Brake_Driver_4 output driver.
EBDR5,Engine_Brake_Driver_5,[EBDR5] Desired state of the Engine_Brake_Driver_5 output driver.
EBDRLV,EB_Driver_Level,"[EBDRLV] Rate limited, commanded level of engine braking"
EBFL,E_Brake_Fueling,[EBFL] Calibratible constant fueling value to be output when brake solenoid is on
EBNUOUDR,EB_Number_Output_Drivers,[EBNUOUDR] Total number of Engine Brake Output Drivers at the ECM.
EBODEN,Engine_Brake_Override,[EBODEN] Bit 6 of 0-15. Calibration value which enables FSO valve to close on brake act
EBONSM,Engine_Brake_On_Sum,[EBONSM] Indicates number of engine brake cylinders on.
EBRTDFEN,EB_Rate_Limit_Defeat_Enable,[EBRTDFEN] Bit 0 of 0-15 - Enable brake Rate Limit defeat during on/off trans.
EBRTLMEA,EB_Rate_Limit_Enable,[EBRTLMEA] Bit 15 of 0-15 - Rate limit between current & desired EB Levels.
EBSS,E_Brake_Status,[EBSS] Status of whether operating conditions indicate desire for brake activation
EBSWLV,EB_Switch_Level,[EBSWLV] Commanded brake level from operator switches.
EBSWSS,EB_Switch_Status,[EBSWSS] indicator of desired engine retarder driver control
EBTA,E_Brake_Timing,[EBTA] Timing advance commanded if engine brake is in control of fuel
EBULEBLD,Tool_EB_Level_Dwell_Upp_Lim,"[EBULEBLD] Upper Limit to EBLVDW, which is min. req. time at any E-brake level"
EBULEBRZ,Tool_EB_Min_Road_Speed_Upp_Lim,"[EBULEBRZ] Upper Limit to EBMNRZ, which is mph above which EB is engageable"
ECMRUN,Group_ECMRUN,[ECMRUN] ECM RUNTIME INFORMATION
ECM_DC,Module_Manufacturing_Date_Code,[ECM_DC] Date the ECM was manufactured.
ECM_HW,Group_ECM_HW,[ECM_HW] ECM Hardware Group
ECM_SDWN,Group_ECM_SDWN,[ECM_SDWN] POWERUP AND POWER DOWN DATA
ECM_SN,Serial_Number,[ECM_SN] Serial number of the ECM
ENGBRK02,Group_ENGBRK_2,[ENGBRK02] ENGINE BRAKE INFORMATION
ENGBRK05,Group_ENGBRK_5,[ENGBRK05] ENGINE BRAKE INFORMATION - PERFORMANCE CONTROL
ENGPROT7,Group_ENG_PROT_7,[ENGPROT7] ENGINE PROTECTION CALIBRATIONS AND DATA
ENGPROT8,Group_ENG_PROT_8,[ENGPROT8] ENGINE PROTECTION CALIBRATIONS AND DATA
ENGRPM,Filtered_Engine_Speed,[ENGRPM] Filtered_Engine_Speed: Variable 2^n pulse averaged and filtered engine speed
ENG_SPD,Group_ENG_SPD,[ENG_SPD] ENGINE POSITION SENSOR DATA
EP00FFTM,EPF_Input_Source_0_Fueling_Fault_Occurrence_Time,[EP00FFTM] Input source 0 fueling fault occurrence time
EP00FLFD,EPF_Input_Source_0_Fueling_Fault_Log_Duration,[EP00FLFD] Input source 0 fueling fault log duration
EP00FLFU,EPF_Input_Source_0_Fueling_Index_Fault,[EP00FLFU] Fault index indicating Input source 0 fueling error detected
EP00FLLG,EPF_Input_Source_0_Fueling_Fault_Log,[EP00FLLG] Keeps history of input source 0 fault info
EP00FLVU,EPF_Input_Source_0_Fueling_Fault_Log_Value,[EP00FLVU] Keeps value of input source 0 at time of fueling fault
EP00RFFT,EPF_Input_Source_0_RPM_Fault_Occurrence_Time,[EP00RFFT] Input source 0 RPM fault occurrence time
EP00RPFD,EPF_Input_Source_0_RPM_Fault_Log_Duration,[EP00RPFD] Input source 0 RPM fault log duration
EP00RPFU,EPF_Input_Source_0_RPM_Index_Fault,[EP00RPFU] Fault index indicating Input source 0 RPM error detected
EP00RPLG,EPF_Input_Source_0_RPM_Fault_Log,[EP00RPLG] Keeps history of input source 0 RPM fault info
EP00RPVU,EPF_Input_Source_0_RPM_Fault_Log_Value,[EP00RPVU] Keeps value of input source 0 at time of RPM fault
EPAERPST,Active_Speed_Points_State,[EPAERPST] State flag to use EPF's RPM breakpoints for J1939.
EPAPOD,Engine_Protection_Alpha,[EPAPOD] Value alpha is forced to when engine protection is limiting fuel
EPCQDXEN,Coolant_Temperature_Data_Noderate_Enable,[EPCQDXEN] Bit 1 of 0-15. EPF coolant temperature enable for history only data.
EPCQFLEN,Coolant_Temperature_Fueling_Limiting_Enable,[EPCQFLEN] Bit 4 of 0-15. Enable parameter for fuel limiting due to coolant temperature.
EPCQRPEN,Coolant_Temperature_RPM_Limiting_Enable,[EPCQRPEN] BIT 5 OF 5-15. EPF COOLANT TEMPERATURE RPM LIMITING ENABLE.
EPCQRYEN,Coolant_Temperature_Restart_Enable,[EPCQRYEN] BIT 7 OF 0-15. PREVENTS RESTART AT POWERUP WHEN SHUTDN CNT > MAX SHUTDN CNT DUE
EPCQSOEN,Coolant_Temperature_Shutdown_Enable,[EPCQSOEN] BIT 6 OF 0-15. ENABLE SHUTDOWN ON COOLANT TEMPERATURE ERRORS.
EPCVDXEN,Coolant_Level_Data_Noderate_Enable,[EPCVDXEN] Bit 0 of 0-15. EPF Coolant Level enable for history only data.
EPCVFLEN,Coolant_Level_Fueling_Limiting_Enable,[EPCVFLEN] BIT 0 OF 0-15. ENABLE PARAMETER FOR FUEL LIMITING DUE TO COOLANT LEVEL.
EPCVRPEN,Coolant_Level_RPM_Limiting_Enable,[EPCVRPEN] BIT 1 OF 0-15. ENABLE PARAMETER FOR RPM LIMITING DUE TO COOLANT LEVEL.
EPCVRYEN,Coolant_Level_Restart_Enable,[EPCVRYEN] B3. PREVENTS RESTART AT POWERUP WHEN SHUTDN CNT > MAX SHUTDN CNT DUE TO CLT LEV
EPCVSOEN,Coolant_Level_Shutdown_Enable,[EPCVSOEN] BIT 2 OF 0-15. ENABLE SHUTDOWN ON COOLANT LEVEL ERRORS.
EPEN,Engine_Protection_Enable,[EPEN] BIT 4 OF 0-15. ENGINE PROTECTION FEATURES ENABLE PARAMETER.
EPESLM,Engine_Protection_Derate_RPM,[EPESLM] MAXIMUM RPM ALLOWED DUE TO EPF DERATING.
EPFLIXRT,Fueling_Index_Ramp_Rate,[EPFLIXRT] Time to reach full derate during engine protection fueling fault
EPFLLM,Engine_Protection_Derate_Fueling,[EPFLLM] Maximum fueling permitted by the engine protection features.
EPFLLMSS,Engine_Protection_Fuel_Limit_Status,[EPFLLMSS] INDICATOR FROM ENGINE PROTECTION THAT FUEL DERATE IS NOW ACTIVE.
EPFLSRTM,Fueling_Startup_Derate_Time,[EPFLSRTM] PERIOD OF TIME AFTER POWERUP DURING WHICH NO OIL PRES FAULTS
EPFLTB,Engine_Protection_Fueling_Derate_Table,[EPFLTB] EPS TABLEFOR MAX FUELING DERATE AS A FUNCTION OF RPM (SIZE = 2X17).
EPFLVSAI,Engine_Prot_Fueling_Speed_Breakpoint_Axis,[EPFLVSAI] Axis for determining fuel derate.
EPFTCG,Fuel_Temperature_EPF_Configuration,[EPFTCG] Configuration word for fuel temperature EPF input
EPFTEREN,Fuel_Temperature_Errors_Allowed,"[EPFTEREN] TRUE = fuel temperature error allowed, FALSE = not allowed"
EPFTERFG,Fuel_Temperature_Errors_Allowed_Timer_Running,[EPFTERFG] Flag indicating fuel temp. errors allowed timer is running
EPFTERTM,Fuel_Temperature_Errors_Allowed_Timer,[EPFTERTM] Time since RPM crossed fuel temperature start threshold
EPFTEX,Fuel_Temperature_Extremity,[EPFTEX] Fuel temperature extremity (max)
EPFTEXTM,Fuel_Temperature_Extremity_Time,[EPFTEXTM] Fuel temperature extremity time
EPFTFFET,Fuel_Temperature_Fueling_Fault_Elapse_Time,[EPFTFFET] Total time fuel pres. fuel fault has been active
EPFTFLDD,Fuel_Temperature_Fueling_Derate_Start_Duration,[EPFTFLDD] Time from fuel temperature overlimit reached to start of fuel derate
EPFTFLEN,Fuel_Temperature_Fueling_Limiting_Enable,[EPFTFLEN] Bit 0 of 0-15 Enables fuel limiting due to fuel temperature errors
EPFTFLFG,Fuel_Temperature_Fueling_Fault_Log_Flag,[EPFTFLFG] Fault log recording flag for fuel temperature fueling
EPFTFLFU,Fuel_Temperature_Fueling_Error,[EPFTFLFU] Fault index indicating temperature fueling error detected
EPFTFLIC,Fuel_Temperature_Fueling_Ramp_Rate,[EPFTFLIC] Time to reach full derate w/ fuel temperature engine protect. fueling flt
EPFTFLIN,Fuel_Temperature_Fueling_Fault_Log_Index,[EPFTFLIN] Index into EPF fault log for Fuel temperature fueling
EPFTFLIX,Fuel_Temperature_Fueling_Index,[EPFTFLIX] Fuel temperature fueling severity index.
EPFTFLSA,Fuel_Temperature_Fuel_Fault_Log_Pointer,[EPFTFLSA] Pointer to Fuel Temperature Fuel Fault Log Data
EPFTFLSD,Fuel_Temperature_Fueling_Shutdown_Duration_Thres,[EPFTFLSD] Threshold for fuel temperature fuel limiting to initiate shutdown
EPFTFLSS,Fuel_Temperature_Fueling_Shutdown_Severity_Thres,[EPFTFLSS] Threshold for fuel temperature fuel limiting to initiate shutdown
EPFTFLTM,Fuel_Temperature_Fuel_Duration,[EPFTFLTM] Amount of time since fuel temperature failure was detected
EPFTFLWN,Fuel_Temperature_Fuel_Start_Warning_Time,[EPFTFLWN] Time to start of warning after fuel temp fuel error declared
EPFTFSCU,Fuel_Temperature_Fuel_Shutdown_Time_Count,[EPFTFSCU] Amount of time over fuel temperature fuel shutdown threshold
EPFTFSDY,Fuel_Temperature_Shutdown_Delay,[EPFTFSDY] Shutdown delay for fuel temperature shutdown
EPFTMNSA,Fuel_Temperature_Min_Threshold_Pointer,[EPFTMNSA] Pointer to fuel temperature min threshold
EPFTMNTD,Fuel_Temperature_Fueling_Min_Threshold,[EPFTMNTD] Minimum temperature threshold for fuel temperature fuel limiting
EPFTMXSA,Fuel_Temperature_Max_Threshold_Pointer,[EPFTMXSA] Pointer to fuel temperature max threshold
EPFTMXTD,Fuel_Temperature_Fueling_Max_Threshold,[EPFTMXTD] Maximum threshold for fuel temperature fuel limiting
EPFTPKER,Fuel_Temperature_Precrank_Error,[EPFTPKER] Fuel temperature system error detected before cranking in restart
EPFTRFET,Fuel_Temperature_RPM_Fault_Elapse_Time,[EPFTRFET] Total time fuel temperature. rpm fault has been active
EPFTRLSA,Fuel_Temperature_RPM_Lower_Limit_Pointer,[EPFTRLSA] Pointer to fuel temperature RPM limit threshold
EPFTRPDD,Fuel_Temperature_RPM_Derate_Start_Duration,[EPFTRPDD] Time from fuel temperature overlimit reached to start of RPM derate
EPFTRPEN,Fuel_Temperature_RPM_Limiting_Enable,[EPFTRPEN] Bit 1 of 0-15 Enables RPM limiting due to fuel temperature errors
EPFTRPFG,Fuel_Temperature_RPM_Fault_Log_Flag,[EPFTRPFG] Fault log recording flag for fuel temperature RPM
EPFTRPFU,Fuel_Temperature_RPM_Error,[EPFTRPFU] Fault index indicating Fuel temperature RPM error detected
EPFTRPIC,Fuel_Temperature_RPM_Ramp_Rate,[EPFTRPIC] Time to reach full derate w/ fuel temperature engine protection RPM fault
EPFTRPIN,Fuel_Temperature_RPM_Fault_Log_Index,[EPFTRPIN] Index into EPF fault log for fuel temperature RPM
EPFTRPIX,Fuel_Temperature_RPM_Index,[EPFTRPIX] Fuel temperature RPM severity index.
EPFTRPLL,Fuel_Temperature_RPM_Lower_Limit,[EPFTRPLL] Minimum threshold for fuel temperature RPM limiting
EPFTRPSA,Fuel_Temperature_RPM_Fault_Log_Pointer,[EPFTRPSA] Pointer to Fuel Temperature RPM Fault Log Data
EPFTRPSD,Fuel_Temperature_RPM_Shutdown_Duration_Thres,[EPFTRPSD] Threshold for fuel temperature RPM limiting to initiate shutdown
EPFTRPSS,Fuel_Temperature_RPM_Shutdown_Severity_Thres,[EPFTRPSS] Threshold for fuel temperature RPM limiting to initiate shutdown
EPFTRPTM,Fuel_Temperature_RPM_Duration,[EPFTRPTM] Amount of time since fuel temperature failure was detected
EPFTRPWN,Fuel_Temperature_RPM_Start_Warning_Time,[EPFTRPWN] Time to start of warning after fuel temp RPM error declared
EPFTRRIX,Fuel_Temperature_RPM_Restart_Index,[EPFTRRIX] Fuel temperature RPM restart severity index.
EPFTRSCU,Fuel_Temperature_RPM_Shutdown_Time_Count,[EPFTRSCU] Amount of time over fuel temperature RPM shutdown threshold
EPFTRYEN,Fuel_Temperature_Restart_Enable,[EPFTRYEN] Bit 3 of 0-15 Prevents restart at powerup when shutdn cnt > max shutdn cnt due
EPFTRYIX,Fuel_Temperature_Fueling_Restart_Index,[EPFTRYIX] Fuel temperature fueling restart severity index.
EPFTSA,Fuel_Temperature_Input_Source,[EPFTSA] Pointer to source of fuel temperature
EPFTSAMK,Fuel_Temperature_Input_Mask,[EPFTSAMK] Mask for source of fuel temperature
EPFTSOEN,Fuel_Temperature_Shutdown_Enable,[EPFTSOEN] Bit 2 of 0-15 Enables shutdown on fuel temperature errors
EPFTSRRP,Fuel_Temperature_Start_Monitor_RPM,[EPFTSRRP] RPM threshold that must be crossed in order to log fuel temp fault
EPFTSRTM,Fuel_Temperature_Start_Monitor_Time,[EPFTSRTM] Time threshold that must be crossed in order to log fuel temperature fault
EPFTWNTM,Fuel_Temperature_Shutdown_Warning_Time,[EPFTWNTM] time duration to warn driver before shutdown due to fuel temperature
EPHSINFL,EPF_Curve_HSG_Intercept_Fueling,[EPHSINFL] Intercept fueling between HSG Brkpt and the EPF Curve.
EPIMDXEN,IMT_Data_Noderate_Enable,[EPIMDXEN] Bit 2 of 0-15. EPF IMT enable for history only data.
EPIMFLEN,IMT_Fueling_Limiting_Enable,[EPIMFLEN] Bit 8 of 0-15 Enable for TVO limiting due to intake manifold temp. (Bit 6)
EPIMRPEN,IMT_RPM_Limiting_Enable,[EPIMRPEN] BIT 9 of 0-15. ENABLE PARAMETER FOR RPM LIMITING DUE TO IMT
EPIMRYEN,IMT_Restart_Enable,[EPIMRYEN] BIT 11 OF 0-15. PREVENTS RESTART AT POWERUP WHEN SHUTDN CNT > MAX SHUTDN CNT DU
EPIMSOEN,IMT_Shutdown_Enable,[EPIMSOEN] BIT 10 OF 0-15. ENABLE SHUTDOWN ON INTAKE MANIFOLD TEMPERATURE ERRORS.
EPLSINFL,EPF_Curve_LSG_Intercept_Fueling,[EPLSINFL] Intercept fueling between LSG Ref and the EPF Curve.
EPMXDQRP,Maximum_Derate_RPM,"[EPMXDQRP] MAXIMUM ENGINE RPM WHEN FULLY DERATED, I.E. SEVERITY INDEX = 1.0."
EPNTDQRP,No_Derate_RPM,[EPNTDQRP] MAX ENGINE SPEED WHEN NO DERATE IS IN EFFECT. (HSG BRAKE RPM)
EPO2DXEN,Oil_Pressure_Data_Noderate_Enable,[EPO2DXEN] Bit 3 of 0-15. EPF oil pressure enable for history only data.
EPO2FLEN,Oil_Pressure_Fueling_Limiting_Enable,[EPO2FLEN] Bit 12 of 0-15. Enable parameter for fuel limiting due to oil pressure.
EPO2RPEN,Oil_Pressure_RPM_Limiting_Enable,[EPO2RPEN] BIT 13 OF 0-15. EPF OIL PRESSURE FAULT ENABLE PARAMETER.
EPO2RYEN,Oil_Pressure_Restart_Enable,[EPO2RYEN] BIT 15 OF 0-15. PREVENTS RESTART AT POWERUP WHEN SHUTDN CNT > MAX SHUTDN CNT DU
EPO2SOEN,Oil_Pressure_Shutdown_Enable,[EPO2SOEN] BIT 14 OF 0-15. ENABLE SHUTDOWN ON OIL PRESSURE ERRORS.
EPOSFSO,Overspeed_FSO_Override,"[EPOSFSO] If T, FSO closes when ovrspd detected by main micro. Bit 1 of 0 - 15 of Word C"
EPPKSO,Precrank_Shutdown,[EPPKSO] EPF SHUTDOWN ENGINE COMMAND FROM RESTART EXAMINE BEFORE CRANKING.
EPRPDC,Engine_Protection_RPM_Delta,[EPRPDC] DIFFERENCE BETWEEN NO_DERATE_RPM AND MAXIMUM_DERATE_RPM.
EPRPFTTC,RPM_Limit_Filter_Time_Constant,[EPRPFTTC] MAXIMUM RPM LIMIT FILTER TIME CONSTANT.
EPRPP2,EPF_Curve_RPM_At_Point_2,[EPRPP2] EPF Curve speed at breakpoint 2.
EPRPP3,EPF_Curve_RPM_At_Point_3,[EPRPP3] EPF Curve speed at breakpoint 3.
EPRPP4,EPF_Curve_RPM_At_Point_4,[EPRPP4] EPF Curve speed at breakpoint 4.
EPRPP5,EPF_Curve_RPM_At_Point_5,[EPRPP5] EPF Curve speed at breakpoint 5.
EPRYEN,Engine_Protection_Restart_Enable,[EPRYEN] BIT 5 OF 0-15. ENABLE RESTART ALGORITHM.
EPRYO2SO,Restart_Oil_Pressure_Shutdown,[EPRYO2SO] EPF SHUTDOWN ENGINE COMMAND FROM RESTART LIMITATION ALGORITHM.
EPRYO2SQ,Restart_Oil_Press_Shutdown_Approaching,[EPRYO2SQ] EPF SHUTDOWN APPROACHING COMMAND FROM RESTART LIMITATION ALGORITHM.
EPSOAE,Shutdown_Active,"[EPSOAE] NO = 255, C. LEV. = 0, C. TEMP. = 1, IMT = 2, OIL PRESS. = 3, OIL TEMP. = 4"
EPSOCU,Shutdown_Count,[EPSOCU] NUMBER OF SHUTDOWNS WHILE ERROR IS ACTIVE.
EPSOEN,Engine_Protection_Shutdown_Enable,[EPSOEN] BIT 0 OF 0-15. ENABLE SHUTDOWN ALGORITHM.
EPSOLPFG,EPF_Shutdown_Override_Lamp_Flag,[EPSOLPFG] True indicates starting epf shutdown override lamp sequencing
EPSOMXLM,Shutdown_Max_Limit,[EPSOMXLM] MAX NUMBER OF SHUTDOWNS BEFORE RESTART IS NOT ALLOWED.
EPSOOVEN,EPF_Shutdown_Override_Enable,[EPSOOVEN] Algorithm enable for EPS shutdown override
EPSOOVFG,EPF_Shutdown_Override_Flag,[EPSOOVFG] True indicates EPS shutdown override request detected.
EPSOTF,Shutdown_Total,[EPSOTF] Total number of shutdowns.
EPSQ,Shutdown_Approaching,[EPSQ] EPS SHUTDOWN APPROACHING.
EPTQCG,EPF_Torque_Curve_Min_Config,[EPTQCG] Bitmap indicating when a feature should CLAMP a fueling point
EPTQPZ,EPF_Torque_Curve_Priority,[EPTQPZ] Priority level of the EPF Curve configuration and bit position used
ESACBKGR,EPS_VSS_Accumulator_Backup,[ESACBKGR] Accumulated backup EPS period between VSS interrupts
ESACGR,EPS_VSS_Accumulator,[ESACGR] Accumulated main EPS period between VSS interrupts
ESALASEN,ES_Alarm_During_Autostart_Enable,[ESALASEN] Enables Alarm sounding for auto-start Keyswitch on.
ESALDR,Engine_Alarm_Driver,[ESALDR] Desired state of the Engine_Alarm_Driver output driver.
ESASOCCU,ASIC_Engine_Overspeed_Persistance,[ESASOCCU] Consecutive occurances of engine overspeed to cause a shutdown
ESASOSLM,ASIC_Engine_Overspeed_Limit,[ESASOSLM] Engine speed above which the overspeed algorithm disables fueling
ESASOSTY,ASIC_Engine_Overspeed_Type,"[ESASOSTY] Action after an overspeed shutdown, 0=latching & 1=non-latching"
ESASRVTT,ASIC_Engine_Speed_Targets_Per_Rev,[ESASRVTT] Number of engine speed targets per crankshaft revolution.
ESATOD,ES_AT_Override,[ESATOD] Overrides anti-theft fueling lockout during auto-start operation.
ESAVES,Average_Engine_Speed,[ESAVES] Average_Engine_Speed: Engine speed based on the 2^n pulse average
ESBUISCT,ESS_Backup_ISR_Count,[ESBUISCT] Unsigned roll-over counter of ESS backup isr occurances.
ESCMES,Engine_Speed,[ESCMES] Engine_Speed: Engine speed based from period of one cam rev.
ESCOES,Engine_Speed_Cutoff,[ESCOES] Engine Speed that causes tachometer to drop to zero
ESCTBKGR,EPS_VSS_Counter_Backup,[ESCTBKGR] Number of backup EPS interrupts between VSS interrupts
ESCTGR,EPS_VSS_Counter,[ESCTGR] Number of main EPS interrupts between VSS interrupts
ESCUCF01,Engine_Speed_Constant_1,[ESCUCF01] Engine_Speed_Constant_1: Conversion factor from tcnts to rpm - primary
ESCUCF02,Engine_Speed_Constant_1_Backup,[ESCUCF02] Engine_Speed_Constant_1_Backup: Conversion factor from tcnts to rpm - secondary
ESES01,Main_RPM,[ESES01] Main_RPM: Engine speed calculated from primary speed sensor
ESES02,Backup_RPM,[ESES02] Backup_RPM: Engine speed calculated from secondary speed sensor
ESESAC,Unfiltered_Engine_Acceleration,[ESESAC] Calculated engine acceleration
ESESFTTC,Filtered_Engine_Speed_Constant,[ESESFTTC] Time constant for the filter used on the 2^n pulse average
ESFT01AC,Engine_Acceleration,[ESFT01AC] Engine acceleration after first stage low pass filtering
ESFT01MN,Engine_Accel_Min_Limit,[ESFT01MN] Lower acceleration bound for eng accel first stage filter
ESFT01MX,Engine_Accel_Max_Limit,[ESFT01MX] Upper acceleration bound for eng accel first stage filter
ESFT01TC,Engine_Accel_Filter_Constant_1,[ESFT01TC] Engine acceleration first stage digital filter acceleration time constant
ESFT02AC,Filtered_Engine_Acceleration,[ESFT02AC] Engine acceleration after second stage low pass filtering
ESFT02TC,Engine_Accel_Filter_Constant_2,[ESFT02TC] Engine acceleration second stage digital filter acceleration time constant
ESFXSNTD,EPS_Failure_Detect_RPM,[ESFXSNTD] EPS error detection performed when rpm > this value
ESIITB02,Initialization_Pulse_Period_Backup,[ESIITB02] Initialization_Pulse_Period_Backup: Initial value for pulse period table backup
ESMNISCT,ESS_Main_ISR_Count,[ESMNISCT] Unsigned roll-over counter of ESS main isr occurances.
ESMXTM01,Maximum_Pulse_Period_Timeout,[ESMXTM01] Maximum_Pulse_Period_Timeout: max reset value for Main_Lost_Counter
ESMXTM02,Maximum_Pulse_Period_Timeout_Backup,[ESMXTM02] Maximum_Pulse_Period_Timeout_Backup:max reset value for backup
ESNKASEN,ES_Keyless_Restart,[ESNKASEN] Allows engine to run while keyswitch is off.
ESNXPS02,Next_Table_Position_Backup,[ESNXPS02] Next_Table_Position_Backup: pointer to next spot in backup Pulse_period tabl
ESPADDIN,ASIC_BYTE_Padding,[ESPADDIN] Padding to preserve WORD alignment.
ESPLAVBU,Average_Pulse_Period_Backup,[ESPLAVBU] Average_Pulse_Period_Backup: time period over 1 cyl of secondary speed pulses
ESPLTMAV,Average_Pulse_Period,[ESPLTMAV] Average_Pulse_Period: time period over 1 cyl of primary speed pulses
ESPSTB02,Pulse_Period_Table_Backup,[ESPSTB02] Pulse_Period_Table_Backup: Table containing main speed pulse periods
ESP_08,Group_ESP_8,[ESP_08] ELECTRONIC SMART POWER GROUP - VEHICLE CONTROL DATA
ESSNSE,Speed_Sensor_Select,[ESSNSE] Speed_Sensor_Select: Specifies source for speed calculations
EST2CY,Engine_Cylinders,[EST2CY] Number of engine cylinders
ESTDCU01,Main_Consec_Error_Thres,[ESTDCU01] Main_Consec_Error_Thresh:Threshold count at which ESS is lost.
ESTDCU02,Backup_Consec_Error_Thresh,[ESTDCU02] Backup_Consec_Error_Thresh:threshold count at which eps is lost
ESTMCU01,Main_Lost_Counter,[ESTMCU01] Main_Lost_Counter: Timeout counter for primary speed sensor
ESTMCU02,Backup_Lost_Counter,[ESTMCU02] Backup_Lost_Counter: Timeout counter for secondary speed input
FAN_DRV,Group_FAN_DRV,[FAN_DRV] FAN CLUTCH DRIVER INFORMATION
FC02EN,Fan_Clutch_2_Enable,[FC02EN] BIT 12 of 0-15 allows bus applications imt fan control
FCAK02EN,Fan_Clutch_2_AC_Pressure_Enable,"[FCAK02EN] AC Switch Enable, Bit 10 of Word 19h"
FCAKAGEN,Fan_AC_Pressure_Enable,"[FCAKAGEN] BIT 10 OF 0-15, allows pressure switch functionality"
FCAKI2EN,Fan_Clutch_2_AC_Enable,"[FCAKI2EN] AC Input Enable, Bit 9 of Word 19h"
FCAKINEN,Fan_Clutch_1_AC_Enable,"[FCAKINEN] AC Input Enable, Bit 6 of Word 19h"
FCAKVSEN,Fan_AC_Vehicle_Speed_Interaction_Enable,"[FCAKVSEN] BIT 11 OF 0-15, Allows special AC pressure switch functionality"
FCCLI2EN,Fan_Clutch_2_Coolant_Enable,"[FCCLI2EN] CT Input Enable, Bit 11 of Word 19h"
FCCLINEN,Fan_Clutch_1_Coolant_Enable,"[FCCLINEN] CT Input Enable, Bit 7 of Word 19h"
FCEBAGEN,Fan_EB_Enable,"[FCEBAGEN] BIT 13 OF 0-15, allows engine brake functionality"
FCEBINEN,Fan_Clutch_2_EB_Enable,"[FCEBINEN] Fan_Clutch_2_EB_Enable, Bit 12 of Word 19h"
FCEMPCFS,Estimated_Percent_Fan_Speed,[FCEMPCFS] Fan Speed as a ratio of current speed to the maximum fan speed
FCEN,Fan_Manual_Input_Enable,"[FCEN] BIT 14 OF 0-15, allows manual switch input functionality"
FCIMI2EN,Fan_Clutch_2_IMT_Enable,"[FCIMI2EN] IMT Input Enable, Bit 13 of Word 19h"
FCIMINEN,Fan_Clutch_1_IMT_Enable,"[FCIMINEN] IMT Input Enable, Bit 8 of Word 19h"
FCSS,Fan_Clutch_Status_1,[FCSS] fan clutch status
FCSS02,Fan_Clutch_Status_2,[FCSS02] fan clutch status for fan 2
FCST,Fan_Drive_State,[FCST] J1939 Defined States: Indicates which device is controlling the Fan
FCST,Fan_Drive_State,[FCST] J1939 Defined States: Indicates which device is controlling the Fan
FCST,Fan_Drive_State,[FCST] J1939 Defined States: Indicates which device is controlling the Fan
FCSW02EN,Fan_Clutch_2_Manual_Input_Enable,"[FCSW02EN] Fan_Clutch_2_Manual_Input_Enable, Bit 14 of Word 19h"
FDFLRT,Fuel_Delivery_Rate,[FDFLRT] rate of fuel delivered to injectors as determined for use in alpha alg.
FDFLRTOF,Fuel_Delivery_Rate_Offset,[FDFLRTOF] Conversion offset of line converting cubic millimeter fuel to project FU.
FDFLRTSC,Fuel_Delivery_Rate_Scale,[FDFLRTSC] Constant used to convert fuel delivery rate from rpm%fuel to lbs/hr
FLAENLRP,No_Load_Fuel_At_HSG_Active_No_Load_RPM,[FLAENLRP] No Load Fueling curve value at HSG_Active_No_Load_RPM
FLAFSTFG,Fueling_AFC_State_Detected,[FLAFSTFG] semaphore used to latch AFC events that occur between alpha executions
FLCRC,Software_FLCRC,[FLCRC] FLASH CHECKSUM
FLINML,Fuel_Interp_Factor,"[FLINML] Interpolation factor for 4-D fueling, max fueling calculation."
FLLMAHFL,Torque_Derate_Fueling_2,[FLLMAHFL] Smallest derate fueling value among group 2 (AH) derate algorithms
FLT2ERAS,Software_FLT2ERAS,[FLT2ERAS] FAULT TO ERASE
FQTHAC,Frequency_Throttle_Active,[FQTHAC] indicates frequency throttle has been enabled
FQTHHIER,Frequency_Throttle_High_Error,[FQTHHIER] frequency throttle out of range high error
FQTHLOER,Frequency_Throttle_Low_Error,[FQTHLOER] frequency throttle out of range low error
FQTHSATH,Sampled_Frequency_Throttle,[FQTHSATH] requested throttle after being lin. and fil. via freq. thr. algorithm
FSALCFEN,Alternate_Curve_Configuration_Enable,"[FSALCFEN] Alternate Torque Curve Fueling Points enable flag, Bit 0 of word 0x13."
FSAPITAJ,FSS_Integrator_Adjustment,[FSAPITAJ] FSS Adjustment to compensate for delta between injected and commanded fueling
FSAPLMFL,FSS_Fueling_Derate,[FSAPLMFL] Fuel system specific fuel derate that is input to the core system
FSDSFL,User_Fueling,[FSDSFL] Fuel value commanded through driver interaction or by an external control devic
FSDSFLST,User_Fueling_State,[FSDSFLST] Indicator as to what algorithm is in control of the command fuel
FSDSFLST,User_Fueling_State,[FSDSFLST] Indicator as to what algorithm is in control of the command fuel
FSDSFLST,User_Fueling_State,[FSDSFLST] Indicator as to what algorithm is in control of the command fuel
FSDSFLST,User_Fueling_State,[FSDSFLST] Indicator as to what algorithm is in control of the command fuel
FSDSFLST,User_Fueling_State,[FSDSFLST] Indicator as to what algorithm is in control of the command fuel
FSDSFLST,User_Fueling_State,[FSDSFLST] Indicator as to what algorithm is in control of the command fuel
FSDSFLST,User_Fueling_State,[FSDSFLST] Indicator as to what algorithm is in control of the command fuel
FSDSFLST,User_Fueling_State,[FSDSFLST] Indicator as to what algorithm is in control of the command fuel
FSEGST,Engine_State,[FSEGST] Current state of the engine
FSFNFL,Final_Fueling,[FSFNFL] Final fueling value
FSFNFLST,Fueling_Control_State,[FSFNFLST] Final fueling state
FSFNFLST,Fueling_Control_State,[FSFNFLST] Final fueling state
FSFNFLST,Fueling_Control_State,[FSFNFLST] Final fueling state
FSFNFLST,Fueling_Control_State,[FSFNFLST] Final fueling state
FSFNFLST,Fueling_Control_State,[FSFNFLST] Final fueling state
FSFNFLST,Fueling_Control_State,[FSFNFLST] Final fueling state
FSFNFLST,Fueling_Control_State,[FSFNFLST] Final fueling state
FSFNFLST,Fueling_Control_State,[FSFNFLST] Final fueling state
FSGVFL,Adjusted_User_Fueling,"[FSGVFL] Fueling as limited by limiting governors (LSG, HSG)"
FSGVFLST,Adjusted_User_Fueling_State,[FSGVFLST] Indicator as to which algorithm is in control of fueling after it is governed
FSHSTZDY,HSG_Transition_Delay_Time,[FSHSTZDY] Number of execution intervals that hsg-to-user gov transition is delayed
FSLMAHST,Torque_Derate_Fueling_State_2,[FSLMAHST] Indicator as to which algorithm is controlling fuel in group 2 (AH)
FSLMDSFL,Requested_Fueling,[FSLMDSFL] Desired engine fueling after derate without Air Handl. derate
FSLMDSST,Requested_Fueling_State,[FSLMDSST] Indicator as to which algorithm is controlling requisted fueling.
FSLMFL,Torque_Derate_Fueling,[FSLMFL] Smallest derate fueling value produced by the derate algorithms
FSLMFLST,Torque_Derate_Fueling_State,[FSLMFLST] Indicator as to which algorithm is controlling fuel after it has been limited
FSLSSTFG,Fueling_LSG_State_Detected,[FSLSSTFG] semaphore used to latch LSG events that occur between alpha executions
FSLSTZDY,LSG_Transition_Delay_Time,[FSLSTZDY] Number of execution intervals that lsg-to-user gov transition is delayed
FSMNFL,Minimum_Fueling,[FSMNFL] Minimum fueling value allowed for the system
FSMTFLNP,Throttle_100_Fueling_No_PP,[FSMTFLNP] Max fueling without Programmable Power for ESP Tau 0
FSMXBFDP,Throttle_100_Fuel_At_HSG_Bef_Droop_Speed,[FSMXBFDP] 100% Fueling value at HSG_Bef_Droop_Speed
FSMXBK,Throttle_100_Fuel_At_HSG_Bkpt_Speed,[FSMXBK] 100% Fueling value at HSG_Breakpoint_Speed
FSMXFL,Maximum_Fueling,[FSMXFL] The calibrated maximum fueling that the system may output
FSMXMNCG,Throttle_100_Priority,[FSMXMNCG] Bitmap indicating which algorithms wish to set RPMs
FSMXTHCG,Throttle_100_Min_Config,[FSMXTHCG] Bitmap indicating when a feature should CLAMP a fueling point
FSMXTHFL,Throttle_100_Fueling,[FSMXTHFL] Fueling value at 100% throttle.
FSOSEN,Time_Overspeed_Allowed,[FSOSEN] Time before triggering Engine Overspeed
FSOSFL,Overspeed_Fueling,[FSOSFL] Fueling value commanded if the engine overspeed limit is exceeded
FSOSHYES,Engine_Overspeed_Hysteresis,[FSOSHYES] ENGINE OVERSPEED LIMIT HYSTERESIS
FSOSLMES,Engine_Overspeed_Limit,[FSOSLMES] Engine speed max. used by software to lock fuel to overspeed TVO
FSPCLD,Percent_Load,[FSPCLD] Percent_Load
FSPKESHI,High_HP_Peak_Fueling_Speed,[FSPKESHI] Speed assoc. w. Maximum Fueling Of All The Tau 1 Fueling Curves In the ECM
FSPKESLO,Low_HP_Peak_Fueling_Speed,[FSPKESLO] Speed assoc. w. Maximum Fueling Of All The Tau 0 Fueling Curves In the ECM
FSPKESMX,All_HP_Peak_Fueling_Speed,[FSPKESMX] Speed assoc. w. Maximum Fueling Of All The Fueling Curves In the ECM
FSPKFL,Current_HP_Peak_Fueling,[FSPKFL] Maximum Fueling Of The 2 Active Fueling Curves In the ECM
FSPKFLHI,High_HP_Peak_Fueling,[FSPKFLHI] Maximum Fueling Of All The Tau 1 Fueling Curves In the ECM
FSPKFLLO,Low_HP_Peak_Fueling,[FSPKFLLO] Maximum Fueling Of All The Tau 0 Fueling Curves In the ECM
FSPKFLMX,All_HP_Peak_Fueling,[FSPKFLMX] Maximum Fueling Of All The Fueling Curves In the ECM
FST0MXFL,Tau_0_Throttle_100_Fueling,[FST0MXFL] Fueling provided if engine were using low hp curve
FSTHGVOP,User_Selected_Throttle_Control,[FSTHGVOP] User indicator for enabling automotive governing through throttle (ASG throttle
FSTQDQUO,Torque_Derate_Override,[FSTQDQUO] Engineering torque derate fueling override
FSTQUOEN,Torque_Derate_Override_Enable,[FSTQUOEN] Bit 4 Word 1. Enable indicator for torque derate fuel override
FSTQXA,Fueling_To_Torque_Translation_X_Axis,[FSTQXA] % Fuel Units related to torque breakpoints
FSTQYA,Fueling_To_Torque_Translation_Table,[FSTQYA] Torque Breakpoints used for translating to fuel
FSUCFL,User_Commanded_Fueling,[FSUCFL] User commanded fuel value for development
FSUCFLEN,User_Commanded_Fueling_Enable,[FSUCFLEN] Bit 0 Word 4. ENABLES THE USE OF USER_COMMANDED_FUELING
FSUOFL,User_Override_Fueling,[FSUOFL] Engineering fueling override
FSUOFLEN,User_Override_Fueling_Enable,[FSUOFLEN] Bit 1 Word 1. Enable indicator for engineering fuel override command
FUELCTRL,Group_FUELING_CTRL,[FUELCTRL] FINAL FUELING INFORMATION
FUELRATE,Group_FUELRATE,[FUELRATE] FUEL DELIVERY DATA
GAINTRIM,Group_GAIN_TRIM,[GAINTRIM] Speed Governors Trims GROUP
GRAT_OOG,Group_GRAT_OOG,[GRAT_OOG] GEAR RATIO
GRFTGRRA,Filtered_Gear_Ratio,[GRFTGRRA] FILTERED TRANSMISSION GEAR RATIO
GROGSS,Out_Of_Gear,[GROGSS] Indicator set when an out of gear condition is detected
HSACFTTC,HSG_Active_Error_Filter_Constant,[HSACFTTC] HSG gain scheduling output; HSG engine speed error filter time constant
HSACRFBP,HSG_Acceleration_Ref_Threshold,[HSACRFBP] HSG acceleration rate threshold for transient conditions
HSACRFTM,HSG_Acceleration_Ref_Time,[HSACRFTM] HSG acceleration reference time for transient conditions
HSAEDVGN,HSG_Active_Derivative_Gain,[HSAEDVGN] HSG PID derivative gain
HSAEITGN,HSG_Active_Integral_Gain,[HSAEITGN] HSG PID integrator gain
HSAENLOF,HSG_Active_No_Load_Offset,[HSAENLOF] ACTIVE HSG Droop Offset
HSAENLRP,HSG_Active_No_Load_RPM,[HSAENLRP] Point at which the HSG droop slope line intersects the no load fueling curve
HSAEPPGN,HSG_Active_Proportional_Gain,[HSAEPPGN] HSG PID proportional gain
HSAPDVGN,HSG_Application_Derivative_Gain,[HSAPDVGN] Application-specified HSG PID derivative gain
HSAPFTTC,HSG_Application_Error_Filter_Constant,[HSAPFTTC] Application-specified HSG engine speed error filter time constant
HSAPITGN,HSG_Application_Integral_Gain,[HSAPITGN] Application-specified HSG PID integrator gain
HSAPPPGN,HSG_Application_Proportional_Gain,[HSAPPPGN] Application-specified HSG PID proportional gain
HSAPSESL,HSG_Application_Gain_Set_Selected,[HSAPSESL] Defines HSG application-specific gain set that has been chosen
HSBKRF,HSG_Breakpoint_Speed,[HSBKRF] HSG base reference speed
HSBKRF02,HSG_Breakpoint_Speed_2,[HSBKRF02] Alternate HSG base reference speed
HSBKRF03,HSG_Breakpoint_Speed_3,[HSBKRF03] Alternate HSG base reference speed
HSBKRFAE,HSG_Active_Breakpoint,[HSBKRFAE] HSG base reference speed currently in use (ESP may select high HP if active)
HSBKST,HSG_Active_Breakpoint_State,[HSBKST] Algorithm controlling Active Breakpoint Speed
HSCNRSFL,HSG_Integrator_Reset,[HSCNRSFL] HSG integrator reset value used to adjust integrator under defined RPM/TVO limi
HSDCES,HSG_Compensated_Engine_Speed,[HSDCES] Measured engine speed after HSG lead/lag filter
HSDP,HSG_Droop,[HSDP] Tool HSG Droop Percent adjustable parameter
HSDP02,HSG_Droop_2,[HSDP02] Tool HSG Droop Percent for Switched Droop 2 adjustable parameter
HSDP03,HSG_Droop_3,[HSDP03] Tool HSG Droop Percent for Switched Droop 3 adjustable parameter
HSDPFG,HSG_Droop_Flag,[HSDPFG] TRUE - Droop HSG; FALSE - Isochronous HSG
HSDPRF,HSG_Droop_Speed,[HSDPRF] HSG reference speed after droop has been calculated
HSDPSL,HSG_Droop_Slope,[HSDPSL] Slope of the line defining the droop line for the HSG reference
HSDPSL02,HSG_Droop_Slope_2,[HSDPSL02] Alternate slope of line defining HSG droop line
HSDPSL03,HSG_Droop_Slope_3,[HSDPSL03] Alternate slope of line defining HSG droop line
HSDPSLAE,HSG_Active_Slope,[HSDPSLAE] Slope of line defining droop for the HSG ref currently active (ESP can select)
HSDPTY,HSG_Droop_Type_Select,[HSDPTY] indicator of what type switch is connected
HSDSPTY,HSG_Droop_Select_Port_Type,"[HSDSPTY] indicator of what type switch is connected 0=discrete, 1=analog"
HSDVAJEN,HSG_Derivative_Gain_Adjustment_Enable,[HSDVAJEN] Flag to enable/disable the HSG derivative gain adjustment scheme.
HSDVAJGN,HSG_Derivative_Gain_Adjusted,[HSDVAJGN] HSG adjusted derivative gain.
HSDVCFXA,HSG_Derivative_Gain_Coef_Table_Error_Axis,[HSDVCFXA] Speed error axis of coefficient table for HSG derivative gain adjustment.
HSDVCFYA,HSG_Derivative_Gain_Coef_Table,[HSDVCFYA] Coefficient table for HSG derivative gain adjustment.
HSDVFL,HSG_Derivative_Term,[HSDVFL] HSG PID derivative fueling contribution
HSDVFLMN,HSG_Derivative_Clamp_Min,[HSDVFLMN] HSG PID Derivative fueling contribution lower limit
HSDVFLMX,HSG_Derivative_Clamp_Max,[HSDVFLMX] HSG PID Derivative fueling contribution upper limit
HSDVGN,HSG_Derivative_Gain,[HSDVGN] HSG PID derivative gain
HSER,HSG_Filtered_Error_Term,[HSER] HSG engine speed error
HSFL,HSG_Fueling,[HSFL] Fueling output of the HSG
HSFTGN,HSG_Error_Filter_Gain,[HSFTGN] HSG engine speed error filter gain
HSFTTC,HSG_Error_Filter_Constant,[HSFTTC] HSG engine speed error filter time constant
HSGADJSZ,HSG_Adj_Size,[HSGADJSZ] Size of HSG adjustable parameters
HSGGRGS,Group_HSG_GR_Gain,[HSGGRGS] HSG Gear Ratio Gain Scheduling
HSGNSDEN,HSG_Gain_Scheduling_Enable,[HSGNSDEN] Bit 0 of 0-15 of word 12h enables HSG gain scheduling
HSGNSESL,HSG_Gain_Set_Selected,[HSGNSESL] Defines HSG gain set that has been chosen
HSGRGSEN,HSG_Gear_Ratio_Gain_Enable,[HSGRGSEN] GEAR RATIO based Gain set selection (Enabled/Disabled) Bit 8 of 0 - 15
HSGVSP,HSG_Governed_Speed,[HSGVSP] Customer Set High Speed governed speed
HSHIFTTC,HSG_High_Ref_Speed_Error_Filter_Constant,[HSHIFTTC] HSG engine speed error filter time constant for high ref speed conditions
HSHIRFTD,HSG_High_Ref_Speed_Threshold,[HSHIRFTD] HSG speed threshold for high reference speed region
HSHRDVGN,HSG_High_Ref_Speed_Derivative_Gain,[HSHRDVGN] HSG PID derivative gain for high reference speed region
HSHRITGN,HSG_High_Ref_Speed_Integral_Gain,[HSHRITGN] HSG PID integrator gain for high reference speed region
HSHRPPGN,HSG_High_Ref_Speed_Proportional_Gain,[HSHRPPGN] HSG PID proportional gain for high reference speed region
HSINRFST,HSG_Indicated_Ref_Speed_State,"[HSINRFST] indicates which alg. controls the HSG, HSG_Indicated_Ref_Speed_State"
HSIRDSBK,HSG_Intermediate_Desired_Active_Breakpoint,[HSIRDSBK] HSG Breakpoint manipulated by many algorithms
HSIRMNBK,HSG_Intermediate_Min_Active_Breakpoint,[HSIRMNBK] HSG Min Breakpoint manipulated by many algorithms
HSIRMXBK,HSG_Intermediate_Max_Active_Breakpoint,[HSIRMXBK] HSG Max Breakpoint manipulated by many algorithms
HSISIDST,HSG_Indicated_Isochronous_Speed_State,[HSISIDST] Winning Active Isochronous Speed State
HSISRF,HSG_Isochronous_Speed,[HSISRF] HSG isochronous speed
HSISRF02,HSG_Isochronous_Speed_2,[HSISRF02] Alternate HSG isochronous speed
HSISRF03,HSG_Isochronous_Speed_3,[HSISRF03] Alternate HSG isochronous speed
HSISRFAE,HSG_Active_Isochronous_Speed,[HSISRFAE] HSG isochronous speed currently in use
HSISRFID,HSG_Indicated_Isochronous_Speed,[HSISRFID] Winning Active Isochronous Speed
HSISSTAE,HSG_Active_Isochronous_Speed_State,[HSISSTAE] Indicator of which alg. is setting HSISRFAE
HSITAJEN,HSG_Integral_Gain_Adjustment_Enable,[HSITAJEN] Flag to enable/disable the HSG integral gain adjustment scheme.
HSITAJGN,HSG_Integral_Gain_Adjusted,[HSITAJGN] HSG Adjusted Integral Gain.
HSITCFXA,HSG_Integral_Gain_Coef_Table_Error_Axis,[HSITCFXA] Speed error axis of coefficient table for HSG integral gain adjustment.
HSITCFYA,HSG_Integral_Gain_Coef_Table,[HSITCFYA] Coefficient for HSG integral gain adjustment.
HSITFL,HSG_Integral_Term,[HSITFL] HSG PID integrator fueling contribution
HSITGN,HSG_Integral_Gain,[HSITGN] HSG PID integrator gain
HSITRSES,HSG_Reset_Rpm,[HSITRSES] Engine speed below which the HSG integrator is reset
HSITRSFL,HSG_Reset_Fuel,[HSITRSFL] Engine fueling below which the HSG integrator may be reset
HSLOFTTC,HSG_Low_Ref_Speed_Error_Filter_Constant,[HSLOFTTC] HSG engine speed error filter time constant for low ref speed conditions
HSLORFTD,HSG_Low_Ref_Speed_Threshold,[HSLORFTD] HSG speed threshold for low reference speed region
HSLRDVGN,HSG_Low_Ref_Speed_Derivative_Gain,[HSLRDVGN] HSG PID derivative gain for low reference speed region
HSLRITGN,HSG_Low_Ref_Speed_Integral_Gain,[HSLRITGN] HSG PID integrator gain for low reference speed region
HSLRPPGN,HSG_Low_Ref_Speed_Proportional_Gain,[HSLRPPGN] HSG PID proportional gain for low reference speed region
HSMNBKRF,HSG_Min_Active_Breakpoint,[HSMNBKRF] HSG Min Breakpoint
HSMNDPFL,HSG_Adj_Fueling_Clamp_Min,[HSMNDPFL] Minimum allowable fuel that may be used to determine HSG droop reference
HSMNFLLM,HSG_Fueling_Clamp_Min,[HSMNFLLM] HSG FUELING CLAMP MIN
HSMNFTRF,HSG_Filter_Clamp_Min,[HSMNFTRF] HSG minimum filtered engine speed error
HSMNITFL,HSG_Integrator_Clamp_Min,[HSMNITFL] HSG minimum integrator fuel output
HSMNITPZ,HSG_Integrator_Preset_Minimum,[HSMNITPZ] HSG INTEGRATOR PRESET MINIMUM
HSMNRF,HSG_Min_Derate_Speed,[HSMNRF] Lower limit of HSG_Ref_Speed_Before_Droop
HSMXBKRF,HSG_Max_Active_Breakpoint,[HSMXBKRF] HSG Max Breakpoint
HSMXDPFL,HSG_Adj_Fueling_Clamp_Max,[HSMXDPFL] Maximum allowable fuel that may be used to determine HSG droop reference
HSMXFLLM,HSG_Fueling_Clamp_Max,[HSMXFLLM] HSG FUELING CLAMP MAX
HSMXFTRF,HSG_Filter_Clamp_Max,[HSMXFTRF] HSG maximum filtered engine speed error
HSMXITFL,HSG_Integrator_Clamp_Max,[HSMXITFL] HSG maximum integrator fuel output
HSMXITPZ,HSG_Integrator_Preset_Maximum,[HSMXITPZ] HSG INTEGRATOR PRESET MAXIMUM
HSMXRF,HSG_Max_Derate_Speed,[HSMXRF] Upper limit of HSG_Ref_Speed_Before_Droop
HSNLOFFG,HSG_Active_No_Load_Offset_Flag,[HSNLOFFG] Flag indicating if Active No Load is offset based
HSNLRPDF,HSG_No_Load_RPM,[HSNLRPDF] Default value set for HSG_Active_No_Load_RPM in HSG Ref. Speed Algorithm
HSOMBKMN,Tool_HSG_OEM_Breakpoint_Speed_Min,[HSOMBKMN] Trimmable lower limit of HSG Breakpoint Speed
HSOMBKMX,Tool_HSG_OEM_Breakpoint_Speed_Max,[HSOMBKMX] Trimmable upper limit of HSG Breakpoint Speed
HSPPAJEN,HSG_Proportional_Gain_Adjustment_Enable,[HSPPAJEN] Flag to enable/disable the HSG proportional gain adjustment scheme.
HSPPAJGN,HSG_Proportional_Gain_Adjusted,[HSPPAJGN] HSG adjusted proportional gain.
HSPPCFXA,HSG_Proportional_Gain_Coef_Table_Error_Axis,[HSPPCFXA] Speed error axis of coefficient table for HSG derivative gain adjustment.
HSPPCFYA,HSG_Proportional_Gain_Coef_Table,[HSPPCFYA] Coefficient for HSG proportional gain adjustment.
HSPPFL,HSG_Proportional_Term,[HSPPFL] HSG PID proportional fueling contribution
HSPPFLMN,HSG_Proportional_Clamp_Min,[HSPPFLMN] HSG PID Proportional fueling contribution lower limit
HSPPFLMX,HSG_Proportional_Clamp_Max,[HSPPFLMX] HSG PID Proportional fueling contribution upper limit
HSPPGN,HSG_Proportional_Gain,[HSPPGN] HSG PID proportional gain
HSRF,HSG_Reference_Speed,[HSRF] Current reference speed being used by the HSG feature
HSRFBEDP,HSG_Ref_Speed_Before_Droop,[HSRFBEDP] Reference speed before droop calculation
HSRFBFDP,HSG_Before_Droop_Speed,[HSRFBFDP] The actual HSG derate speed used in HSG droop calculation
HSRFRMRT,HSG_Ramp_Step,[HSRFRMRT] Incremental step in HSG reference used when reference is increased
HSRFST,HSG_Ref_Speed_State,[HSRFST] HSG REFERENCE SPEED STATE
HSRFTOGS,HSG_Ref_Speed_To_Gain_Sched,[HSRFTOGS] Reference speed before droop sent hsg ref -> hsg gain sched
HSSSDVGN,HSG_Speed_Set_Derivative_Gain,[HSSSDVGN] HSG PID speed-dependant derivative gain
HSSSFTTC,HSG_Speed_Set_Error_Filter_Constant,[HSSSFTTC] HSG speed-dependant engine speed error filter time constant
HSSSITGN,HSG_Speed_Set_Integral_Gain,[HSSSITGN] HSG PID speed-dependant integral gain
HSSSPPGN,HSG_Speed_Set_Proportional_Gain,[HSSSPPGN] HSG PID speed-dependant proportional gain
HSTLBKMN,Tool_HSG_Breakpoint_Speed_Minimum,[HSTLBKMN] Lower limit of HSG Breakpoint Speed
HSTLBKMX,Tool_HSG_Breakpoint_Speed_Maximum,[HSTLBKMX] Upper limit of HSG Breakpoint Speed
HSTLDPMN,Tool_Governor_Droop_Minimum_Percent,[HSTLDPMN] Tool minimum limit for All Governors Droop Percent adjustable parameters
HSTLDPMX,Tool_Governor_Droop_Maximum_Percent,[HSTLDPMX] Tool maximum limit for All Governors Droop Percent adjustable parameters
HSTLINMN,Tool_HSG_Droop_Intercept_Minimum,[HSTLINMN] Minimum of fueling intercept used in determining HSG droop reference
HSTLINMX,Tool_HSG_Droop_Intercept_Maximum,[HSTLINMX] Maximum of fueling intercept used in determining HSG droop reference
HSTLSLMN,Tool_HSG_Droop_Slope_Minimum,[HSTLSLMN] Minimum value of slope of HSG droop line
HSTLSLMX,Tool_HSG_Droop_Slope_Maximum,[HSTLSLMX] Maximum value of slope of line defining HSG droop line
HSTLTYMN,Tool_HSG_Droop_Type_Select_Minimum,[HSTLTYMN] minimum value of indicator of what type switch is connected
HSTLTYMX,Tool_HSG_Droop_Type_Select_Maximum,[HSTLTYMX] maximum value of indicator of what type switch is connected
HSTZDVGN,HSG_Transient_Derivative_Gain,[HSTZDVGN] HSG PID derivative gain for transient conditions
HSTZFTTC,HSG_Transient_Error_Filter_Constant,[HSTZFTTC] HSG engine speed error filter time constant for transient conditions
HSTZITGN,HSG_Transient_Integral_Gain,[HSTZITGN] HSG PID integrator gain for transient conditions
HSTZPPGN,HSG_Transient_Proportional_Gain,[HSTZPPGN] HSG PID proportional gain for transient conditions
HS_GOV,Group_HS_GOV,[HS_GOV] HIGH SPEED GOVERNOR INFORMATION
IDLE_D02,Group_IDLE_D02,[IDLE_D02] Group containing electronic constants for Idle Shutdown
IDLE_D08,Group_IDLE_D08,[IDLE_D08] Group containing application specific constants for Idle Shutdown
IDLE_VAL,Group_IDLE_VAL,[IDLE_VAL] COMMANDED THROTTLE PARAMETERS
IDSPSWSL,Inc_Dec_Separate_Switch_Select,[IDSPSWSL] Indicates sep. inc/dec sw.(TRUE) or inc/dec from multi-purp. sw.(FALSE)
IRDG,Group_IN_RANGE_DIAGNOSE,[IRDG] SENSOR IN RANGE DIAGNOSTIC DATA
ISAATPEN,Idle_Shutdown_Temperature_Enable,[ISAATPEN] bit 10 of 15.selects the temp. interaction option for Idle Shutdown
ISMNIM,Idle_Shutdown_Min_IMT,[ISMNIM] Desired extremely cold temperature by customer
ISMNIMLL,Tool_Idle_Shutdown_Min_IMT_Lower_Limit,[ISMNIMLL] Lowest extremely cold temperature
ISMNIMUL,Tool_Idle_Shutdown_Min_IMT_Upper_Limit,[ISMNIMUL] Highest extremely cold temperature
ISMNTMLM,Tool_Idle_Shutdown_Min_Shutdown_Period,[ISMNTMLM] Least time from start to shutdown flag active
ISMNXMLL,Tool_Idle_Shutdown_Max_IMT_Lower_Limit,[ISMNXMLL] Lowest extremely warm temperature
ISMXIM,Idle_Shutdown_Max_IMT,[ISMXIM] Desired extremely warm temperature by customer
ISMXIMUL,Tool_Idle_Shutdown_Max_IMT_Upper_Limit,[ISMXIMUL] Highest extremely warm temperature
ISMXTMLM,Tool_Idle_Shutdown_Max_Shutdown_Period,[ISMXTMLM] Most time lfrom start to shutdown flag active
ISTMLM,Idle_Shutdown_Period,[ISTMLM] DELAY PERIOD BEFORE IDLE SHUTDOWN OCCURS
JC17RXBF,J1708_Rx_Buffer,[JC17RXBF] J1708 receive buffer
JC17RXFF,J1708_Rx_Full_Flag,[JC17RXFF] J1708 receive buffer full flag
JC17RXIP,J1708_Rx_In_Ptr,[JC17RXIP] J1708 receive buffer pointer
JC17RXMP,J1708_Rx_Mid_Ptr,[JC17RXMP] J1708 receive buffer pointer
JC17RXOP,J1708_Rx_Out_Ptr,[JC17RXOP] J1708 receive buffer pointer
JC17TMCU,J1708_Link_Fault_Timeout_Count,[JC17TMCU] Current number of J1708 (J1922) time-outs since powerdown or fault set
JC17TXBF,J1708_Tx_Buffer,[JC17TXBF] J1708 transmit buffer
JC17TXFF,J1708_Tx_Full_Flag,[JC17TXFF] J1708 transmit buffer full flag
JC17TXIP,J1708_Tx_In_Ptr,[JC17TXIP] J1708 transmit buffer
JC17TXMP,J1708_Tx_Mid_Ptr,[JC17TXMP] J1708 transmit buffer
JC17TXOP,J1708_Tx_Out_Ptr,[JC17TXOP] J1708 transmit buffer
JC1CTQYA,Jcomm_1_Cyl_On_Torque_Axis,[JC1CTQYA] Jcomm Brake map axis dep. axis that defines 1 cyl. braking torque
JC22CCSW,J1922_Monitor_Clear_Enable,"[JC22CCSW] Bit 1 of Bits 0:15 J1922 Monitor Clear Enable 0 = don""t clear J1922 control fla"
JC22CCTM,J1922_Clear_Occurrence_Time,[JC22CCTM] J1922 CLEAR OCCURRENCE TIME TIME FROM LAST J1922 CONTROL BEFORE J1922 CONTROL C
JC22CZEA,J1922_Communication_Enable,[JC22CZEA] bit 2 of 0-15 indicates whether J1922 communication is enabled
JC22EN,Start_J1922_Public_Broadcast,[JC22EN] Bit 1 (0-15) Enables J1922 Broadcasts on Port 1
JC22MRSW,J1922_Monitor_Enable,[JC22MRSW] J1922 Monitor Enable 0 = disable monitor algorithm 1 = enable monitor algori
JC2CTQYA,Jcomm_2_Cyl_On_Torque_Axis,[JC2CTQYA] Jcomm rake map 2 axis dep. axis that defines 2 cyl. braking torque
JC39BCFG,J1939_Broadcast_Flags,"[JC39BCFG] Bit 2 - 39/71 Engine, Bit 3 - 39/71 Retarder, Bit 7 - 39/73 Port 1."
JC39CZEA,J1939_Communication_Enable,[JC39CZEA] bit 3 of 0-15 indicates whether J1939 communication is enabled
JC39EGSA,J1939_Engine_Source_Address,[JC39EGSA] J1939 network address for ECM as engine node
JC39MREA,J1939_Monitor_Enable,[JC39MREA] J1939 Monitor Enable 0 = 1939 monitor algo. disabled 1 = 1939 monitor algo. en
JC39MXEA,J1939_Multiplex_Enable,"[JC39MXEA] bit 10 of 0-15, enables or disables multiplex processing"
JC39NEAE,J1939_Hardware_Detected,[JC39NEAE] Flag to acknowledge presence of J1939 devices: True=present False=no devices
JC39P3RP,Jcomm_Engine_Speed_at_Point_3,[JC39P3RP] Jcomm Engine Speed at Pt 3 RPM at pt 3 of engine config map (follows high hp cu
JC39P4RP,Jcomm_Engine_Speed_at_Point_4,[JC39P4RP] Jcomm Engine Speed at Pt 4 RPM at pt 4 of engine config map (follows high hp cu
JC39P5RP,Jcomm_Engine_Speed_at_Point_5,[JC39P5RP] Jcomm Engine Speed at Pt 5 RPM at pt 5 of engine config map (follows high hp cu
JC39RDSA,J1939_Retarder_Source_Address,[JC39RDSA] J1939 network address for ECM as engine retarder node
JC39TMCU,J1939_Link_Fault_Timeout_Count,[JC39TMCU] Current number of J1939 time-outs since powerdown or fault set
JC39TMER,J1939_Link_Not_Fast_Enough_Error,[JC39TMER] Error indicating a J1939 time-out condition has occurred
JC39TXER,J1939_Link_Cannot_Transmit_Error,[JC39TXER] Error indicating that J1939 transmit buffer is full
JC3CTQYA,Jcomm_3_Cyl_On_Torque_Axis,[JC3CTQYA] Jcomm Brake map 3 axis dep. axis that defines 3 cyl. braking torque
JC4CTQYA,Jcomm_4_Cyl_On_Torque_Axis,[JC4CTQYA] Jcomm Brake map 4 axis dep. axis that defines 4 cyl. braking torque
JC5CTQYA,Jcomm_5_Cyl_On_Torque_Axis,[JC5CTQYA] Jcomm Brake map 5 axis dep. axis that defines 5 cyl. braking torque
JC6CTQYA,Jcomm_6_Cyl_On_Torque_Axis,[JC6CTQYA] Jcomm Brake map 6 axis dep. axis that defines 6 cyl. braking torque
JC87CZEA,J1587_Communication_Enable,[JC87CZEA] bit 1 of 0-15 indicates whether J1587 communication is enabled
JC87EN,Start_J1587_Public_Broadcast,[JC87EN] Bit 0 (0-15) Enables J1587 Broadcasts on Port 1
JCAAPZ,Jcomm_Amb_Cond_Message_Default_Priority,[JCAAPZ] default network priority for Ambient Conditions message
JCABSA,Jcomm_ABS_Source_Address,[JCABSA] Jcomm ABS Source Address source address for anti-lock brake device
JCAEEG,J1939_Active_Engine,[JCAEEG] J1939 Active Engine structure see j1939mon specification
JCAERD,J1939_Active_Retarder,[JCAERD] J1939 Active Retarder see j1939mon specification
JCAKPRMU,J1939_Mux_Air_Conditioner_Pressure_Switch_Input,[JCAKPRMU] Multiplex value for Air Conditioner Pressure switch
JCAKPZ,Jcomm_ACK_Message_Default_Priority,[JCAKPZ] Default priority for ACK message
JCARSA,Jcomm_ASR_Source_Address,[JCARSA] Jcomm ASR Source Address source address for anti-slip regulation device
JCATAETX,Jcomm_AT_Transaction,[JCATAETX] Indicates which protocol has an active Anti-Theft transaction
JCATCMST,Jcomm_AT_Command_State,[JCATCMST] indicates command being requested via datalink (for VAT)
JCATCNSS,Jcomm_AT_Component_Status,[JCATCNSS] indicates the VAT state of the engine via datalink
JCATDLSS,Jcomm_AT_Send_Status_Report,[JCATDLSS] indicates via DL if VAT status report message should be sent
JCATEXMD,Jcomm_AT_Desired_Exit_Mode,[JCATEXMD] indicates desired mode of engine locking at keyoff(for VAT)
JCATEYID,Jcomm_AT_Encryption_Indicator,[JCATEYID] indicates via DL if VAT encryption seed is req'd or if PW is present
JCATEYSD,Jcomm_AT_Encryption_Seed,[JCATEYSD] the random number provided via DL as an encryption seed (for VAT)
JCATPW,Jcomm_AT_Password_Representation,[JCATPW] DL relayed encrypted or unencrypted VAT PW entered by operator
JCATPWVD,Jcomm_AT_Password_Valid,[JCATPWVD] indicates via DL if VAT password entered is valid
JCATSDPR,Jcomm_AT_Encryption_Seed_Present,[JCATSDPR] indicates via DL if VAT encryption seed is present
JCATSSRQ,Jcomm_AT_Status_Of_Request,[JCATSSRQ] indicates via DL if VAT request made was valid and successful
JCAUSHMU,J1939_Mux_Auxiliary_Shutdown_Switch,[JCAUSHMU] Multiplex value for auxiliary shutdown switch
JCBCFG,Broadcast_Flags,[JCBCFG] Bit-mapped configuration of DL broadcast powerup default.
JCBCFGLC,Broadcast_Flags_Local,[JCBCFGLC] Bit-mapped parameter indicates protocols/ports broadcast enabling
JCBCRPXA,Jcomm_Brake_Control_RPM_Axis,[JCBCRPXA] Jcomm Brake Control RPM indep. axis used for J1939 retarder map
JCBRSWMU,J1939_Mux_Brake_Switch,[JCBRSWMU] Multiplex value for brake switch
JCCHSWMU,J1939_Mux_Clutch_Switch,[JCCHSWMU] Multiplex value for clutch switch
JCCMTHMU,J1939_Mux_Commanded_Throttle,"[JCCMTHMU] MUXed value for Commanded Throttle requested, already filtered & IVS validated."
JCCNRXFT,J1939_CAN_Rx_Msg_Filter,[JCCNRXFT] J1939 CAN receive message filter
JCCRVSPZ,Jcomm_CC_VSS_Message_Default_Priority,[JCCRVSPZ] default network priority for CC / VSS message
JCCTMR,Supported_Continuous_Monitors,[JCCTMR] Indicator of software's support of continuously run monitors
JCCZSUFG,Command_Security_Flags,[JCCZSUFG] bit-mapped parameter determining access restriction of commands
JCDFEGNM,J1939_Default_Engine_Name,[JCDFEGNM] Default J1939 network name for ECM as engine node
JCDFEGSA,J1939_Default_Engine_Source_Address,[JCDFEGSA] Default J1939 network address for ECM as engine node
JCDFRDNM,J1939_Default_Retarder_Name,[JCDFRDNM] Default J1939 network name for ECM as retarder node upon power-up
JCDFRDSA,J1939_Default_Retarder_Source_Address,[JCDFRDSA] Default J1939 network address for ECM as retarder node upon power-up
JCDG01PZ,Jcomm_DM1_Message_Default_Priority,[JCDG01PZ] Default priority for Diagnostic Message 1
JCDG02PZ,Jcomm_DM2_Message_Default_Priority,[JCDG02PZ] Default priority for Diagnostic Message 2
JCDG04PZ,Jcomm_DM4_Message_Default_Priority,[JCDG04PZ] Default priority for Diagnostic Message 4
JCDG05PZ,Jcomm_DM5_Message_Default_Priority,[JCDG05PZ] Default priority for Diagnostic Message 5
JCDG08PZ,Jcomm_DM8_Message_Default_Priority,[JCDG08PZ] Default priority for Diagnostic Message 8
JCDG10PZ,Jcomm_DM10_Message_Default_Priority,[JCDG10PZ] Default priority for Diagnostic Message 10
JCDQFLIS,Jcomm_Derated_Fueling_at_Idle,[JCDQFLIS] Jcomm fueling value at idle in engine config. message when torque derate
JCDQFLP3,Jcomm_Derated_Fueling_at_Point_3,[JCDQFLP3] Jcomm fueling value at pt. 3 in engine config. message when torque derate
JCDQFLP4,Jcomm_Derated_Fueling_at_Point_4,[JCDQFLP4] Jcomm fueling value at pt. 4 in engine config. message when torque derate
JCDQFLP5,Jcomm_Derated_Fueling_at_Point_5,[JCDQFLP5] Jcomm fueling value at pt. 5 in engine config. message when torque derate
JCDR1NCY,Jcomm_EB_Driver_1_Num_Cyl,[JCDR1NCY] Indicates # of cyl. brakes driven by eb driver 1 for J1939 ret. map
JCDR2NCY,Jcomm_EB_Driver_2_Num_Cyl,[JCDR2NCY] Indicates # of cyl. brakes driven by eb driver 2 for J1939 ret. map
JCDR3NCY,Jcomm_EB_Driver_3_Num_Cyl,[JCDR3NCY] Indicates # of cyl. brakes driven by eb driver 3 for J1939 ret. map
JCDR4NCY,Jcomm_EB_Driver_4_Num_Cyl,[JCDR4NCY] Indicates # of cyl. brakes driven by eb driver 4 for J1939 ret. map
JCDR5NCY,Jcomm_EB_Driver_5_Num_Cyl,[JCDR5NCY] Indicates # of cyl. brakes driven by eb driver 5 for J1939 ret. map
JCDR6NCY,Jcomm_EB_Driver_6_Num_Cyl,[JCDR6NCY] Indicates # of cyl. brakes driven by eb driver 6 for J1939 ret. map
JCDRDITM,Jcomm_Driveline_Disengaged_TO,[JCDRDITM] Jcomm Driveline Disengaged TO time out for Jcomm_Out_of_Gear parameter
JCDRIDFL,Jcomm_Drivers_Demand_Ind_Fuel,[JCDRIDFL] 4-D fueling value used to determine Jcomm_Drivers_Demand_Ind_Torque.
JCDRIDTQ,Jcomm_Drivers_Demand_Ind_Torque,[JCDRIDTQ] Jcomm Drivers Demand Ind Torque requested torque output of engine by driver
JCDSFL,Jcomm_Fueling_Command,[JCDSFL] Jcomm Fueling Command Fuel commanded to engine as dictated by link user
JCDTSWMU,J1939_Mux_Decrement_Switch,[JCDTSWMU] Multiplex value for decrement switch
JCEBDFPZ,Jcomm_EBC1_Message_Default_Priority,[JCEBDFPZ] Default network priority for Engine Brake Controller #1 message.
JCEBSILM,Jcomm_Retarder_Shift_Assist_Limit,[JCEBSILM] limit to which User Fueling is compared to determine if engine brakes should be
JCEBSWMU,J1939_Mux_EB_Switch_Level,[JCEBSWMU] MUXed value for the amount of Engine Brake requested.
JCEG01PZ,Jcomm_EEC1_Message_Default_Priority,[JCEG01PZ] default network priority for EEC1 message
JCEG02PZ,Jcomm_EEC2_Message_Default_Priority,[JCEG02PZ] default network priority for EEC2 message
JCEG03PZ,Jcomm_EEC3_Message_Default_Priority,[JCEG03PZ] default network priority for EEC3 message
JCEGBCEA,J1939_Engine_Broadcast_Enable,[JCEGBCEA] Bit 2 (0:15) Enables J1939/71 Engine Broadcast
JCEGCGPZ,Jcomm_Engine_Config_Message_Default_Priority,[JCEGCGPZ] default network priority for Engine Configuration message
JCEGCOBY,Jcomm_Engine_Control_Byte,[JCEGCOBY] Byte indicating engine commands as received over datalink
JCEGCOID,Jcomm_Engine_Control_Device_Indicator,[JCEGCOID] 0 = NONE 1 = TRANS 2 = ABS 3 = ASR 4 = UNKNOWN
JCEGCOSA,J1939_Engine_Control_Source,[JCEGCOSA] 0 = NONE 1 = TRANS 2 = ABS 3 = ASR 4 = UNKNOWN
JCEGCOSS,J1939_Engine_Control_Status,[JCEGCOSS] J1939 ENGINE CONTROL STATUS 0 = INACTIVE
JCEGDSRP,Jcomm_Engines_Desired_Operating_RPM,[JCEGDSRP] Jcomm Engine's Desired Operating RPM optimal operating speed of engine under cu
JCEGFDPZ,Jcomm_Engine_Fluid_Message_Default_Priority,[JCEGFDPZ] default network priority for Engine Fluid message
JCEGIDTQ,Jcomm_Actual_Engine_Ind_Torque,[JCEGIDTQ] Jcomm Actual Engine Ind Torque calculated output torque of the engine
JCEGMD,Jcomm_Engine_Control_Mode,[JCEGMD] JCOMM CONTROL MODE 0 = DISABLE 1 = SPEED 2 = TORQUE 3 = LIMIT
JCEGNETY,Jcomm_Engine_Control_Network_Type,"[JCEGNETY] network type in control of engine 0 = J1922, 1 = J1939"
JCEGNM,J1939_Engine_Name,[JCEGNM] J1939 network name for ECM as engine node
JCEGNSOB,J1939_Eng_Non_Specific_Rx_Objects,[JCEGNSOB] CAN number of engine destination non-specific Rx objects
JCEGOPRP,Jcomm_Op_Speed_Asymmetry_Adjustment,[JCEGOPRP] Jcomm Operating Speed Asymmetry Adjustment engine's preference for lower versus
JCEGOSTL,Jcomm_Eng_Overspeed_TL,[JCEGOSTL] Jcomm Engine Overspeed TL time limit for Jcomm_High_Idle_Override parameter
JCEGOSTM,Jcomm_Eng_Overspeed_TO,[JCEGOSTM] Jcomm Engine Overspeed TO time out for Jcomm_High_Idle_Override parameter
JCEGSPOB,J1939_Eng_Specific_Rx_Objects,[JCEGSPOB] CAN Number of engine destination-specific Rx objects
JCEGTMPZ,Jcomm_Engine_Hours_Message_Default_Priority,[JCEGTMPZ] Default Network Priority for the Engine Hours Message (PGN FEE5)
JCEGTPPZ,Jcomm_Engine_Temp_Message_Default_Priority,[JCEGTPPZ] default network priority for Engine Temperature message
JCEGTQCO,Jcomm_Engine_Torque_Command,[JCEGTQCO] Torque command to engine as received over datalink
JCEPPZ,Jcomm_Inlet_Exhaust_Cond_Message_Priority,[JCEPPZ] default network priority for Inlet/Exhaust Conditions message
JCEVRPP1,Jcomm_Determined_RPM_Point_1,[JCEVRPP1] Jcomm determined RPM at engine configuration idle speed.
JCEVRPP2,Jcomm_Determined_RPM_Point_2,"[JCEVRPP2] Jcomm-determined RPM at hsg break, for engine config. map"
JCEVRPP3,Jcomm_Determined_RPM_Point_3,[JCEVRPP3] Jcomm determine rpm at engine configuration point 3.
JCEVRPP4,Jcomm_Determined_RPM_Point_4,[JCEVRPP4] Jcomm determine rpm at engine configuration point 3.
JCEVRPP5,Jcomm_Determined_RPM_Point_5,[JCEVRPP5] Jcomm-determined RPM at pt. 5 for engine config. map
JCFCBK03,Jcomm_Frict_Load_at_Brkpt_3,[JCFCBK03] Frictional load torque (in fueling) at breakpoint 3 engine RPM
JCFCBK04,Jcomm_Frict_Load_at_Brkpt_4,[JCFCBK04] Frictional load torque (in fueling) at breakpoint 4 engine RPM
JCFCBK05,Jcomm_Frict_Load_at_Brkpt_5,[JCFCBK05] Frictional load torque (in fueling) at breakpoint 5 engine RPM
JCFCBKRR,Jcomm_Frict_Load_at_Rated_RPM,[JCFCBKRR] Frictional load torque (in fueling) at rated engine RPM
JCFCLDIS,Jcomm_Frict_Load_at_Low_Idle,[JCFCLDIS] Frictional Load interpolated from the no load curve at LSG ref spd
JCFCLDTQ,Jcomm_No_Load_Torque,[JCFCLDTQ] Jcomm No Load Torque estimated frictional no load fueling value
JCFCPZ,Jcomm_Fuel_Consump_Message_Default_Priority,[JCFCPZ] default network priority for Fuel Consumption message
JCFEPZ,Jcomm_Fuel_Economy_Message_Default_Priority,[JCFEPZ] default network priority for Fuel Economy message
JCFMDFPZ,Jcomm_Fan_Drive_Message_Default_Priority,[JCFMDFPZ] Default network priority for Fan Drive Message.
JCFSPCMU,J1939_Mux_Manual_Fan_Level,[JCFSPCMU] Multiplexed value for Requested % Fan Speed
JCFUCUDA,J1587_Fault_Count_Data,[JCFUCUDA] Data used by J1587 and Fault Handler to keep track of fault counts
JCFUSIID,Freeze_Frame_Identification_Number,[JCFUSIID] Indicator of freeze frame format
JCGPSS,Intake_Air_Heater_Status,[JCGPSS] Status from fault handler indicating OBDII def. of monitor status
JCGRRA,J1939_Gear_Ratio,[JCGRRA] Gear ratio from J1939 ETC2 message
JCGRRATO,J1939_Gear_Ratio_TO,[JCGRRATO] time allowed to use old GR from dl before calc. when no GR is avail.
JCGRVDFG,J1939_Gear_Ratio_Valid_Flag,"[JCGRVDFG] Indicates valid j1939 gear ratio, 0=FALSE, 1=TRUE"
JCHII1OD,Jcomm_High_Idle_Override,"[JCHII1OD] Jcomm High Idle Override 0 = FALSE, no override 1 = TRUE, override"
JCHSODES,Jcomm_High_Idle_Override_Speed,[JCHSODES] speed to which HSG ref should be set when Jcomm High Idle override commanded
JCHSTB,J1939_History_Table,[JCHSTB] J1939 History Table see j1939mon specification
JCHSTBPO,J1939_History_Table_Next_Entry,[JCHSTBPO] pointer into J1939_History_Table
JCICSWMU,J1939_Mux_Increment_Switch,[JCICSWMU] Multiplex value for increment switch
JCIDPZ,Jcomm_Component_ID_Message_Default_Priority,[JCIDPZ] default network priority for Component Identification message
JCIHMXFU,Inhibit_Mux_Faults,[JCIHMXFU] Flag used to prevent multiplex faults from getting logged
JCINFCTQ,Jcomm_Ind_Friction_Torque,[JCINFCTQ] Jcomm Ind Friction Torque amount of torque required by base engine
JCINISTQ,Jcomm_Ind_Torque_at_Idle,[JCINISTQ] Jcomm Ind Torque at Idle available torque that engine can provide at idle
JCINP2TQ,Jcomm_Ind_Torque_at_Point_2,[JCINP2TQ] Jcomm Ind Torque at Point 2 available torque that engine can provide at pt 2
JCINP3TQ,Jcomm_Ind_Torque_at_Point_3,[JCINP3TQ] Jcomm Ind Torque at Point 3 available torque that engine can provide at pt 3
JCINP4TQ,Jcomm_Ind_Torque_at_Point_4,[JCINP4TQ] Jcomm Ind Torque at Point 4 available torque that engine can provide at pt 4
JCINP5TQ,Jcomm_Ind_Torque_at_Point_5,[JCINP5TQ] Jcomm Ind Torque at Point 5 available torque that engine can provide at pt 5
JCINPCLD,Jcomm_Ind_Percent_Load,[JCINPCLD] Jcomm Ind Percent Load ratio of actual engine torque to max torque at current s
JCINPKFL,Jcomm_Peak_Fueling,[JCINPKFL] Jcomm Peak Fueling ref fuel for all indicated percent peak torques
JCINRDTQ,Jcomm_Ind_Retarder_Torque,[JCINRDTQ] Jcomm Ind Retarder Torque amount of torque provided by retarder
JCISPZ,Jcomm_Idle_Op_Message_Default_Priority,[JCISPZ] default network priority for Idle Operation message
JCISSHPZ,Jcomm_Idle_Shutdown_Message_Default_Priority,[JCISSHPZ] default network priority for Idle Shutdown message
JCISSWMU,J1939_Mux_Idle_Switch,[JCISSWMU] Multiplex value for idle switch
JCLMRP,Jcomm_Engine_Speed_Limit_RPM,[JCLMRP] Jcomm Engine Speed Limit RPM maximum allowed engine speed as per link user
JCLMS1TM,Jcomm_Lim_Cmd_TO_SA_1,[JCLMS1TM] Jcomm Lim Cmd TO SA 1 time out for engine LIMIT_ENGINE mode for node at Source
JCLMS2TM,Jcomm_Lim_Cmd_TO_SA_2,[JCLMS2TM] Jcomm Lim Cmd TO SA 2 time out for engine LIMIT_ENGINE mode for node at Source
JCLMS3TM,Jcomm_Lim_Cmd_TO_SA_3,[JCLMS3TM] Jcomm Lim Cmd TO SA 3 time out for engine LIMIT_ENGINE mode for node at Source
JCLMS4TM,Jcomm_Lim_Cmd_TO_SA_4,[JCLMS4TM] Jcomm Lim Cmd TO SA 4 time out for engine LIMIT_ENGINE mode for node at Source
JCLMS5TM,Jcomm_Lim_Cmd_TO_SA_5,[JCLMS5TM] Jcomm Lim Cmd TO SA 5 time out for engine LIMIT_ENGINE mode for node at Source
JCLMTM,Jcomm_Message_Timeout,[JCLMTM] Jcomm Message Timeout max time elapsed between message before control mode exit
JCLSPCTQ,Jcomm_Prc_Pk_Trq_at_Idle,[JCLSPCTQ] Jcomm Percent Peak Torque at Idle speed percent peak torque avail at idle rpm
JCLSRFOF,Jcomm_LSG_Ref_Speed_Offset,[JCLSRFOF] Offset from LSG Reference which is broadcast pt1
JCMIFISS,Misfire_Monitor_Status,[JCMIFISS] Status from fault handler indicating OBDII def. of monitor status
JCMXEBRP,Jcomm_Maximum_Retarder_Speed,[JCMXEBRP] Jcomm Max Retarder Speed maximum allowed RPM of retarder config map
JCMXFUDY,Mux_Fault_Delay,[JCMXFUDY] Maximum wait before starting to log mux faults again
JCMXRNTR,Multiplex_Engine_Run_Timer,[JCMXRNTR] Keeps track of how long engine has been running
JCMXT0FL,Jcomm_Pk_Fueling_Tau_0,[JCMXT0FL] Jcomm Peak Fueling Tau 0 Max fueling on 100% throttle curve for tau = 0
JCNES1SW,Jcomm_Net_Type_SA_1,[JCNES1SW] Jcomm Network Type SA 1 0 = J1922 Source Address 1 = J1939 Source Address
JCNES2SW,Jcomm_Net_Type_SA_2,[JCNES2SW] Jcomm Network Type SA 2 0 = J1922 Source Address 1 = J1939 Source Address
JCNES3SW,Jcomm_Net_Type_SA_3,[JCNES3SW] Jcomm Network Type SA 3 0 = J1922 Source Address 1 = J1939 Source Address
JCNES4SW,Jcomm_Net_Type_SA_4,[JCNES4SW] Jcomm Network Type SA 4 0 = J1922 Source Address 1 = J1939 Source Address
JCNES5SW,Jcomm_Net_Type_SA_5,[JCNES5SW] Jcomm Network Type SA 5 0 = J1922 Source Address 1 = J1939 Source Address
JCNMLEAR,Name_Length_Area,[JCNMLEAR] ADDRESS OF SCRATCH PAD DIRECTORY
JCNMLELE,Name_Length_Len,[JCNMLELE] NUMBER OF ENTRIES IN THE SCRATCH PAD
JCNTCTMR,Supported_Non_Continuous_Monitors,[JCNTCTMR] Indicator of software's support of non-continuously run monitors
JCOBDG,OBD_Compliance,[JCOBDG] Indicator of OBD compliance of module
JCOG,Jcomm_Out_of_Gear,"[JCOG] Jcomm Out of Gear 0 = FALSE, in gear 1 = TRUE, out of gear"
JCOGNETY,Jcomm_Out_of_Gear_Network_Type,"[JCOGNETY] Indicator of which network set Jcomm_Out_of_Gear: 0 = 1922, 1 = 1939"
JCOGTO,Jcomm_OOG_Timeout,[JCOGTO] time of no datalink OOG before calculating OOG
JCOGVDFG,Jcomm_OOG_Valid_Flag,"[JCOGVDFG] Indicates valid jcomm oog, 0=FALSE, 1=TRUE"
JCPCLD,J1587_Percent_Load,"[JCPCLD] Current output torque as a percent of maximum torque available, for J1587 broad"
JCPCPKTQ,Jcomm_Percent_Peak_Torque,[JCPCPKTQ] Jcomm Percent Peak Torque based on current engine speed and temperature
JCPCRDTQ,Jcomm_Percent_Retarder_Torque,[JCPCRDTQ] Jcomm req. % torque braking (override or limit value)
JCPCTQ03,Jcomm_Prc_Pk_Trq_at_Brkpt_3,[JCPCTQ03] Jcomm Percent Peak Torque at Breakpoint 3 percent peak torque avail at brkpt 3
JCPCTQ04,Jcomm_Prc_Pk_Trq_at_Brkpt_4,[JCPCTQ04] Jcomm Percent Peak Torque at Breakpoint 4 percent peak torque avail at brkpt 4
JCPCTQ05,Jcomm_Prc_Pk_Trq_at_Brkpt_5,[JCPCTQ05] Jcomm Percent Peak Torque at Breakpoint 5 percent peak torque avail at brkpt 5
JCPKT0FL,Jcomm_Pk_Trq_Min_Fueling_Tau_0,[JCPKT0FL] Jcomm Peak Torque Min Fueling Tau 0 frict load fuel at peak torque rpm if tau=0
JCPKT0RP,Jcomm_Pk_Torque_RPM_Tau_0,[JCPKT0RP] Jcomm Peak Torque RPM Tau 0 engine speed for peak torque when tau equals zero
JCPSDB,Jcomm_Progressive_Shift_Disable,"[JCPSDB] Jcomm Progressive Shift Disable 1=TRUE,disable prog shift 0=FALSE,allow prog s"
JCPSTM,Jcomm_Prog_Shift_TO,[JCPSTM] Jcomm Prog Shift TO time out for Jcomm_Progressive_Shift_Disable parameter
JCPTONMU,J1939_Mux_PTO_On_Switch,[JCPTONMU] Multiplex value for PTO On switch
JCPTPZ,Jcomm_PTO_Info_Message_Default_Priority,[JCPTPZ] default network priority for Power Takeoff Information message
JCPTRUMU,J1939_Mux_PTO_Resume_Switch,[JCPTRUMU] Multiplex value for PTO Resume switch
JCPTSEMU,J1939_Mux_PTO_Set_Switch,[JCPTSEMU] Multiplex value for PTO set switch
JCRD01PZ,Jcomm_ERC1_Message_Default_Priority,[JCRD01PZ] default network priority for ERC1 message
JCRDBCEA,J1939_Retarder_Broadcast_Enable,[JCRDBCEA] Bit 3 (0:15) Enables J1939/71 Retarder Broadcast
JCRDCGPZ,Jcomm_Retarder_Config_Message_Default_Priority,[JCRDCGPZ] default network priority for Retarder Configuration message
JCRDCOBY,Jcomm_Retarder_Control_Byte,[JCRDCOBY] Byte indicating retarder commands as received over datalink
JCRDCOID,Jcomm_Retarder_Control_Device_Indicator,[JCRDCOID] 0 = NONE 1 = TRANS 2 = ABS 3 = ASR 4 = UNKNOWN
JCRDCOSA,J1939_Retarder_Control_Source,[JCRDCOSA] 0 = NONE 1 = TRANS 2 = ABS 3 = ASR 4 = UNKNOWN
JCRDCOSS,J1939_Retarder_Control_Status,[JCRDCOSS] J1939 RETARDER CONTROL STATUS 0 = INACTIVE
JCRDISRP,Jcomm_Retarder_Speed_at_Idle,[JCRDISRP] Jcomm Retarder Speed at Idle - RPM at idle of retarder config map
JCRDISTQ,Jcomm_Retarder_Torque_at_Idle,[JCRDISTQ] Jcomm Retarder Torque at Idle available torque that retarder can provide at i
JCRDL1TM,Jcomm_Ret_Lim_Cmd_TO_SA_1,[JCRDL1TM] Jcomm Ret Lim Cmd TO SA 1 time out for retarder LIMIT_RETARDER mode for node at
JCRDL2TM,Jcomm_Ret_Lim_Cmd_TO_SA_2,[JCRDL2TM] Jcomm Ret Lim Cmd TO SA 2 time out for retarder LIMIT_RETARDER mode for node at
JCRDL3TM,Jcomm_Ret_Lim_Cmd_TO_SA_3,[JCRDL3TM] Jcomm Ret Lim Cmd TO SA 3 time out for retarder LIMIT_RETARDER mode for node at
JCRDL4TM,Jcomm_Ret_Lim_Cmd_TO_SA_4,[JCRDL4TM] Jcomm Ret Lim Cmd TO SA 4 time out for retarder LIMIT_RETARDER mode for node at
JCRDL5TM,Jcomm_Ret_Lim_Cmd_TO_SA_5,[JCRDL5TM] Jcomm Ret Lim Cmd TO SA 5 time out for retarder LIMIT_RETARDER mode for node at
JCRDLM,Jcomm_Engine_Brake_Limit,[JCRDLM] Jcomm Engine Brake Limit
JCRDMSTQ,Jcomm_Retarder_Torque_at_Max_Speed,[JCRDMSTQ] Jcomm Retarder Torque at Max Speed available torque that retarder can provide a
JCRDNM,J1939_Retarder_Name,[JCRDNM] J1939 network name for ECM as engine retarder node
JCRDNSOB,J1939_Ret_Non_Specific_Rx_Objects,[JCRDNSOB] CAN number of retarder destination non-specific Rx objects
JCRDP3RP,Jcomm_Retarder_Speed_at_Point_3,[JCRDP3RP] Jcomm Retarder Speed at Pt 3 - RPM at pt 3 of retarder config map
JCRDP3TQ,Jcomm_Retarder_Torque_at_Point_3,[JCRDP3TQ] Jcomm Retarder Torque at Pt 3 available torque that retarder can provide at p
JCRDP4RP,Jcomm_Retarder_Speed_at_Point_4,[JCRDP4RP] Jcomm Retarder Speed at Pt 4 - RPM at pt 4 of retarder config map
JCRDP4TQ,Jcomm_Retarder_Torque_at_Point_4,[JCRDP4TQ] Jcomm Retarder Torque at Pt 4 available torque that retarder can provide at p
JCRDP5TQ,Jcomm_Retarder_Torque_at_Point_5,[JCRDP5TQ] Available torque that retarder can provide at pt 5
JCRDPTRP,Jcomm_Retarder_Speed_at_Peak_Torque,[JCRDPTRP] Jcomm Retarder Speed at Peak Torque - RPM at peak torque of retarder config ma
JCRDSPOB,J1939_Ret_Specific_Rx_Objects,[JCRDSPOB] CAN number of retarder destination-specific Rx objects
JCRDST,Jcomm_Retarder_Control_Mode,[JCRDST] Jcomm Retarder Control Mode 0 = disable 2 = torque 3 = limit
JCRDT1TL,Jcomm_Ret_Trq_Cmd_TL_SA_1,[JCRDT1TL] Jcomm Ret Trq Cmd TL SA 1 time limit for retarder TORQUE_COMMAND mode for Addre
JCRDT1TM,Jcomm_Ret_Trq_Cmd_TO_SA_1,[JCRDT1TM] Jcomm Ret Trq Cmd TO SA 1 time out for retarder TORQUE_COMMAND mode for Address
JCRDT2TL,Jcomm_Ret_Trq_Cmd_TL_SA_2,[JCRDT2TL] Jcomm Ret Trq Cmd TL SA 2 time limit for retarder TORQUE_COMMAND mode for Addre
JCRDT2TM,Jcomm_Ret_Trq_Cmd_TO_SA_2,[JCRDT2TM] Jcomm Ret Trq Cmd TO SA 2 time out for retarder TORQUE_COMMAND mode for Address
JCRDT3TL,Jcomm_Ret_Trq_Cmd_TL_SA_3,[JCRDT3TL] Jcomm Ret Trq Cmd TL SA 3 time limit for retarder TORQUE_COMMAND mode for Addre
JCRDT3TM,Jcomm_Ret_Trq_Cmd_TO_SA_3,[JCRDT3TM] Jcomm Ret Trq Cmd TO SA 3 time out for retarder TORQUE_COMMAND mode for Address
JCRDT4TL,Jcomm_Ret_Trq_Cmd_TL_SA_4,[JCRDT4TL] Jcomm Ret Trq Cmd TL SA 4 time limit for retarder TORQUE_COMMAND mode for Addre
JCRDT4TM,Jcomm_Ret_Trq_Cmd_TO_SA_4,[JCRDT4TM] Jcomm Ret Trq Cmd TO SA 4 time out for retarder TORQUE_COMMAND mode for Address
JCRDT5TL,Jcomm_Ret_Trq_Cmd_TL_SA_5,[JCRDT5TL] Jcomm Ret Trq Cmd TL SA 5 time limit for retarder TORQUE_COMMAND mode for Addre
JCRDT5TM,Jcomm_Ret_Trq_Cmd_TO_SA_5,[JCRDT5TM] Jcomm Ret Trq Cmd TO SA 5 time out for retarder TORQUE_COMMAND mode for Address
JCRDTQCO,Jcomm_Retarder_Torque_Command,[JCRDTQCO] Retarder torque/torque limit command in percent of peak retarder torque receive
JCRDTXEA,J1939_Retarder_Shift_Assist_Enable,[JCRDTXEA] enable for speed control / engine braking interaction
JCRFEGFL,Jcomm_Reference_Engine_Fueling,[JCRFEGFL] Determined Peak Engine Fueling
JCRFEGTQ,Jcomm_Reference_Engine_Torque,[JCRFEGTQ] Jcomm Reference Engine Torque reference engine torque that corresponds to Jcomm
JCRFRDTQ,Jcomm_Reference_Retarder_Torque,[JCRFRDTQ] Jcomm Reference Retarder Torque reference ret torque that corresponds to Jcomm_
JCRFRP,Jcomm_Reference_RPM,[JCRFRP] Jcomm Reference RPM engine speed to be output by engine as per link user
JCRFTQ,Reference_Engine_Torque,[JCRFTQ] The Maximum available Torque (corresponds to Jcomm_Peak_Fueling)
JCRPGVMD,Jcomm_Speed_Governor_Mode,[JCRPGVMD] Jcomm Speed Governor Mode indicator of which speed mode characteristic ASG is i
JCRPGVSS,Jcomm_Speed_Control_Status,[JCRPGVSS] Jcomm Speed Control Status 1 = speed control mode 0 = not in speed control mo
JCRPS1TL,Jcomm_Spd_Cmd_TL_SA_1,[JCRPS1TL] Jcomm Spd Cmd TL SA 1 time limit for engine SPEED_COMMAND mode for Address 1 no
JCRPS1TM,Jcomm_Spd_Cmd_TO_SA_1,[JCRPS1TM] Jcomm Spd Cmd TO SA 1 time out for engine SPEED_COMMAND mode for Address 1 node
JCRPS2TL,Jcomm_Spd_Cmd_TL_SA_2,[JCRPS2TL] Jcomm Spd Cmd TL SA 2 time limit for engine SPEED_COMMAND mode for Address 2 no
JCRPS2TM,Jcomm_Spd_Cmd_TO_SA_2,[JCRPS2TM] Jcomm Spd Cmd TO SA 2 time out for engine SPEED_COMMAND mode for Address 2 node
JCRPS3TL,Jcomm_Spd_Cmd_TL_SA_3,[JCRPS3TL] Jcomm Spd Cmd TL SA 3 time limit for engine SPEED_COMMAND mode for Address 3 no
JCRPS3TM,Jcomm_Spd_Cmd_TO_SA_3,[JCRPS3TM] Jcomm Spd Cmd TO SA 3 time out for engine SPEED_COMMAND mode for Address 3 node
JCRPS4TL,Jcomm_Spd_Cmd_TL_SA_4,[JCRPS4TL] Jcomm Spd Cmd TL SA 4 time limit for engine SPEED_COMMAND mode for Address 4 no
JCRPS4TM,Jcomm_Spd_Cmd_TO_SA_4,[JCRPS4TM] Jcomm Spd Cmd TO SA 4 time out for engine SPEED_COMMAND mode for Address 4 node
JCRPS5TL,Jcomm_Spd_Cmd_TL_SA_5,[JCRPS5TL] Jcomm Spd Cmd TL SA 5 time limit for engine SPEED_COMMAND mode for Address 5 no
JCRPS5TM,Jcomm_Spd_Cmd_TO_SA_5,[JCRPS5TM] Jcomm Spd Cmd TO SA 5 time out for engine SPEED_COMMAND mode for Address 5 node
JCRTPCTQ,Jcomm_Prc_Pk_Trq_at_Rated_RPM,[JCRTPCTQ] Jcomm Percent Peak Torque at rated speed percent peak torque avail at rated rpm
JCRTSWMU,J1939_Mux_Remote_Throttle_Switch,[JCRTSWMU] Multiplex value for remote throttle switch
JCRTT0RP,Jcomm_Rated_Speed_Tau_0,[JCRTT0RP] Jcomm Rated Speed Tau 0 rated max engine speed tau = 0 also no derate hsg break
JCRTTHMU,J1939_Mux_Remote_Throttle,[JCRTTHMU] Multiplexed value for remote Accelerator
JCRXSWMU,J1939_Mux_Remote_PTO_Switch,[JCRXSWMU] Multiplex value for remote PTO switch
JCSA1,Jcomm_Source_Address_1,[JCSA1] Jcomm Source Address 1 J1939 source address for 1939 device or J1922 MID
JCSA2,Jcomm_Source_Address_2,[JCSA2] Jcomm Source Address 2 J1939 source address for 1939 device or J1922 MID
JCSA3,Jcomm_Source_Address_3,[JCSA3] Jcomm Source Address 3 J1939 source address for 1939 device or J1922 MID
JCSA4,Jcomm_Source_Address_4,[JCSA4] Jcomm Source Address 4 J1939 source address for 1939 device or J1922 MID
JCSA5,Jcomm_Source_Address_5,[JCSA5] Jcomm Source Address 5 J1939 source address for 1939 device or J1922 MID
JCSABLTB,Jcomm_Source_Address_Blocking_Table,[JCSABLTB] Jcomm Source Address Blocking Table table that has source addresses to be block
JCSBR1AO,Shadow_RAM_Auto_Load,[JCSBR1AO] Bit 4 of 0-15. if true load shadow ram during initialization else dont
JCSPUPFG,Scratchpad_CRC_Updated,[JCSPUPFG] Flag indicating tool has updated Scratch_Pad_CRC
JCT0P2FL,Jcomm_Tau_0_Derated_Fueling_at_Point_2,[JCT0P2FL] Jcomm fueling low hp value at pt. 2 in engine config. when torque derate
JCT0P2RP,Jcomm_Tau_0_Derated_Breakpoint,[JCT0P2RP] Jcomm RPM low hp pt. 2 in engine config. when torque derate
JCT0P5IN,Jcomm_Tau_0_Point_5_Intersection_Speed,"[JCT0P5IN] when Derate_Speed < this point, low hp hsg ref. line left of pt. 5"
JCT0PKTQ,Jcomm_Peak_Torque_Tau_0,[JCT0PKTQ] Jcomm Peak Torque Tau 0 torque rating of engine associated with peak torque fue
JCT0RP03,Jcomm_Speed_Brkpt_3_Tau_0,[JCT0RP03] Jcomm Speed Breakpoint 3 Tau 0 engine speed breakpoint 3 defined for tau = 0
JCT0RP04,Jcomm_Speed_Brkpt_4_Tau_0,[JCT0RP04] Jcomm Speed Breakpoint 4 Tau 0 engine speed breakpoint 4 defined for tau = 0
JCT0RP05,Jcomm_Speed_Brkpt_5_Tau_0,[JCT0RP05] Jcomm Speed Breakpoint 5 Tau 0 engine speed breakpoint 5 defined for tau = 0
JCT1P2FL,Jcomm_Tau_1_Derated_Fueling_at_Point_2,[JCT1P2FL] Jcomm fueling hi hp value at pt. 2 in engine config. when torque derate
JCT1P2RP,Jcomm_Tau_1_Derated_Breakpoint,[JCT1P2RP] Jcomm RPM hi hp pt. 2 in engine config. when torque derate
JCT1P5IN,Jcomm_Tau_1_Point_5_Intersection_Speed,"[JCT1P5IN] when Derate_Speed < this point, hi hp hsg ref. line left of pt. 5"
JCTESWMU,J1939_Mux_Test_Switch,[JCTESWMU] Multiplex value for test switch
JCTHKCTD,Jcomm_Throttle_Kickdown_Threshold,[JCTHKCTD] Jcomm Throttle Kickdown Threshold throt position above which kickdown is active
JCTMERLM,Jcomm_Link_Fault_Timeout_Limit,[JCTMERLM] Number of timeouts allowed before setting J1xxx_Link_Not_Fast_Enough_Error
JCTMRCTM,Jcomm_Recovery_Time,[JCTMRCTM] Jcomm Recovery Time time that time limited node must be silent before messages
JCTQFLP1,Jcomm_Fueling_At_Point_1,[JCTQFLP1] Torque curve fueling at idle speed breakpoint.
JCTQFLP2,Jcomm_Fueling_At_Point_2,[JCTQFLP2] Torque curve fueling at point 2 speed breakpoint.
JCTQFLP3,Jcomm_Fueling_At_Point_3,[JCTQFLP3] Torque curve fueling at point 3 speed breakpoint.
JCTQFLP4,Jcomm_Fueling_At_Point_4,[JCTQFLP4] Torque curve fueling at point 4 speed breakpoint.
JCTQFLP5,Jcomm_Fueling_At_Point_5,[JCTQFLP5] Torque curve fueling at point 5 speed breakpoint.
JCTQLK,Jcomm_Torque_Converter_Lockup_Disengaged,"[JCTQLK] Indicates when Torque Converter is locked up 0=engaged, 1=disengaged"
JCTQLMFL,Jcomm_Torque_Derate_Fueling,[JCTQLMFL] Jcomm Torque Derate Fueling maximum allowed fuel as per link user
JCTQRPP1,Jcomm_RPM_At_Point_1,[JCTQRPP1] Torque curve speed at breakpoint 1 (LSG Reference).
JCTQRPP2,Jcomm_RPM_At_Point_2,[JCTQRPP2] Torque curve speed at breakpoint 2 (HSG Breakpoint).
JCTQRPP3,Jcomm_RPM_At_Point_3,[JCTQRPP3] Torque curve speed at breakpoint 3.
JCTQRPP4,Jcomm_RPM_At_Point_4,[JCTQRPP4] Torque curve speed at breakpoint 4.
JCTQRPP5,Jcomm_RPM_At_Point_5,[JCTQRPP5] Torque curve speed at breakpoint 5.
JCTQS1TL,Jcomm_Trq_Cmd_TL_SA_1,[JCTQS1TL] Jcomm Trq Cmd TL SA 1 time limit for engine TORQUE_COMMAND mode for Address 1 n
JCTQS1TM,Jcomm_Trq_Cmd_TO_SA_1,[JCTQS1TM] Jcomm Trq Cmd TO SA 1 time out for engine TORQUE_COMMAND mode for Address 1 nod
JCTQS2TL,Jcomm_Trq_Cmd_TL_SA_2,[JCTQS2TL] Jcomm Trq Cmd TL SA 2 time limit for engine TORQUE_COMMAND mode for Address 2 n
JCTQS2TM,Jcomm_Trq_Cmd_TO_SA_2,[JCTQS2TM] Jcomm Trq Cmd TO SA 2 time out for engine TORQUE_COMMAND mode for Address 2 nod
JCTQS3TL,Jcomm_Trq_Cmd_TL_SA_3,[JCTQS3TL] Jcomm Trq Cmd TL SA 3 time limit for engine TORQUE_COMMAND mode for Address 3 n
JCTQS3TM,Jcomm_Trq_Cmd_TO_SA_3,[JCTQS3TM] Jcomm Trq Cmd TO SA 3 time out for engine TORQUE_COMMAND mode for Address 3 nod
JCTQS4TL,Jcomm_Trq_Cmd_TL_SA_4,[JCTQS4TL] Jcomm Trq Cmd TL SA 4 time limit for engine TORQUE_COMMAND mode for Address 4 n
JCTQS4TM,Jcomm_Trq_Cmd_TO_SA_4,[JCTQS4TM] Jcomm Trq Cmd TO SA 4 time out for engine TORQUE_COMMAND mode for Address 4 nod
JCTQS5TL,Jcomm_Trq_Cmd_TL_SA_5,[JCTQS5TL] Jcomm Trq Cmd TL SA 5 time limit for engine TORQUE_COMMAND mode for Address 5 n
JCTQS5TM,Jcomm_Trq_Cmd_TO_SA_5,[JCTQS5TM] Jcomm Trq Cmd TO SA 5 time out for engine TORQUE_COMMAND mode for Address 5 nod
JCTQSWMU,J1939_Mux_Torque_Derate_Switch,[JCTQSWMU] Multiplex value for torque derate switch
JCTRSA,Jcomm_Trans_Source_Address,[JCTRSA] Jcomm Transmission Source Address 1939 source address for transmission ECM
JCTSSP,J1939_Tailshaft_Speed,[JCTSSP] Output shaft speed from J1939 ETC1 message
JCTSTO,J1939_TSS_Timeout,[JCTSTO] time of none or bad datalink tailshaft speed before setting VSS error
JCVDRXOB,J1939_Valid_Rx_Objects,[JCVDRXOB] Number of valid CAN chip message objects
JCVHDSPZ,Jcomm_Vehicle_Dist_Message_Default_Priority,[JCVHDSPZ] default network priority for Vehicle Distance message
JCVHHRPZ,Jcomm_Vehicle_Hours_Message_Default_Priority,[JCVHHRPZ] default network priority for Vehicle Hours message
JCVHIDPZ,Jcomm_Vehicle_ID_Number_Message_Default_Priority,[JCVHIDPZ] Default network priority for Vehicle Identification Message
JCVHPXPZ,Jcomm_Vehicle_Elect_Power_Message_Default_Priority,[JCVHPXPZ] default network priority for Vehicle Electrical Power message
JCVSSI,Jcomm_Diag_MPH_in_Snapshot,[JCVSSI] Status indicating whether Vehicle Speed is included in Snapshot
JCWFDFPZ,Jcomm_WIFI_Message_Default_Priority,[JCWFDFPZ] Default network priority for Water In Fuel Indicator Message.
JCWTPRMU,J1939_Mux_Wet_Tank_Pressure,[JCWTPRMU] MUXed value for the Pneumatic Control Pressure (Wet tank pressure).
LAMP_CON,Group_LAMP_CON,[LAMP_CON] LAMP_CONTROL
LCDGFDLP,Maintenance_Fault_Lamp,[LCDGFDLP] Passes diagnostic output for Maintenance Lamp to J1939/73
LCDGSTLP,Stop_Fault_Lamp,[LCDGSTLP] Passes diagnostic output for Stop Lamp to J1939/73
LCDGWNLP,Warning_Fault_Lamp,[LCDGWNLP] Passes diagnostic output for Warning Lamp to J1939/73
LCDRERCU,Lamp_Driver_Error_Count,[LCDRERCU] Number of bad samples before setting of lamp driver error
LCDRRVCU,Lamp_Driver_Recover_Count,[LCDRRVCU] Number of good samples before clearing of lamp driver error
LCFDLPEA,Maintenance_Lamp_Driver,[LCFDLPEA] Desired state of the Maintenance_Lamp_Driver output driver.
LCLPFFTM,Lamp_Blink_Off_Time,[LCLPFFTM] LENGTH OF TIME THE WARNING OR STOP LAMP IS OFF WHEN FLASHING
LCLPONTM,Lamp_Blink_On_Time,[LCLPONTM] LENGTH OF TIME THE WARNING OR STOP LAMP IS ON WHEN FLASHING
LCLPTB,Lamp_Sequence_Table,[LCLPTB] Table - up to 15 values that specify powerup lamp sequence order.
LCMLFTLP,Malfunction_Fault_Lamp,[LCMLFTLP] Reflects true status of OBD mil lit bits
LCWTFBPZ,Wait_To_Start_Lamp_Feedback_Priority,[LCWTFBPZ] Current override priority for Wait_To_Start_Lamp_Feedback.
LCWTFBUV,Wait_To_Start_Lamp_Feedback_User_Value,[LCWTFBUV] User override value for Wait_To_Start_Lamp_Feedback.
LHESFTTC,Limp_Home_Engine_Speed_Filter_Constant,[LHESFTTC] Calibrated value used by first order filter for engine speed filtering
LHFL,Limp_Home_Fueling,[LHFL] Fueling value from Limp Home Algorithm
LHFLRMRT,Limp_Home_Max_Fuel_Ramp_Rate,[LHFLRMRT] Ramp down rate of max limp home fueling when > Limp_Home_Max_Fueling
LHFTES,Limp_Home_Filtered_Engine_Speed,[LHFTES] Filtered engine speed used to determine Limp_Home_Max_Fueling
LHICFL,Limp_Home_Fueling_Increment,[LHICFL] Calibrated fueling increase for each execution when throttle not-idle
LHMNFL,Minimum_Limp_Home_Fueling,[LHMNFL] Calibrated fueling when throttle status transitions to off idle
LHMNMXFL,Minimum_Limp_Home_Max_Fueling,[LHMNMXFL] Calibrated value which determines the lowest Limp_Home_Max_Fueling
LHMXFL,Limp_Home_Max_Fueling,[LHMXFL] Calculated fueling value dependent upon engine speed
LHOFFL,Limp_Home_Fueling_Offset,[LHOFFL] FUELING Offset used to determine Limp_Home_Max_Fueling
LHSLFL,Limp_Home_Fueling_Slope,[LHSLFL] Fueling Slope used to determine Limp_Home_Max_Fueling
LIMP_HM,Group_LIMP_HOME,[LIMP_HM] LIMP HOME FUELING GROUP
LSAGDVGN,LSG_Aggressive_Derivative_Gain,[LSAGDVGN] Low speed governor aggressive derivative gain
LSAGGNEN,LSG_Aggressive_Gain_Set_Enable,[LSAGGNEN] Low speed governor aggressive gain set enable.
LSAGITGN,LSG_Aggressive_Integral_Gain,[LSAGITGN] Low speed governor aggressive integral gain
LSAGJKGN,LSG_Aggressive_Jerk_Gain,[LSAGJKGN] LSG J gain from aggressive gain set
LSAGPPGN,LSG_Aggressive_Proportional_Gain,[LSAGPPGN] Low speed governor aggressive proportional gain.
LSAJRFES,LSG_Adjusted_Reference_Speed,[LSAJRFES] LSG reference speed adjusted with throttle position
LSAPDVGN,FSS_LSG_Derivative_Gain,[LSAPDVGN] LSG D gain passed from fuel system specific algorithm
LSAPITGN,FSS_LSG_Integral_Gain,[LSAPITGN] LSG I gain passed from fuel system specific algorithm
LSAPJKGN,FSS_LSG_Jerk_Gain,[LSAPJKGN] LSG J gain passed from fuel system specific algorithm
LSAPPPGN,FSS_LSG_Proportional_Gain,[LSAPPPGN] LSG P gain passed from fuel system specific algorithm.
LSBPRFES,LSG_Breakpoint_Speed,[LSBPRFES] LSG base reference speed
LSCICLTP,Cold_Idle_Coolant_Temperature,"[LSCICLTP] If coolant temp less than this, increment cold idle timer"
LSCITMLM,Cold_Idle_Time,"[LSCITMLM] Amount of time cold idle based speed is in effect;if=0,no time limit"
LSCNRSFL,LSG_Integrator_Reset,[LSCNRSFL] LSG integrator reset value used to adjust integrator under defined RPM/TVO limi
LSDCTDES,LSG_Delta_RPM_Threshold,[LSDCTDES] delta rpm threshold for aggressive gains activation/deactivation
LSDFDVGN,LSG_Default_Derivative_Gain,[LSDFDVGN] Low speed governor default derivative gain
LSDFITGN,LSG_Default_Integral_Gain,[LSDFITGN] Low speed governor default integral gain
LSDFJKGN,LSG_Default_Jerk_Gain,[LSDFJKGN] Low speed governor default jerk gain
LSDFPPGN,LSG_Default_Proportional_Gain,[LSDFPPGN] Low speed governor default proportional gain.
LSDPAJ,LSG_Droop_Speed_Adjustment,[LSDPAJ] LSG reference speed adjustment due to droop.
LSDPEN,LSG_Droop_Enable,[LSDPEN] LSG Droop Enable bit 6 of 0 - 15 in word C
LSDPFTCS,LSG_Droop_Filter_Constant,[LSDPFTCS] Filter constant of LSG droop filter
LSDPMN,LSG_Droop_Slope_Min,[LSDPMN] LSG droop slope lower limitation.
LSDPMX,LSG_Droop_Slope_Max,[LSDPMX] LSG droop slope upper limitation.
LSDPSE,LSG_Droop_Selected,[LSDPSE] LSG Droop Selected Slope
LSDPSEPC,LSG_Droop_Selected_Percent,[LSDPSEPC] LSG Droop Selected Percent
LSDSRFRP,Desired_Low_Idle_Ref_Speed,[LSDSRFRP] Operator adjusted LSG Breakpoint Speed
LSDVER,LSG_Derivative_Error_Term,[LSDVER] LSG derivative engine speed error
LSDVFL,LSG_Derivative_Term,[LSDVFL] LSG PID derivative fueling contribution
LSDVFTCF,LSG_Derivative_Filter_Coefficient,[LSDVFTCF] LSG Derivative Filter Coefficient
LSDVGN,LSG_Derivative_Gain,[LSDVGN] LSG PID derivative gain
LSER,LSG_Filtered_Error_Term,[LSER] LSG engine speed error
LSFL,LSG_Fueling,[LSFL] Fueling output of the LSG
LSFNGNST,LSG_Final_Gain_State,[LSFNGNST] Indicator of the lsg gain set currently being used
LSFTGN,LSG_Error_Filter_Gain,[LSFTGN] LSG engine speed error filter gain
LSFTMN,LSG_Filter_Clamp_Min,[LSFTMN] LSG minimum filtered engine speed error
LSFTMX,LSG_Filter_Clamp_Max,[LSFTMX] LSG maximum filtered engine speed error
LSFTTC,LSG_Error_Filter_Constant,[LSFTTC] LSG engine speed error filter time constant
LSGNLGFG,LSG_Gain_Logic_Flag,[LSGNLGFG] ALLOW_AGGRESSIVE_LOGIC = 0; INHIBIT_AGGRESSIVE_LOGIC = 1.
LSGVGNSD,Group_LSGVGNSD,[LSGVGNSD] LOW SPEED GOVERNOR GAIN SCHEDULING GROUP
LSHGGNEN,LSG_High_Gear_Gain_Set_Enable,[LSHGGNEN] Enables the LSG gain set for when in high gears.
LSHIVS,LSG_High_MPH,"[LSHIVS] MPH > this, change lsgnlgst changes from INITIAL to NOT_AGGRESSIVE"
LSHYES,LSG_RPM_Hysteresis,[LSHYES] hysteresis when deactivating aggressive gains; RPM > (lsrf - lsof01es + lseshy)
LSISAJEN,Idle_Speed_Adjust_Enable,[LSISAJEN] Bit 3 of 0-15. enable allows operator to adjust speed
LSISSVEN,Idle_Speed_Save_Enable,[LSISSVEN] Bit 0 of 0 - 15 enables save of last idle speed at shutdown
LSITFL,LSG_Integral_Term,[LSITFL] LSG PID integrator fueling contribution
LSITGN,LSG_Integral_Gain,[LSITGN] LSG PID integrator gain
LSITRSES,LSG_Reset_RPM,[LSITRSES] Offset to lsg reference speed over which lsg integrator may be reset
LSITRSFL,LSG_Reset_Fueling,[LSITRSFL] Engine fueling below which the LSG integrator may be reset
LSJCDVGN,Jcomm_LSG_Derivative_Gain,[LSJCDVGN] LSG D gain passed from fuel system specific algorithm
LSJCGNEN,LSG_Jcomm_Gain_Set_Enable,[LSJCGNEN] Enables/Disables the LSG Jcomm PID gains
LSJCITGN,Jcomm_LSG_Integral_Gain,[LSJCITGN] LSG I gain passed from fuel system specific algorithm
LSJCJKGN,Jcomm_LSG_Jerk_Gain,[LSJCJKGN] LSG J gain passed from fuel system specific algorithm
LSJCPPGN,Jcomm_LSG_Proportional_Gain,[LSJCPPGN] LSG P gain passed from fuel system specific algorithm.
LSJKDB,LSG_Jerk_Deadband,[LSJKDB] LSG jerk Fueling deadband
LSJKER,LSG_Jerk_Error_Term,[LSJKER] LSG jerk engine speed error
LSJKFL,LSG_Jerk_Term,[LSJKFL] LSG jerk fueling contribution
LSJKFLLM,LSG_Jerk_Term_Limit,[LSJKFLLM] Fuel limitation for absolute value of LSG jerk fueling
LSJKFTCF,LSG_Jerk_Filter_Coefficient,[LSJKFTCF] LSG Jerk Filter Coefficient
LSJKGN,LSG_Jerk_Gain,[LSJKGN] LSG jerk gain
LSLGTZTM,LSG_Gain_Logic_Transition_Time,[LSLGTZTM] Time RPM must be near lsrf before lsgnlgst can change states
LSLOVS,LSG_Low_MPH,"[LSLOVS] MPH < this value, change lsgnlgst to INITIAL"
LSMGGNEN,LSG_Mid_Gear_Gain_Set_Enable,[LSMGGNEN] Enable parameter for LSG gain set used when in middle gears
LSMNITFL,LSG_Integrator_Clamp_Min,[LSMNITFL] LSG minimum integrator fuel output
LSMNITPZ,LSG_Integrator_Preset_Min,[LSMNITPZ] LSG INTEGRATOR PRESET MIN
LSMNLMFL,LSG_Fueling_Clamp_Min,[LSMNLMFL] LSG FUELING CLAMP MIN
LSMNRF,LSG_Min_Idle_Speed,[LSMNRF] Minimum allowable LSG reference speed
LSMXERES,LSG_Maximum_Idle_Error,[LSMXERES] maximum absolute error that should occur in lslgtztm to switch lsgnlgst
LSMXFLOF,LSG_Fueling_Clamp_Max_Offset,[LSMXFLOF] Added to 4D fueling at LSG_Adjusted_Reference_Speed to det. maximum LSG fueling
LSMXITFL,LSG_Integrator_Clamp_Max,[LSMXITFL] LSG maximum integrator fuel output
LSMXITOF,LSG_Integrator_Clamp_Max_Offset,[LSMXITOF] Added to 4D fueling at LSG Adj Ref Speed to determine LSG_Integrator_Clamp_Max
LSMXITPZ,LSG_Integrator_Preset_Max,[LSMXITPZ] LSG INTEGRATOR PRESET MAX
LSMXLMFL,LSG_Fueling_Clamp_Max,[LSMXLMFL] LSG FUELING CLAMP MAX
LSMXPZOF,LSG_Integrator_Preset_Max_Offset,[LSMXPZOF] Added to 4D fueling at LSG Adj Ref Speed to determine LSG_Integrator_Preset_Max
LSMXRF,LSG_Max_Idle_Speed,[LSMXRF] Maximum allowable LSG reference speed
LSOF01ES,LSG_RPM_Offset1,[LSOF01ES] offset below lsrf for conditional switch to aggressive gain set(if decel fast)
LSOF02ES,LSG_RPM_Offset2,[LSOF02ES] offset below lsrf for unconditional switch to aggressive gain set
LSOF03ES,LSG_RPM_Offset3,[LSOF03ES] offset above lsrf to change lschst to AFTER_FIRST_CE from DURING_FIRST_CE
LSOVGNST,FSS_LSG_Override_Gain_State,[LSOVGNST] Indicator of current active override gain state
LSPFTCF,LSG_Proportional_Filter_Coefficient,[LSPFTCF] LSG Jerk Filter Coefficient
LSPPFL,LSG_Proportional_Term,[LSPPFL] LSG PID proportional fueling contribution
LSPPGN,LSG_Proportional_Gain,[LSPPGN] LSG PID proportional gain
LSQAIHEN,LSG_QPID_Inhibit_Enable,[LSQAIHEN] When enabled LSG QPID is inhibited for middle and high gear
LSQAIHFG,LSG_QPID_Inhibit_Flag,[LSQAIHFG] True-turn off QPID adjustment
LSQDAJ,LSG_QD_Adjustment,[LSQDAJ] LSG derivative gain adjustment coefficient
LSQIAJ,LSG_QI_Adjustment,[LSQIAJ] LSG integral gain adjustment coefficient
LSQPAJ,LSG_QP_Adjustment,[LSQPAJ] LSG proportional gain adjustment coefficient
LSRF,LSG_Reference_Speed,[LSRF] Current reference speed being used by the LSG feature
LSRFBFDP,LSG_Adjusted_Ref_Before_Droop,[LSRFBFDP] LSG reference speed before droop
LSRFESDC,LSG_Reference_Speed_Delta,[LSRFESDC] difference between the LSG Breakpoint and the LSG Reference Speed.
LSRFNLFL,No_Load_Fuel_At_LSG_Ref,[LSRFNLFL] No load fueling value at LSG reference speed before droop
LSRFOF,LSG_Reference_Offset,[LSRFOF] offset to low idle reference used in no adjust-to-LSG transition
LSRNFL,LSG_Running_Flag,[LSRNFL] Flag which indicates the LSG alg. shall run
LSRSDYTM,LSG_Reset_Delay_Time,[LSRSDYTM] LSG reset delay time after LSG fueling is not selected
LSRSDYTR,LSG_Reset_Delay_Timer,[LSRSDYTR] Timer tracking time period LSG fueling is not selected
LSTLBKMN,Tool_LSG_Idle_Speed_Lower_Limit,[LSTLBKMN] tool lowest allowable low idle speed
LSTLBKMX,Tool_LSG_Idle_Speed_Upper_Limit,[LSTLBKMX] tool highest allowable low idle speed
LSUSGNST,LSG_User_Gain_State,[LSUSGNST] IDENTIFIES THE CURRENT LSG PID GAIN SET
LS_GOV,Group_LS_GOV,[LS_GOV] LOW SPEED GOVERNOR INFORMATION
MASTSLAV,Group_MASTSLAV,[MASTSLAV] Master/Slave Group
MEMMRK01,Software_MEMMRK01,[MEMMRK01] none
MEMMRK02,Software_MEMMRK02,[MEMMRK02] none
MEMMRK05,Software_MEMMRK05,[MEMMRK05] none
MEMMRK06,Software_MEMMRK06,[MEMMRK06] Memory Marker for start of refreshed parameter block
MEMMRK07,Software_MEMMRK07,[MEMMRK07] Memory Marker for start of refreshed parameter block
MEMMRK08,Software_MEMMRK08,[MEMMRK08] Marks start of Power Down EEPROM
MEMMRK09,Software_MEMMRK09,[MEMMRK09] Marks end of Power Down EEPROM
MLLP,Malfunction_Lamp_Driver,[MLLP] Desired state of the Malfunction_Lamp_Driver output driver.
MSCNFG,MS_Control_Flag,[MSCNFG] Flag in MASTER/SLAVE identifying fueling and timing override in SLAVE.
MSESOD,MS_Override_Engine_Speed,[MSESOD] Master-slave overriding engine speed
MSESODEN,MS_Override_Engine_Speed_Enable,[MSESODEN] Enable allowing overriding of engine speed
MSFNAP,MS_Final_Override_Alpha,[MSFNAP] Alpha value used to override SLAVE ECM.
MSFNODFL,MS_Final_Override_Fueling,[MSFNODFL] Override fueling to slave fuel selection
MSFNODTA,MS_Final_Override_Timing,[MSFNODTA] Override timing to slave timing selection
MSODEN,MS_Override_Enable,"[MSODEN] Enable overriding slave Final_Fueling, Final_Timing"
MTMPRPFL,MT_Max_Torque_At_RPM_Ftlb,[MTMPRPFL] max torque at current rpm in foot-pounds
MTTQMPXA,MT_RPM_Axis,[MTTQMPXA] Table with rpm breakpoints for MTTQMPZA interpolation
MTTQMPYA,MT_Alpha_Axis,[MTTQMPYA] Table with alpha breakpoints for MTTQMPZA interpolation
MTTQMPZA,MT_Max_Torque_Map,[MTTQMPZA] Table with max torque corresp. to MTTQMPXA values
MUX_ERR,Group_MUX_ERR,[MUX_ERR] Multiplexing Errors
MUX_PARA,Group_MUX_PARA,[MUX_PARA] Multiplexing Parameters
MXACDXER,J1939_Mux_APS_Data_Error,[MXACDXER] APS error flag for Throttle indicating bad data. NOT logged as a fault.
MXACSMER,J1939_Mux_APS_System_Error,[MXACSMER] Bit 15 APS/IVS error flag for Throttle indicating bad data. Logged as Mux fault
MXACTMER,J1939_Mux_APS_PGN_Timeout_Error,[MXACTMER] PGN Timeout error flag for APS/IVS/Remote Throttle. NOT logged as a fault.
MXAKPRSA,AC_Pressure_Switch_Source_Address_Enable,[MXAKPRSA] Source Address allowed for MUXing Air Conditioner Pressure Switch parameter
MXAKPRTR,J1939_Air_Conditioner_Pressure_Switch_Input_Timer,[MXAKPRTR] Timer to track time elapsed before AC Pressure Switch is received again
MXAUSHSA,Aux_Shutdown_Switch_Source_Address_Enable,[MXAUSHSA] Source Address allowed for MUXing Auxiliary Shutdown Switch parameter
MXAUSHTR,J1939_Auxiliary_Shutdown_Switch_Timer,[MXAUSHTR] Timer to track time elapsed before Auxiliary Shutdown Switch is received agai
MXBRSWSA,Brake_Switch_Source_Address_Enable,[MXBRSWSA] Source Address allowed for MUXing Brake Switch parameter
MXBRSWTR,J1939_Brake_Switch_Timer,[MXBRSWTR] Timer to track time elapsed before Brake Switch is received again
MXCFER,J1939_Mux_Configuration_Error,[MXCFER] Bit 14 Parameters not properly configured. Logged as a Mux fault.
MXCHSWSA,Clutch_Switch_Source_Address_Enable,[MXCHSWSA] Source Address allowed for MUXing Clutch Switch parameter
MXCHSWTR,J1939_Clutch_Switch_Timer,[MXCHSWTR] Timer to track time elapsed before Clutch Switch is received again
MXCMTHSA,Commanded_Throttle_Source_Address_Enable,[MXCMTHSA] Source Address allowed for MUXing Commmanded Throttle parameter
MXCMTHTR,J1939_Commanded_Throttle_Timer,[MXCMTHTR] Timer to track time elapsed before Commanded Throttle is received again
MXCRONSA,Cruise_On_Switch_Source_Address_Enable,[MXCRONSA] Source Address allowed for MUXing Cruise On Switch parameter
MXCRRUSA,Cruise_Resume_Switch_Source_Address_Enable,[MXCRRUSA] Source Address allowed for MUXing Cruise Resume Switch parameter
MXCRSESA,Cruise_Set_Switch_Source_Address_Enable,[MXCRSESA] Source Address allowed for MUXing Cruise Set Switch parameter
MXDTSWSA,Decrement_Switch_Source_Address_Enable,[MXDTSWSA] Source Address allowed for MUXing Decrement Switch parameter
MXDTSWTR,J1939_Decrement_Switch_Timer,[MXDTSWTR] Timer to track time elapsed before Decrement Switch is received again
MXDUMYSA,Dummy_Switch_Source_Address_Enable,[MXDUMYSA] Unused dummy j1939 switch created to cover GC2 error.
MXDUMYTR,J1939_Dummy_Switch_Timer,[MXDUMYTR] Unused dummy j1939 switch timer created to cover GC2 error.
MXEBLVSA,EB_Switch_Level_Source_Address_Enable,[MXEBLVSA] Source Address allowed for MUXing User requested engine brake parameter
MXEBLVTR,J1939_EB_Switch_Level_Timer,[MXEBLVTR] Timer to track time elapsed before EB Switch Level is received again
MXICSWSA,Increment_Switch_Source_Address_Enable,[MXICSWSA] Source Address allowed for MUXing Increment Switch parameter
MXICSWTR,J1939_Increment_Switch_Timer,[MXICSWTR] Timer to track time elapsed before Increment Switch is received again
MXISSWSA,Idle_Switch_Source_Address_Enable,[MXISSWSA] Source Address allowed for MUXing Idle Switch parameter
MXISSWTR,J1939_Idle_Switch_Timer,[MXISSWTR] Timer to track time elapsed before Idle Switch is received again
MXIVCFER,J1939_Mux_IVS_Configuration_Error,[MXIVCFER] IVS Parameter not properly configured. NOT logged as a fault.
MXLPANEA,J1939_Mux_Limphome_On_AD_Enable,[MXLPANEA] Bit 3 Enabled indicates limphome via MUXing shall use Raw Sampled Throttle.
MXLPRWTH,Mux_Limphome_Raw_Throttle,[MXLPRWTH] takes raw throttle for mux limphome on a2d
MXMNFMSA,Manual_Fan_Level_Source_Address_Enable,[MXMNFMSA] Source Address allowed for MUXing Requested % Fan Speed parameter
MXMNFMTR,J1939_Manual_Fan_Level_Timer,[MXMNFMTR] Timer to track time elapsed before Manual Fan Level is received again
MXMOPZ,Mux_Module_Priority,[MXMOPZ] Priority given which MUXed parameters will use for the priority interface.
MXMOS1,Mux_Module_Source_Address_1,[MXMOS1] Module Source Address as related to the associated parameters for MUXing.
MXMOS2,Mux_Module_Source_Address_2,[MXMOS2] Module Source Address as related to the associated parameters for MUXing.
MXMOS3,Mux_Module_Source_Address_3,[MXMOS3] Module Source Address as related to the associated parameters for MUXing.
MXMOS4,Mux_Module_Source_Address_4,[MXMOS4] Module Source Address as related to the associated parameters for MUXing.
MXMOS5,Mux_Module_Source_Address_5,[MXMOS5] Module Source Address as related to the associated parameters for MUXing.
MXMOS6,Mux_Module_Source_Address_6,[MXMOS6] Unused dummy variable to cover GC2 error.
MXPRTMER,J1939_Mux_PGN_Timeout_Error,[MXPRTMER] Bit 0 PGN Timeout error flag for MUX parameters. Will be logged as Mux fault.
MXPTONSA,PTO_On_Switch_Source_Address_Enable,[MXPTONSA] Source Address allowed for MUXing PTO On Switch parameter
MXPTONTR,J1939_PTO_On_Switch_Timer,[MXPTONTR] Timer to track time elapsed before PTO On Switch is received again
MXPTRUSA,PTO_Resume_Switch_Source_Address_Enable,[MXPTRUSA] Source Address allowed for MUXing PTO Resume Switch parameter
MXPTRUTR,J1939_PTO_Resume_Switch_Timer,[MXPTRUTR] Timer to track time elapsed before PTO Resume Switch is received again
MXPTSESA,PTO_Set_Switch_Source_Address_Enable,[MXPTSESA] Source Address allowed for MUXing PTO set Switch parameter
MXPTSETR,J1939_PTO_Set_Switch_Timer,[MXPTSETR] Timer to track time elapsed before PTO Set Switch is received again
MXROTHSA,Remote_Throttle_Source_Address_Enable,[MXROTHSA] Source Address allowed for MUXing Remote Throttle parameter
MXROTHTR,J1939_Remote_Throttle_Timer,[MXROTHTR] Timer to track time elapsed before Remote Throttle is received again
MXRTDXER,J1939_Mux_Remote_Throttle_Data_Error,[MXRTDXER] Bit 1 Remote Throttle error flag for indicating bad data. Logged as Mux fault.
MXRTSWSA,Remote_Throttle_Switch_Source_Address_Enable,[MXRTSWSA] Source Address allowed for MUXing Remote Throttle Switch parameter
MXRTSWTR,J1939_Remote_Throttle_Switch_Timer,[MXRTSWTR] Timer to track time elapsed before Remote Throttle Switch is received again
MXRXSWSA,Remote_PTO_Switch_Source_Address_Enable,[MXRXSWSA] Source Address allowed for MUXing Remote PTO Switch parameter
MXRXSWTR,J1939_Remote_PTO_Switch_Timer,[MXRXSWTR] Timer to track time elapsed before Remote PTO Switch is received again
MXTESWSA,Test_Switch_Source_Address_Enable,[MXTESWSA] Source Address allowed for MUXing Test Switch parameter
MXTESWTR,J1939_Test_Switch_Timer,[MXTESWTR] Timer to track time elapsed before Test Switch is received again
MXTHILSA,Accel_Interlock_Switch_Source_Address_Enable,[MXTHILSA] Source Address allowed for MUXing Accelerator Interlock Switch parameter
MXTQSWSA,Torque_Derate_Switch_Source_Address_Enable,[MXTQSWSA] Source Address allowed for MUXing Torque Derate Switch parameter
MXTQSWTR,J1939_Torque_Derate_Switch_Timer,[MXTQSWTR] Timer to track time elapsed before Torque Derate Switch is received again
MXWTPRSA,Wet_Tank_Pressure_Source_Address_Enable,[MXWTPRSA] Source Address allowed for MUXing Wet Tank Pressure parameter
MXWTPRTR,J1939_Wet_Tank_Pressure_Timer,[MXWTPRTR] Timer to track time elapsed before Wet Tank Pressure is received again
NLCLFLXA,Coolant_Fuel_Bkpt,[NLCLFLXA] Coolant temperature adjustment breakpoint table for no load fuel
NLCLFLYA,Coolant_Fuel_Adjust_Table,[NLCLFLYA] Coolant temperature based fuel adjustment to no load fuel
NLFCFLXA,Friction_Fuel_Bkpt,[NLFCFLXA] No load fuel breakpoint table
NLFCFLYA,Friction_Fuel_Table,[NLFCFLYA] Estimated no load fuel based on engine speed
NLFL,No_Load_Fuel,[NLFL] Fuel required to overcome friction
NOLOAD_F,Group_No_Load_Fueling,[NOLOAD_F] No load fueling Group
NRESETSE,Reset_Count,[NRESETSE] CUMULATIVE COUNT OF NON-POWER UP RESETS
NZESAGEN,ANC_Speed_Algorithm_Enable,[NZESAGEN] Enable for speed limiting of the acceleration noise control algorithm
NZFLAGEN,ANC_Fuel_Algorithm_Enable,[NZFLAGEN] Enable for fuel limiting of the acceleration noise control algorithm
NZFLLMSS,ANC_Fuel_Limit_Status,[NZFLLMSS] Sstatus indicating conditions proper for a fuel limit
NZTAAGEN,ANC_Timing_Algorithm_Enable,[NZTAAGEN] Enable for timing advance of the acceleration noise control algorithm
NZTALM,ANC_Timing,[NZTALM] Timing advance limit as determined by ANC
NZTALMIH,ANC_Timing_Limit_Inhibit,[NZTALMIH] ANC timing limit disable due to bare engine accel
NZTALMSS,ANC_Timing_Limit_Status,[NZTALMSS] Status indicating conditions proper for a timing limit
OBDPAD1,OBD_Padding_1,[OBDPAD1] Padding byte to make obd_pwrdn.h word even.
OCEA,OCM_Enable,"[OCEA] Enables Oil Change Monitor Feature, bit 13 of 0-15 of Word C"
OCFUSS,OCM_Fault_Status,[OCFUSS] Set when any fault is active which may affect the OCM data
OCITML,OCM_Interval_Multi_Factor,[OCITML] Used to modify default values to comp for spl oils/conditions
OCITWNFG,OCM_Interval_Warning_Flag,[OCITWNFG] Set when leading threshold has expired - Time to change oil
OCMIDC,OCM_Delta_Miles,[OCMIDC] VEHICLE MILES SINCE LAST OCM RESET.(SEVERITY FACTOR IS APPLIED TO THE VALUE)
OCMITD,OCM_Miles_Threshold,[OCMITD] If number of miles traveled > this parameter then oil change needed
OCMNITML,OCM_Multi_Factor_Tool_LL,[OCMNITML] Min value for default multi_factor set by service tool
OCMXITML,OCM_Multi_Factor_Tool_UL,[OCMXITML] Max value for default multi_factor set by service tool
OCM_07,Group_OCM_07,"[OCM_07] Oil Change Monitor (OCM) parameters, subfile 07"
OCM_08,Group_Maintenance_Monitor_8,[OCM_08] Maintenance Monitor Group
OCOP,OCM_Option,"[OCOP] User Mode select: 0=AUTOMATIC, 1=HOURS, 2=FUEL, 3=OTHER, 4=CORS"
OCRNSTEA,OCM_Warning_While_Running,[OCRNSTEA] Enables use of warning light with engine in Run_State
OCRSFG,OCM_Reset_Flag,[OCRSFG] Indicates a manual reset was performed on OCM data
OCTDPCWN,OCM_Warning_Percent,[OCTDPCWN] Early warning of OCM Interval expiring (User programmable)
OCTLHRMN,OCM_User_Hours_Tool_LL,[OCTLHRMN] Lower limit for tool input of User Hours (Manual mode)
OCTLHRMX,OCM_User_Hours_Tool_UL,[OCTLHRMX] Upper limit for tool input of User Hours (Manual mode)
OCTLPCMN,OCM_Warning_Percent_Tool_LL,[OCTLPCMN] Lower limit on tool input of pct interval to set warning flag
OCTLPCMX,OCM_Warning_Percent_Tool_UL,[OCTLPCMX] Upper limit on tool input of pct interval to set warning flag
OCTLSHMN,Tool_HS_Load_Factor_Shutdown_LL,[OCTLSHMN] Tool minimum for Hot Shutdown Load Factor Threshold
OCTLSHMX,Tool_HS_Load_Factor_Shutdown_UL,[OCTLSHMX] Tool minimum for Hot Shutdown Load Factor Threshold
OCUOHR,OCM_User_Hours,[OCUOHR] OCM Interval hours (threshold) set by user in Manual Mode
OCUOMI,OCM_User_Miles,[OCUOMI] NUMBER OF MILES TO TRIGGER OCM RESET IN THE MILES MANUAL MODE. CUSTOMER PROGRAM
PAGE_1,Software_PAGE_1,[PAGE_1] None
PAGE_2,Software_PAGE_2,[PAGE_2] None
PAGE_4,Software_PAGE_4,[PAGE_4] None
PAGE_5,Software_PAGE_5,[PAGE_5] None
PPAESE,PP_Active_Selection,[PPAESE] Current torque curve as specified by the Programmable Power feature
PPEN,Programmable_Power_Enable,"[PPEN] Programmable Power, bit 9 of 0 to 15, word 12h/18d"
PPTHES03,Throttle_Speed_At_Point_3,[PPTHES03] Jcomm Speed at point 3 for broadcast
PPTHES04,Throttle_Speed_At_Point_4,[PPTHES04] Jcomm Speed at point 4 for broadcast
PPTHES05,Throttle_Speed_At_Point_5,[PPTHES05] Jcomm Speed at point 5 for broadcast
PREFAULT,Software_PREFAULT,[PREFAULT] PREVIOUS FAULT STATUS
PRGSHFT2,Group_PROGSHFT_2,[PRGSHFT2] PROGRESSIVE SHIFT GROUP
PROG_PWR,Group_PROG_PWR,[PROG_PWR] Group Identifier for Programmable Power feature
PSAGEN,Prog_Shift_Enable,[PSAGEN] Bit 5 of 0-15. Customer trim flag to enable/disable Prog. Shift feature.
PTAERT,PTO_Engagement_Slew_Rate,[PTAERT] The rate at which PTO engages in rpm/sec.
PTAGEN,PTO_Enable,[PTAGEN] Bit 4 of 0-15. parameter used to enable/disable PTO operation
PTAJDG,PTO_QD_Adjustment,[PTAJDG] Adjustment (multiplication) of the governer D gain.
PTAJIG,PTO_QI_Adjustment,[PTAJIG] Adjustment (multiplication) of the governer I gain.
PTAJPG,PTO_QP_Adjustment,[PTAJPG] Adjustment (multiplication) of the governer P gain.
PTBRODEN,PTO_Brake_Override_Enable,"[PTBRODEN] When enabled, it allows the brake to cancel Cab PTO. Word C bit B"
PTCHODEN,PTO_Clutch_Override_Enable,"[PTCHODEN] When enabled, it allows the clutch to cancel Cab PTO. Word C bit C"
PTDP,PTO_Droop,[PTDP] Tool PTO Droop Percent adjustable parameter
PTDPAJFL,PTO_Droop_Adjusted_Fueling,[PTDPAJFL] Droop needed fuel produced by prop. term
PTDPSL,PTO_Droop_Slope,[PTDPSL] RPM droop at one unit fuel increase
PTDPSLWD,PTO_Droop_Slope_Width,[PTDPSLWD] Customer chosen pto droop in units of rpm
PTDRER,PTO_Droop_Compensated_Error,[PTDRER] Droop compensated error term.
PTDSFG,PTO_Disable_Flag,[PTDSFG] Disables PTO when requested by another algorithm.
PTDSRF,PTO_Requested_Speed,[PTDSRF] Engine speed reference selected for PTO when engaged
PTDVFL,PTO_Derivative_Term,[PTDVFL] calculated based upon error term and execution rate
PTDVGN,PTO_Derivative_Gain,[PTDVGN] used in calculation of pto derivative term
PTDXSS,J1939_PTO_State,[PTDXSS] J1939 Defined PTO States
PTERR,PTO_Filtered_Error_Term,[PTERR] Gain adjusted and filtered value of control error.
PTESHILM,Tool_PTO_Max_Reference_Speed_Upper_Limit,[PTESHILM] High limit for max. pto setpoints
PTESLOLM,Tool_PTO_Max_Reference_Speed_Lower_Limit,[PTESLOLM] Low limit for max. pto setpoints
PTFL,PTO_Fueling,"[PTFL] sum of derivative , proportional and integral fueling"
PTFTTC,PTO_Error_Filter_Constant,[PTFTTC] PD governor error filter constant
PTGM,PTO_Gain_Adj_Mode,[PTGM] Control the gain adjustment calculation (0=CALCULATED 1=TABLE)
PTGNAJOF,PTO_Gain_Adjust_Offset,[PTGNAJOF] offset used to obtain calculated pto proportional gain
PTGNAJSL,PTO_Gain_Adjust_Slope,[PTGNAJSL] slope used to obtain calculated pto proportional gain
PTGNTB,PTO_Gain_Adjust_Table,[PTGNTB] Gain adjustment in function of RPM
PTITFL,PTO_Integral_Fueling,[PTITFL] PTO integral term
PTITGN,PTO_Integral_Constant,[PTITGN] integral constant used to integral fueling calculation
PTMNEGES,PTO_Minimum_Engage_Speed,[PTMNEGES] min engine speed for PTO engagement
PTMNFTRF,PTO_Filter_Clamp_Min,[PTMNFTRF] Min. allowed error term
PTMNLMFL,PTO_Fueling_Clamp_Min,[PTMNLMFL] min. allowed fueling
PTMNRFES,Tool_PTO_Minimum_Reference_Speed,[PTMNRFES] min range limit for pto setpoints
PTMNRFLL,Tool_PTO_Min_Reference_Speed_Lower_Limit,[PTMNRFLL] Lowest allowed value for PTO_Minimum_Reference_Speed entered on tool.
PTMNRFRP,PTO_Minimum_Reference_Speed,[PTMNRFRP] min range limit for pto setpoints
PTMXEGES,PTO_Maximum_Engage_Speed,[PTMXEGES] max engine speed for PTO engagement
PTMXEGLD,PTO_Max_Engine_Load,[PTMXEGLD] Maximum Engine Load allowed during PTO operation
PTMXFTRF,PTO_Filter_Clamp_Max,[PTMXFTRF] Max. allowed error term
PTMXLMFL,PTO_Fueling_Clamp_Max,[PTMXLMFL] max. alloved fueling
PTMXRFES,PTO_Maximum_Reference_Speed,[PTMXRFES] max range limit for pto setpoints
PTMXVSTR,PTO_Max_Road_Speed,[PTMXVSTR] Road speed above which PTO will become disabled
PTO,Group_PTO,[PTO] PTO CALIBRATIONS AND OUTPUTS
PTODELTA,PTO_Delta_Droop,"[PTODELTA] (PTO Max Droop - PTO Min Droop) / (PTO Max Droop Rpm- PTO Min Droop Rpm), calcu"
PTORESDV,PTO_Resume_Speed_Display_Value,[PTORESDV] PTO RESUME SPEED DISPLAY VALUE
PTOSDVMN,PTO_Set_Speed_Display_Value_Lower_Limit,[PTOSDVMN] PTO Set Speed Display Value Lower Limit
PTOSDVMX,PTO_Set_Speed_Display_Value_Upper_Limit,[PTOSDVMX] PTO Set Speed Display Value Upper Limit
PTOSETDV,PTO_Set_Speed_Display_Value,[PTOSETDV] PTO SET SPEED DISPLAY VALUE
PTO_07,Group_PTO_07,[PTO_07] PTO CALIBRATIONS AND OUTPUTS IN SUBFILE 07
PTPDFL,PTO_PD_Fueling,[PTPDFL] Proportional and derivative fueling
PTPPFL,PTO_Proportional_Term,[PTPPFL] proportional fueling contribution
PTPPGN,PTO_Proportional_Gain,[PTPPGN] proportional gain of PID controller
PTP_07,Group_POWERTRAIN_PROTECTION_8,[PTP_07] Group containing electronic constants for Powertrain Protection
PTQDEN,PTO_QD_Enable,[PTQDEN] Enable/Disable for Quadratic D-gain adjustment.
PTQDLM,PTO_QD_Ref_Limit,[PTQDLM] Limits QD Adjustment if Ref Speed change causes the error term.
PTQIEN,PTO_QI_Enable,[PTQIEN] Enable/Disable for Quadratic I-gain adjustment.
PTQILM,PTO_QI_Ref_Limit,[PTQILM] Limits QI Adjustment if Ref Speed change causes the error term.
PTQPEN,PTO_QP_Enable,[PTQPEN] Enable/Disable for Quadratic P-gain adjustment.
PTQPLM,PTO_QP_Ref_Limit,[PTQPLM] Limits QP Adjustment if Ref Speed change causes the error term.
PTRFCHLM,PTO_Reference_Change_Limit,[PTRFCHLM] Out of limit indicates reference speed change.
PTRFLM,PTO_Reference_Step_Limit,[PTRFLM] Min. step change of Reference speed
PTRFRMRT,PTO_Ramp_Rate,[PTRFRMRT] accel and coast ramp rate
PTRFRMTC,PTO_Reference_Ramp_Const,[PTRFRMTC] Reference speed change const.
PTRFRP,PTO_Reference_Speed,[PTRFRP] reference engine speed to PTO governor
PTROMXCU,PTO_Remote_Count_Limit,[PTROMXCU] The maximum number of toggles that the remote PTO switch recognizes
PTRORF02,PTO_Remote_Speed_2,[PTRORF02] The remote PTO setspeed used when the Remote PTO switch is toggled twice.
PTRORF03,PTO_Remote_Speed_3,[PTRORF03] The remote PTO setspeed used when the Remote PTO switch is toggled three times.
PTRORF04,PTO_Remote_Speed_4,[PTRORF04] The remote PTO setspeed used when the Remote PTO switch is toggled four times.
PTRORF05,PTO_Remote_Speed_5,[PTRORF05] The remote PTO setspeed used when the Remote PTO switch is toggled five times.
PTROSEES,PTO_Remote_Speed,[PTROSEES] Engine speed set point for remote PTO operation
PTROSWTM,PTO_Remote_Switch_Timeout,[PTROSWTM] Amount of time before remote pto switch is considered stationary.
PTRUES,PTO_Resume_Speed,[PTRUES] reference speed when PTO enabled and resume switch is pressed
PTSEES,PTO_Set_Speed,[PTSEES] PTO reference speed when PTO enabled and set switch is pressed
PTSERUES,PTO_Set_Resume_Speed,[PTSERUES] PTO target speed when both Set and Resume switches are active
PTSLFL,Selected_User_Fueling,[PTSLFL] The fueling value selected between user fueling and pto fueling
PTSLFLST,Selected_User_Fueling_State,[PTSLFLST] Selected fueling state from pto fl. state and user fl. state
PTSPAX,PTO_Gain_Speed_Axis,[PTSPAX] Speed axis to PTO_Gain_Adjust_Table
PTSS,PTO_Status,[PTSS] Status of the PTO algorithm based on switch activation and cab interaction
PTST,PTO_State,"[PTST] 0=REMOTE_COUNT, 1=REMOTE_RUN, 2=WAIT, 3=NORMAL"
PTSTSZ,PTO_Status_Adj_Size,[PTSTSZ] Indicates the size of the pto_status trims.
PTTHDQRP,PTO_Throttle_Derate_RPM,[PTTHDQRP] Max engine speed while throttle fueling overrides pto fueling
PTTHOV,PTO_Throttle_Override,[PTTHOV] Indicates whether throttle based fueling is overriding pto fueling
PTTHOVEN,PTO_Throttle_Override_Enable,[PTTHOVEN] Bit 13 of 0-15. Calibration indicator as to whether throttle depression disabl
PTTLADMN,Tool_PTO_Droop_Adj_Slope_Minimum,[PTTLADMN] Tool minimum limit for PTO Droop Adjust Offset adjustable parameter
PTTLADMX,Tool_PTO_Droop_Adj_Slope_Maximum,[PTTLADMX] Tool maximum limit for PTO Droop Adjust Offset adjustable parameter
PTTLESMN,Tool_PTO_Engagement_Slew_Rate_Minimum,[PTTLESMN] Tool lower limit on PTO_Engagement_Slew_Rate
PTTLESMX,Tool_PTO_Engagement_Slew_Rate_Maximum,[PTTLESMX] Tool upper limit on PTO_Engagement_Slew_Rate
PTTLOFMN,Tool_PTO_Droop_Adj_Offset_Minimum,[PTTLOFMN] Tool minimum limit for PTO Droop Adjust Offset adjustable parameter
PTTLOFMX,Tool_PTO_Droop_Adj_Offset_Maximum,[PTTLOFMX] Tool maximum limit for PTO Droop Adjust Offset adjustable parameter
PTTLRRMN,Tool_PTO_Ramp_Rate_Minimum,[PTTLRRMN] Tool lower limit on PTO_Ramp_Rate
PTTLRRMX,Tool_PTO_Ramp_Rate_Maximum,[PTTLRRMX] Tool upper limit on PTO_Ramp_Rate
PTTLRSMX,Tool_PTO_Max_Road_Speed_Max,[PTTLRSMX] Tool upper limit on PTO_Max_Road_Speed
PTTLSLMN,Tool_PTO_Droop_Slope_Minimum,[PTTLSLMN] Tool minimum limit for PTO Droop Slope adjustable parameter
PTTLSLMX,Tool_PTO_Droop_Slope_Maximum,[PTTLSLMX] Tool maximum limit for PTO Droop Slope adjustable parameter
PTTOMXES,PTO_Throttle_Override_Max_RPM,[PTTOMXES] The maximum RPM that throttle can override PTO
RREN,RAM_Refresh_Enable,[RREN] ENABLES COMPARE RAM TO EEPROM ALGORITHM
RRPWEA,Powerdown_Refresh_Enable,[RRPWEA] When this flag is FALSE RAM refresh is disabled for part of FLASH parameter blo
RSAGEN,Road_Speed_Governor_Enable,"[RSAGEN] Bit 7, Enable/Disable Road Speed Governor for engineering use"
RSBDWDMX,Tool_RSG_Bottom_Droop_Width_Upper_Lim,[RSBDWDMX] MAXMIMUM WIDTH OF THE BOTTOM DROOP IN RSG.
RSMXRZ,Max_Road_Speed,[RSMXRZ] MAX. VEHICLE SPEED IN TG (ANY GEAR w/o GD) after Driver Reward adjustment
RSMXRZTN,Max_Road_Speed_Trim,[RSMXRZTN] MAXIMUM ALLOWABLE VEHICLE SPEED FOR RSG IN TOP GEAR (ANY GEAR IF GD DISABLED)
RSTDWDMX,Tool_RSG_Top_Droop_Width_Upper_Lim,[RSTDWDMX] MAXMIMUM WIDTH OF THE TOP DROOP IN RSG.
RTC,Group_RTC,[RTC] Real Time Clock Parameters
RTTMST,ECM_Time_State,[RTTMST] Current state of ECM Run Time or ECM Real Time
SCNWFNFL,Injected_Fueling,[SCNWFNFL] Quantity of fuel to be injected during next injection cycle
SDDLCU,Powerdown_Data_Lost,"[SDDLCU] Number of consecutive occurances of powerdown data lost, updated each powerup"
SDDLERLM,Powerdown_Data_Lost_Error_Limit,[SDDLERLM] Number of consecutive occurances of powerdown data lost to set system error
SDDYFG,Powerdown_Delay_Request,[SDDYFG] The ECM will not powerdown until this is inactive
SDDYTM,ECM_Powerdown_Timer_Threshold,[SDDYTM] The ECM will powerdown when this time expires or before
SDDYTR,ECM_Powerdown_Timer,[SDDYTR] The ECM will powerdown when this timer expires or before
SDEEENMK,EEPROM_Image_End_Marker,[SDEEENMK] End of RAM image of EEPROM data
SDEESRMK,EEPROM_Image_Start_Marker,[SDEESRMK] Start of RAM image of EEPROM data
SDEEWRFU,EEPROM_Failed_To_Program,[SDEEWRFU] A status indicator saved to EEPROM indicating a failure of one or more EEPROM c
SDENER,Poweroff_Command_Ignored,[SDENER] A status indicator saved to EEPROM indicating power was commanded off and is st
SDFHFXER,Flash_Failure_Error,[SDFHFXER] Error indicating that a Flash write failure has been detected. Bit 4 of 0-15.
SDFHFXFG,Flash_Failure_Flag,[SDFHFXFG] Flag stored in EEPROM which indicates a Flash write failure has been detected.
SDFHPNEA,Parameter_Block_Protection_Enable,[SDFHPNEA] Enable to protects parameter block data at powerdown. ENABLE=preserve 1 block
SDPREDMK,Parameter_Block_Image_End_Marker,[SDPREDMK] End of RAM image of downloaded parameter block data
SDPRSRMK,Parameter_Block_Image_Start_Marker,[SDPRSRMK] Start of RAM image of downloaded parameter block data
SDPWIGFG,Poweroff_Command_Ignored_Error,[SDPWIGFG] System error set at powerup if Poweroff_Command_Ignored is true.
SDPWWOIF,Power_Off_Without_Ignition_Off_Error,[SDPWWOIF] ECM not powered to perform the Powerdown data save.
SDRMIMCP,Parameter_Block_Image_Complete,[SDRMIMCP] Counts number of times RAM image storage has completed
SDRMIMSR,Parameter_Block_Image_Start,[SDRMIMSR] Counts number of times RAM image storage has started
SDSVCP,Powerdown_Memory_Save_Complete,[SDSVCP] Count indicating number of times the powerdown memory save has been completed
SDSVCP02,Powerdown_Memory_Save_Complete_2,[SDSVCP02] Counts number of times powerdown block 2 save has completed
SDSVSR,Powerdown_Memory_Save_Start,[SDSVSR] Count indicating the number of times powerdown memory save has started
SDSVSR02,Powerdown_Memory_Save_Start_2,[SDSVSR02] Counts number of times powerdown block 2 save has started
SENSOR,Group_SENSOR,[SENSOR] SENSOR GOUP INFORMATION FOR ALL CHANNELS
SHSS,Shutdown,[SHSS] TURN OFF ALL SOLENOIDS. 1=TRUE ; 0=FALSE
SIAZCU,NFAA_Counter,"[SIAZCU] SCI data link - ""Number of Failed Access Attempts"""
SIDX01,Chrysler_SCI_Data_Plate,[SIDX01] SCI 2A command data plate table
SIDXFG,SCI_Rx_Data_Ready,[SIDXFG] SCI D/L semephore from driver-to-command processor.
SIDXMD,SCI_Data_Mode,[SIDXMD] Boolean to control SCI or J2190 Protocol.
SIDYTR,NFAA_Delay_Timer,[SIDYTR] 10-second countdown timer after invalid SCI Key.
SIFGCU,SCI_Noise_Flag_Counter,[SIFGCU] Occur's of SCI rcvd data irq with noise flag set.
SIFHSS,Chrysler_Status,[SIFHSS] Bit-mapped parameter per Chrysler requirements
SILOMD,SCI_Lock_Mode,"[SILOMD] SCI D/L securty [LOCKED, UNLOCKED,KEY-ON_LOCK-OUT]"
SIPMCU,FLASH_Count,[SIPMCU] Count of times module recalibrated.
SIPMZRCU,FLASH_Erase_Count,[SIPMZRCU] Count of times module calibration erased
SIPVNO,Previous_Part_Number,[SIPVNO] 6-bytes copy of Chrysler P/N (8-BCD Chars&2 alph).
SIRSFG,ACK_J2190,[SIRSFG] Non-volatile semephore to tell B/L to Unlock SCI.
SIRXBF,SCI_Data_Buffer,[SIRXBF] SCI D/L rcv buffer (from driver-to-cmd processor).
SISUKY,SCI_Security_Key,[SISUKY] 2-bytes of the 10-byte key computed using SCI_Seed.
SISUSD,SCI_Security_Seed,[SISUSD] 2-Bytes xmitd to tool to determine SCI_Security_Key
SISUVL,SCI_Security_Validated,[SISUVL] flag showing validity of security key passed by tool
SLNOCTEN,SL_NO_Contact_Enable,"[SLNOCTEN] Enables Normally Open contacts for SL Relay, Relay failures will disable missio"
SOKYSD,FSS_Key_Off_Shutdown,"[SOKYSD] 0=Norm.Op, 1=Delayed Powerdown at Key off, 2=Delayed eng. shutdown at key off."
SOL_CTRL,Group_SOL_CTRL,[SOL_CTRL] INJECTOR CONTROL DATA
SPAGEN,ESP_Enable,"[SPAGEN] 0 - disbale, 1 - enable ESP algorithm, Bit 4 of 0 - 15."
SPLP,Stop_Lamp_Driver,[SPLP] Desired state of the Stop_Lamp_Driver output driver.
SPRVEN,Reverse_ESP_Enable,"[SPRVEN] 0 - disbale, 1 - enable ESP launch application algorithm, Bit 5 of 0 - 15."
SPT0PCLD,Tau_0_Percent_Load,[SPT0PCLD] Percent Load based on Low HP Torque curve
SPTU,ESP_Tau,[SPTU] VALUE WHICH DETERMINES ALTERNATE HP RATINGS
SPTUST,ESP_Tau_State,[SPTUST] Indicates the source of the current ESP_Tau value.
SRCRSTEN,Service_Component_Reset_Enable,[SRCRSTEN] Enable/Disable service component reset asked from reset PGN
SREN,SR_Enable,"[SREN] Smart RSG Enable word 19h, bit 5 of 0 to 15"
SRRMEN,SR_Ramp_Enable,"[SRRMEN] If enabled, RSG ref speed is allowed to ramp"
SSAADQEN,SS_Ambient_Adv_Enable,[SSAADQEN] Calibration trim used to enable the SS Ambient Advance algorithm
SSADDQEN,SS_Ambient_Derate_Enable,[SSADDQEN] Calibration trim used to enable the SS Ambient Fueling Derate
SSBLMO,Boot_Loader_Module_Designation,"[SSBLMO] Type of ECM designator, embedded in the bootloader code."
SSBLPH,Boot_Loader_Phase_Designation,[SSBLPH] BOOT LOADER SOFTWARE VERSION
SSBLSM,Boot_Loader_Checksum,[SSBLSM] Checksum of boot loader code.
SSC1IFRG,CAN_1_CPU_Interface_Register,[SSC1IFRG] The CAN 1 CPU interface register
SSCNIFRG,CAN_CPU_Interface_Register,[SSCNIFRG] The CAN CPU interface register
SSCNLTOB,CAN_Last_Msg_Object_Used,[SSCNLTOB] CAN's last message object used
SSCRPH,Core_Phase_Designation,[SSCRPH] CORE SOFTWARE VERSION
SSDVMD,Development_Mode,[SSDVMD] RAM Refresh disabled mode indicated by config name RUN_LOC = 'AAh'
SSDXLTRN,All_Powerdown_Data_Lost_Run,[SSDXLTRN] Flag indicating if engine should be ran if All_Powerdown_Data_Lost_Error is TRU
SSECTMDX,Executive_Timing_Data,[SSECTMDX] Access to block structure which contains executive timing data.
SSECTMEA,Executive_Timing_Enable,[SSECTMEA] Enable for the executive timing data gatherer.
SSECTMHE,Executive_Timing_Header,[SSECTMHE] Access to block structure which contains executive timing header info.
SSECTMOV,Executive_Timing_Overflows,[SSECTMOV] Number of times which frame overflow has occured in executive.
SSEECRC,EEPROM_CRC,[SSEECRC] EEPROM storage for result of CRC calculation over EEPROM memory contents
SSERSS00,System_Error_Status_00,[SSERSS00] 32 word bit mapped system error status - word 0
SSERSS01,System_Error_Status_01,[SSERSS01] 32 word bit mapped system error status - word 1
SSERSS02,System_Error_Status_02,[SSERSS02] 32 word bit mapped system error status - word 2
SSERSS03,System_Error_Status_03,[SSERSS03] 32 word bit mapped system error status - word 3
SSERSS04,System_Error_Status_04,[SSERSS04] 32 word bit mapped system error status - word 4
SSERSS05,System_Error_Status_05,[SSERSS05] 32 word bit mapped system error status - word 5
SSERSS06,System_Error_Status_06,[SSERSS06] 32 word bit mapped system error status - word 6
SSERSS07,System_Error_Status_07,[SSERSS07] 32 word bit mapped system error status - word 7
SSERSS08,System_Error_Status_08,[SSERSS08] 32 word bit mapped system error status - word 8
SSERSS09,System_Error_Status_09,[SSERSS09] 32 word bit mapped system error status - word 9
SSERSS10,System_Error_Status_10,[SSERSS10] 32 word bit mapped system error status - word 10
SSERSS11,System_Error_Status_11,[SSERSS11] 32 word bit mapped system error status - word 11
SSERSS12,System_Error_Status_12,[SSERSS12] 32 word bit mapped system error status - word 12
SSERSS13,System_Error_Status_13,[SSERSS13] 32 word bit mapped system error status - word 13
SSERSS14,System_Error_Status_14,[SSERSS14] 32 word bit mapped system error status - word 14
SSERSS15,System_Error_Status_15,[SSERSS15] 32 word bit mapped system error status - word 15
SSERSS16,System_Error_Status_16,[SSERSS16] 32 word bit mapped system error status - word 16
SSERSS17,System_Error_Status_17,[SSERSS17] 32 word bit mapped system error status - word 17
SSERSS18,System_Error_Status_18,[SSERSS18] 32 word bit mapped system error status - word 18
SSERSS19,System_Error_Status_19,[SSERSS19] 32 word bit mapped system error status - word 19
SSERSS20,System_Error_Status_20,[SSERSS20] 32 word bit mapped system error status - word 20
SSERSS21,System_Error_Status_21,[SSERSS21] 32 word bit mapped system error status - word 21
SSERSS22,System_Error_Status_22,[SSERSS22] 32 word bit mapped system error status - word 22
SSERSS23,System_Error_Status_23,[SSERSS23] 32 word bit mapped system error status - word 23
SSERSS24,System_Error_Status_24,[SSERSS24] 32 word bit mapped system error status - word 24
SSERSS25,System_Error_Status_25,[SSERSS25] 32 word bit mapped system error status - word 25
SSERSS26,System_Error_Status_26,[SSERSS26] 32 word bit mapped system error status - word 26
SSERSS27,System_Error_Status_27,[SSERSS27] 32 word bit mapped system error status - word 27
SSERSS28,System_Error_Status_28,[SSERSS28] 32 word bit mapped system error status - word 28
SSERSS29,System_Error_Status_29,[SSERSS29] 32 word bit mapped system error status - word 29
SSERSS30,System_Error_Status_30,[SSERSS30] 32 word bit mapped system error status - word 30
SSERSS31,System_Error_Status_31,[SSERSS31] 32 word bit mapped system error status - word 31
SSFHCRC,Flash_CRC,[SSFHCRC] EEPROM storage for result of CRC calculation over flash memory contents
SSFHER1,Powerdown_Data_Lost_Error,[SSFHER1] Status indicator; most recent FLASH powerdown data lost if active; bit 9 of 0-1
SSFHER2,All_Powerdown_Data_Lost_Error,[SSFHER2] Status indicator; all FLASH powerdown data lost if active; bit 10 of 0-15
SSFHPB01,Parameter_Block_1_Checksum,[SSFHPB01] Checksum for Flash parameter block 1
SSFHPB02,Parameter_Block_2_Checksum,[SSFHPB02] Checksum for Flash parameter block 2
SSFHPBED,Parameter_Block_Checksum_End,[SSFHPBED] End of range of Flash parameter block to be checksummed.
SSFHPBST,Parameter_Block_Checksum_Start,[SSFHPBST] Start of range of Flash parameter block to be checksummed.
SSFHSRAD,Flash_Start_Address,"[SSFHSRAD] Pointer to the Flash operational code entry location, from boot loader."
SSKYOD,Key_Switch_Override,[SSKYOD] KEY SWITCH OVERRIDE FLAG
SSPBUL,Parameter_Block_Uploaded,"[SSPBUL] Number indicating which parameter block was uploaded at powerup, 0=none"
SSPURSCU,Powerup_Count,[SSPURSCU] cumulative count of power cycles
SSPWCU,Key_Off_Count,[SSPWCU] Counter of key off cycles
SSSMRTSR,Smart_Boot_Indicator,"[SSSMRTSR] If SMT_BOOT_SUPPORTED, OK to smart download"
SSSUUNAD,Software_SSSUUNAD,[SSSUUNAD] none
SSSWSS01,System_Switch_Status,[SSSWSS01] bit mapped system switch status
SSSWSS02,System_Switch_Status_2,[SSSWSS02] bit mapped system switch status
SS_AM_AV,Group_SS_AM_AV,[SS_AM_AV] Steady State Ambient Timing Advance
SS_AM_LM,Group_SS_AM_LM,[SS_AM_LM] Steady State Ambient Fueling Derate
SS_CT_RT,Group_TS_CT_RT,[SS_CT_RT] Transient Coolant Temperature Timing Retard
STCGASDS,STCG_ASG_Droop_Select,"[STCGASDS] Switched Throttle Control Governor select (bit 3, 0 - 15) 0=ASG_DROOP, 1=STCG"
STLOCKEN,SL_Enable,[STLOCKEN] Enables Starter Lockout feature (exclusive of ISTAEN).
STPBRDS0,Stop_Broadcast_Source_Address_0,[STPBRDS0] Source address of device #0 which requests ECM to stop broadcast
STPBRDS1,Stop_Broadcast_Source_Address_1,[STPBRDS1] Source address of device #1 which requests ECM to stop broadcast
STPBRDS2,Stop_Broadcast_Source_Address_2,[STPBRDS2] Source address of device #2 which requests ECM to stop broadcast
STUOTHGV,Selected_Throttle_Control,[STUOTHGV] = (STCG_Enable & STCG_Switch) XOR User_Selected_Throttle_Control
SWLOO1,Low_Oil_Switch,[SWLOO1] Desired state of the Low_Oil_Switch output driver.
SWNSYS06,Group_SWNSYS_6,[SWNSYS06] DATA  REQUIRED FOR USE BY THE SYSTEMS OR SOFTWARE GROUP
SWNSYS08,Group_SWNSYS_8,[SWNSYS08] DATA  REQUIRED FOR USE BY THE SYSTEMS OR SOFTWARE GROUP
SYSTERR,Software_SYSTERR,[SYSTERR] SYSTEM ERROR STATUS
TALMES,TSG_Derate_RPM,[TALMES] Engine speed limit dictated by tailshaft governor during error conditions
TASIND,TAS_Lamp_Driver,[TASIND] Desired state of the TAS_Lamp_Driver output driver.
TBAMEN,TB_Airmass_Enable,[TBAMEN] Bit 6 Enable/Disable for Airmass calculation. Bit 12 of 0-15
TBCHGR,Group_TURBO,[TBCHGR] Turbocharger related informations
TBSPTMEN,TB_Speed_Temp_Enable,[TBSPTMEN] Bit 7 Enable/Disable Turbin Speed /Temp. calc. Bit 13 of 0-15
TCEN,PTP_Enable,"[TCEN] Powertrain Protection Enable Word 19h, bit 1 of 0 to 15"
TCIFGR,Group_4WG_MGR,[TCIFGR] 4 step WG controler informations/
TCLDEN,PTP_Lugback_Enable,"[TCLDEN] Powertrain Protection Lugback Enable Word 19h, bit 2 of 0 to 15"
TCTQLL,Tool_PTP_Torque_Lower_Limit,[TCTQLL] Min input torque
TCTQUL,Tool_PTP_Torque_Upper_Limit,[TCTQUL] Max input torque
TCWGTCEN,TU_WG_Table_Control_Enable,[TCWGTCEN] Enable/Disable direct table control of WG.
TESWAETR,Test_Switch_Activation_Timer,[TESWAETR] Keeps track of time alloted to activate the Test_Switch.
THCYTMLM,Throttle_Cycle_Time_Limit,[THCYTMLM] Time Limit For Throttle Cycles to Turn the Test_Switch on.
THDGCYCU,Throttle_Cycle_Counter,[THDGCYCU] Counter of throttle cycles
THDGEREN,Throttle_Related_Error_Handler_Enable,"[THDGEREN] Enable/Disable parameter, which defines how to handle throttle errors"
THDGSWEN,Throttle_Diagnostic_Switch_Enable,[THDGSWEN] ENABLE/DISABLE parameter for the Throttle Activated Diagnostic Switch feature
THDGTDLL,Throttle_Diagnostic_Threshold_Lower_Limit,"[THDGTDLL] Lower Throttle % Value, which shall be crossed to detect a throttle cycle"
THDGTDUL,Throttle_Diagnostic_Threshold_Upper_Limit,"[THDGTDUL] Upper Throttle % Value, which shall be crossed to detect a throttle cycle"
THROTTLE,Commanded_Throttle,[THROTTLE] VALIDATED PERCENT THROTTLE COMMANDED BY DRIVER
TICTST,Accelerator_Pedal_State,[TICTST] State of the accelerator
TIEGDRFG,Engine_Is_Driving_A_Machine,[TIEGDRFG] Bit 3 of 0-15 Indicator of engine usage 1 means driving 0 means not driving
TIEGST,Trip_Info_State,[TIEGST] Bitmap of all the states trip information is concerned with
TIFE,Instantaneous_Fuel_Economy,[TIFE] Instantaneous fuel economy in miles/lbsm or mpg
TIFSFX,Fuel_System_Fail,[TIFSFX] The latched state of the FSS set fuel sensor fail
TIFSFXST,Fuel_System_Fail_State,[TIFSFXST] The current state of the fuel system as determined by the fuel system
TIFSRT,FSS_Instantaneous_Fuel_Rate,[TIFSRT] Fuel delivered to the engine for trip info when in industrial application
TIFU,Fuel_Used,[TIFU] The fuel used by the engine during the current trip info execution cycle
TIFUSS,Trip_Info_Fault_Status,[TIFUSS] BIT mapped fault status log for trip info
TIFUTMTD,TI_Fault_Period,[TIFUTMTD] The minimum time a fault must be present before logged in Trip_Info_Fault_Statu
TIITFU,Total_Fuel_Delivered,[TIITFU] Integrated fuel delivered by the fuel system since engine turn-on in gal or lbs
TIMECTRL,Group_TIMING_CTRL,[TIMECTRL] Timing Selection Information
TIRF,Trip_Info_Reset_Flag,[TIRF] Global flag used by dev to clear trip parameters
TIT2ISFU,Total_Idle_Fuel_Used,[TIT2ISFU] ACCUMULATED AMOUNT OF FUEL USED DURING VEHICLE OPERATION WHILE UNDER IDLE CONDI
TIT2ISTM,Total_Idle_Time,[TIT2ISTM] The total non-resetable engine-idle-speed operating time for this engine
TIT2MI,Total_Distance,[TIT2MI] The total non-resetable distance this engine has traveled
TIT2TM,Total_Time,[TIT2TM] The total non-resetable operating time for this engine
TIT3AVFE,Trip_Average_Fuel_Economy,[TIT3AVFE] Average Fuel Economy over the current trip
TIT3FU,Trip_Fuel_Used,[TIT3FU] The amount of fuel consumed by this engine since last trip reset in lbsm or gal
TIT3ISFU,Trip_Idle_Fuel_Used,[TIT3ISFU] The fuel consumed by this engine at idle-speed since last trip reset
TIT3ISTM,Trip_Idle_Time,[TIT3ISTM] The engine idle-speed operating time since last trip reset
TIT3MI,Trip_Distance,[TIT3MI] The distance traveled since the last reset of trip
TIT3TM,Trip_Time,[TIT3TM] The engine operating time since last trip reset
TITMT2OF,Time_Total_Offset,[TITMT2OF] Tool Previous ECM Engine Time for offset of Engine Total Time adj parameter
TOOLTRIM,Group_TOOLTRIM,[TOOLTRIM] Group used to gather field adjusted data
TOOL_ADJ,Group_TOOL_ADJ,[TOOL_ADJ] Tool Adjustable Parameters
TOOL_LIM,Group_Tool_Limit,[TOOL_LIM] Service Tools Adjustable Parameter Limits
TQDQTQ,Torque_Derate_Torque,[TQDQTQ] min torque limit in foot-pounds
TQDQTQST,Torque_Derate_Torque_State,[TQDQTQST] indicates origin of TQDQTA value
TRIP47_7,Group_TRIP_47_7,[TRIP47_7] Group No. 47 for trip information
TRIPINFO,Group_TRIPINFO,[TRIPINFO] TRIP INFORMATION SYSTEM GROUP
TRIP_ADJ,Group_Trip_Tool_Adj,[TRIP_ADJ] Trip Info adjustable parameter
TRPRSTEN,Trip_Reset_Enable,[TRPRSTEN] Enable/Disable trip information reset asked from reset PGN
TSBECKTA,SOI_Before_Startup,[TSBECKTA] Timing Command before cranking is envoked
TSBEMLTA,SOI_Before_Max_Limit,[TSBEMLTA] Timing advance limit as just before modification by Max_Limit
TSBENZTA,SOI_Before_ANC_Timing,[TSBENZTA] Timing advance limit as just before modification by ANC timing
TSCQDQEN,Trans_Clt_Derate_Enable,[TSCQDQEN] Calibration trim used to enable the Coolant Temp Derate algorithm
TSCQTAEN,Trans_Clt_Rtrd_Enable,[TSCQTAEN] Calibration trim used to enable the Coolant Temp Retard algorithm
TSFNSFTA,Final_Software_SOI,[TSFNSFTA] Test variable used to snapshot the system interface variable SOI
TSFNSTIC,Final_Timing_Incr_State,[TSFNSTIC] Flags of Final timing increment states
TSFNTAST,Final_Timing_State,[TSFNTAST] Indicator as to which timing algorithm is in control of the final timing comman
TSFNTAST,Final_Timing_State,[TSFNTAST] Indicator as to which timing algorithm is in control of the final timing comman
TSFNTAST,Final_Timing_State,[TSFNTAST] Indicator as to which timing algorithm is in control of the final timing comman
TSFNTAST,Final_Timing_State,[TSFNTAST] Indicator as to which timing algorithm is in control of the final timing comman
TSMXTA,Maximum_Timing_Advance,[TSMXTA] Maximum allowable timing advance value for the system
TSOI,SOI,"[TSOI] Start of injection. Timing advance used by each modification feature, as I/O"
TSOSTA,Overspeed_Timing,[TSOSTA] Timing advance value commanded if the engine overspeed limit is exceeded
TSSOTA,Shutdown_Timing,[TSSOTA] calibration constant for shutdown timing
TSSPTA,Stop_Timing,[TSSPTA] calibration constant for stop timing
TSSTIC,Timing_State_Incr,[TSSTIC] Timing state increment parameter
TSTPTAST,SOI_State,[TSTPTAST] Intermediate timing state used before final timing selction
TSTPTAST,SOI_State,[TSTPTAST] Intermediate timing state used before final timing selction
TSTPTAST,SOI_State,[TSTPTAST] Intermediate timing state used before final timing selction
TSTPTAST,SOI_State,[TSTPTAST] Intermediate timing state used before final timing selction
TSUCICEN,User_Commanded_Timing_Increment_Enable,[TSUCICEN] Bit 14 Word 2. Parameter used to enable the User Timing Increment
TSUCICTA,User_Commanded_Timing_Increment,[TSUCICTA] Engineering timing advance increment value
TSUCTAEN,User_Commanded_Timing_Enable,[TSUCTAEN] Bit 8 of word 4. Enable indicator for the engineering command timing advance
TSUOTA,User_Override_Timing,[TSUOTA] Overrides SOI timing in timing selection algorithm if TSUOTAEN is ENABLE
TSUOTAEN,User_Override_Timing_Enable,[TSUOTAEN] Bit 3 Word 1. Indicator of which algorithm is in control of the o'ride tmg ena
TS_CT_LM,Group_TS_CT_LM,[TS_CT_LM] Transient Coolant Temperature Fueling Derate
TUWGDRV1,TU_WG_Driver_1,[TUWGDRV1] Desired state of the TU_WG_Driver_1 output driver.
TUWGDRV2,TU_WG_Driver_2,[TUWGDRV2] Desired state of the TU_WG_Driver_2 output driver.
TUWGEN,TU_WG_Enable,[TUWGEN] Enable/Disable for 4 Step WG control. Bit8 15 of 0-15
TUWGHDE1,TU_WG_Driver1_High_Control_Error,[TUWGHDE1] Set true if TU_WG_Driver_1 is shorted to battery.
TUWGHDE2,TU_WG_Driver2_High_Control_Error,[TUWGHDE2] Set true if TU_WG_Driver_2 is shorted to battery.
TUWGLDE1,TU_WG_Driver1_Low_Control_Error,[TUWGLDE1] Set true if TU_WG_Driver_1 is shorted to battery.
TUWGLDE2,TU_WG_Driver2_Low_Control_Error,[TUWGLDE2] Set true if TU_WG_Driver_2 is shorted to battery.
TUWGOVEN,TU_WG_Tool_Override_Enable,[TUWGOVEN] Bit9 Enable/Disable for tool override of wastegates. Bit 14 of 0-15
TVC,Final_Timing,[TVC] Timing advance value calculated by CORE.
TWELFOTI,TW_Exp_Life_Of_Tires,[TWELFOTI] Expected life of tires in miles.
TWEN,TW_Enable,[TWEN] Tire Wear Adjustment Enable
TWNWTIFG,TW_New_Tires_Installed_Flag,[TWNWTIFG] Indicates new tires have been installed.
TWTOMITI,TW_Total_Miles_On_Tires,[TWTOMITI] Total miles accumulated on current tire set.
USC_ADV,User_Commanded_Timing,[USC_ADV] Commanded timing value for 4D Timing if User_Commanded_Timing_Enable is ENABLE
VSAXHILM,Tool_Rear_Axle_Ratio_Upper_Limit,[VSAXHILM] max range value
VSAXLOLM,Tool_Rear_Axle_Ratio_Lower_Limit,[VSAXLOLM] min range value assigned to Rear_Axle_Ratio
VSBKEN,VSS_Tamper_Enable,[VSBKEN] Bit 7 Word 0. Enables VSS Anti-Tampering detection
VSBKRVRT,Vss_Tamper_Derate_RPM,[VSBKRVRT] VSS tamper derate RPM
VSCALC02,Group_VSCALC_2,[VSCALC02] ROAD SPEED DATA
VSCALC06,Group_VSCALC_6,[VSCALC06] ROAD SPEED DATA
VSFTAVVS,Road_Speed,[VSFTAVVS] Sampled road speed after it has been filtered
VSMVEN,VSS_Moving_Enable,"[VSMVEN] Bit 8, Word C. Enables VSS sensor lost while moving detection"
VSRDHILM,Tool_Road_Speed_Constant_Upper_Limit,[VSRDHILM] max range value
VSRDLOLM,Tool_Road_Speed_Constant_Lower_Limit,[VSRDLOLM] min range value
VSRRAXRA,Rear_Axle_Ratio,[VSRRAXRA] RATIO OF TRANS TO AXLE REVS - (can vary for 2 spd apps)
VSRRAXRH,Rear_Axle_Ratio_High,[VSRRAXRH] ratio of trans. to axle revs. (lo gear/hi numeric ratio if two spd. RAR)
VSRRAXRL,Rear_Axle_Ratio_Low,[VSRRAXRL] Ratio of trans. to axle revs (hi gear/low numeric ratio if 2 spd. RAR)
VSRSSNTY,RSC_Sensor_Type,"[VSRSSNTY] 0=none, 1=inductive, 2=minigen, 3=tach, 4=dlw/GR&OOG, 5=dlw/o GR&OOG"
VSRXRASP,Rear_Axle_Ratio_Switch_Present,[VSRXRASP] indicates whether a switch is present for two spd. rar apps.
VSSTEN,VSS_Stopped_Enable,"[VSSTEN] Bit 9, Word C. Enables VSS sensor lost while stopped detection"
VSSVF,VSS_Valid_Flag,"[VSSVF] TRUE when no VSS_Signal_Lost_Error and VSS sensor exists, else FALSE"
VSS_TAMP,Group_VSS_TAMPER,[VSS_TAMP] VSS Anti-Tampering
VSTIHILM,Tool_Tire_Size_Upper_Limit,[VSTIHILM] max range value assigned for Tire_Size
VSTILOLM,Tool_Tire_Size_Lower_Limit,[VSTILOLM] min range value assigned for Tire_Size
WFAGEN,Water_In_Fuel_Enable,"[WFAGEN] Bit 2, Enable flag used for Water_In_Fuel algorithm."
WFLPCO,Water_In_Fuel_Lamp_Driver,[WFLPCO] Desired state of the Water_In_Fuel_Lamp_Driver output driver.
WNLMFG,Warning_Lamp_Activation_Flag,[WNLMFG] Flag to indicate warning lamp should be illuminated for empty bottle fault
WNLP,Warning_Lamp_Driver,[WNLP] Desired state of the Warning_Lamp_Driver output driver.
WNRSFG,Warning_Reset_Flag,[WNRSFG] Flag indicating Reset of a maintenance feature has taken place
WTLP,Wait_To_Start_Lamp_Driver,[WTLP] Desired state of the Wait_To_Start_Lamp_Driver output driver.
ZERO_VSS,Group_ZERO_VSS,[ZERO_VSS] ZERO VSS RPM LIMITING GROUP
ZVHSRFTY,HSG_Modified_Speed_Type,"[ZVHSRFTY] Type ind. 0,1=Ref 2,3=Isoc. 1,3=add offset"
ZVLDTDLL,Tool_Light_Load_PTO_Percent_Fuel_Low_Lim,"[ZVLDTDLL] Minimum limit on Light_Load_PTO_Percent_Fuel, used by tool"
ZVLDTDUL,Tool_Light_Load_PTO_Percent_Fuel_Upp_Lim,"[ZVLDTDUL] Maximum limit on Light_Load_PTO_Percent_Fuel, used by tool"
ZVLMES,Zero_Vss_Derate_RPM,[ZVLMES] Output engine speed limit going to HSG Reference Speed algorithm
ZVPTLMEN,Zero_Vss_PTO_Limit_Enable,[ZVPTLMEN] Bit 15 Word 2 - Enable engine speed to be limited when in PTO mode
ZVTLMNES,Tool_Max_Engine_Speed_With_Zero_Vss_Lower_Limit,"[ZVTLMNES] Minimum limit on Max_Engine_Speed_With_Zero_Vss, used by the tool"
ZVTLMXES,Tool_Max_Engine_Speed_With_Zero_Vss_Upper_Limit,"[ZVTLMXES] Maximum limit on Max_Engine_Speed_With_Zero_Vss, used by the tool"
_4DTA00XA,Transient_Rpm_Axis_4_D_Time,[_4DTA00XA] Engine speed axis for the transient timing advance table (17 values)
_4DTA00YA,Transient_Fueling_Axis_4_D_Time,[_4DTA00YA] Fueling axis for the transient timing table (16 values)
_4DTA00ZA,Transient_Table_4_D_Time,[_4DTA00ZA] Timing advance look-up table for transient engine operation (19 x 16 values)
_4DTA01XA,Steady_State_Rpm_Axis_4_D_Time,[_4DTA01XA] Engine speed axis for the steady state timing advance table (19 values)
_4DTA01YA,Steady_State_Fueling_Axis_4_D_Time,[_4DTA01YA] Fueling axis for the steady state timing table (16 values)
_4DTA01ZA,Steady_State_Table_4_D_Time,[_4DTA01ZA] Timing advance look-up table for steady state engine operation (19 x 16 values)
_4DTBTA,Four_D_Timing,[_4DTBTA] Timing advance value calculated from the 4D timing table -valid only when activ
_4D_FUEL,Group_4D_FUELING,[_4D_FUEL] 4-D FUELING INFORMATION
_4D_TIME,Group_4D_TIMING,[_4D_TIME] 4-D TIMING INFORMATION
_5DFL,Four_D_Fueling,[_5DFL] Fueling value calculated from the 4D fueling tables
_5DFL00XA,Transient_RPM_Axis_4_D_Fuel,[_5DFL00XA] Engine speed axis for the transient 4D fueling table (21 values)
_5DFL00YA,Transient_Throttle_Axis_4_D_Fuel,[_5DFL00YA] Throttle axis for the transient 4D fueling table (4 values)
_5DFL00ZA,Transient_Table_4_D_Fuel,[_5DFL00ZA] Transient fuel look-up table used by 4D fueling to determine throttle command f
_5DFL01XA,Steady_State_RPM_Axis_4_D_Fuel,[_5DFL01XA] Engine speed axis for the steady state 4D fueling table (21 values)
_5DFL01YA,Steady_State_Throttle_Axis_4_D_Fuel,[_5DFL01YA] Throttle axis for the steady state 4D fueling table (4 values)
_5DFL01ZA,Steady_State_Table_4_D_Fuel,[_5DFL01ZA] SS fuel look-up table used by 4D fueling to determine throttle command fuel
_5DIRMXFL,Four_D_Intermediate_Fueling,[_5DIRMXFL] Maximum User Fueling Allowed
