firmware,address,current_name,classification,prefix,indicators,suggested_name
cm550,0x00003640,huffmanTreeBuilder,mc68k,mc68k_,dat_00ffd+dat_00fff,mc68k_huffmanTreeBuilder
cm550,0x00003792,huffmanDecompress,mc68k,mc68k_,dat_00ffd+dat_00fff,mc68k_huffmanDecompress
cm550,0x00003836,huffmanDecompressMain,unknown,cm550_,,cm550_huffmanDecompressMain
cm550,0x00003870,busyWaitDelayLoop,unknown,cm550_,,cm550_busyWaitDelayLoop
cm550,0x0000388a,portPinTestSequence2,mc68k,mc68k_,_dat_00ff,mc68k_portPinTestSequence2
cm550,0x000039a8,tpuAndQadcVerification,mc68k,mc68k_,dat_00fff+_dat_00ff,mc68k_tpuAndQadcVerification
cm550,0x00003a94,hardwareInitAndStartup,mc68k,mc68k_,_dat_00ff+dat_00ffd+dat_00fff,mc68k_hardwareInitAndStartup
cm550,0x00003c20,ramClearWithWatchdog,mc68k,mc68k_,dat_00ffd+dat_00fff,mc68k_ramClearWithWatchdog
cm550,0x0000b130,writeHourMeterConversionData,unknown,cm550_,,cm550_writeHourMeterConversionData
cm550,0x0000b210,outputControlTimingGenerator,unknown,cm550_,,cm550_outputControlTimingGenerator
cm550,0x0000b2aa,rpm_system_state_controller,unknown,cm550_,,cm550_rpm_system_state_controller
cm550,0x0000b3b2,shutdownMinimumSelector21,unknown,cm550_,,cm550_shutdownMinimumSelector21
cm550,0x0000b4ce,fuelDemandLimitMinimumUpdater,unknown,cm550_,,cm550_fuelDemandLimitMinimumUpdater
cm550,0x0000b4f2,engineStateFuelLimitInterpolator,unknown,cm550_,,cm550_engineStateFuelLimitInterpolator
cm550,0x0000b5e4,dmaControllerSetup1,unknown,cm550_,,cm550_dmaControllerSetup1
cm550,0x0000b614,rpmParameterPointerSetup,unknown,cm550_,,cm550_rpmParameterPointerSetup
cm550,0x0000b63e,dmaDescriptorSetup2,unknown,cm550_,,cm550_dmaDescriptorSetup2
cm550,0x0000b666,initFuelSystemOutputDriver,unknown,cm550_,,cm550_initFuelSystemOutputDriver
cm550,0x0000b6e8,diagnosticMessageQueueWrite,unknown,cm550_,,cm550_diagnosticMessageQueueWrite
cm550,0x0000bcf0,initADCChannelConfiguration,unknown,cm550_,,cm550_initADCChannelConfiguration
cm550,0x0000c180,fuelTimingTransitionStateMachine,unknown,cm550_,,cm550_fuelTimingTransitionStateMachine
cm550,0x0000c246,fuelTimingModeInit,unknown,cm550_,,cm550_fuelTimingModeInit
cm550,0x0000c24c,diagnosticDataBufferSetup,unknown,cm550_,,cm550_diagnosticDataBufferSetup
cm550,0x0000c2a0,shutdownMinimumSelector16,unknown,cm550_,,cm550_shutdownMinimumSelector16
cm550,0x0000c2be,diagnosticTimingIncrementController,unknown,cm550_,,cm550_diagnosticTimingIncrementController
cm550,0x0000c326,vp44RpmBasedFaultDetector,vp44,vp44_,vp44,vp44RpmBasedFaultDetector
cm550,0x0000c504,fuelModeTransitionCountdownHandler,unknown,cm550_,,cm550_fuelModeTransitionCountdownHandler
cm550,0x0000c658,phase2_slot_5_handler,unknown,cm550_,,cm550_phase2_slot_5_handler
cm550,0x0000c66a,rpmHistogramAndProtectionStatisticsAccumulator,unknown,cm550_,,cm550_rpmHistogramAndProtectionStatisticsAccumulator
cm550,0x0000c714,fuelParameterPointerSetup,unknown,cm550_,,cm550_fuelParameterPointerSetup
cm550,0x0000c742,shutdownMinimumSelector15,unknown,cm550_,,cm550_shutdownMinimumSelector15
cm550,0x0000c760,tpuTimerInitializer,mc68k,mc68k_,dat_00ffc+_dat_00ff,mc68k_tpuTimerInitializer
cm550,0x0000c80c,emptyStubFunction1,unknown,cm550_,,cm550_emptyStubFunction1
cm550,0x0000c80e,modeBasedDataDispatcher,unknown,cm550_,,cm550_modeBasedDataDispatcher
cm550,0x0000c8a0,dzgTimingAndPressureControlStateMachine,unknown,cm550_,,cm550_dzgTimingAndPressureControlStateMachine
cm550,0x0000c962,engine_speed_governor,unknown,cm550_,,cm550_engine_speed_governor
cm550,0x0000d0e2,diagnosticDataCopyHandler,unknown,cm550_,,cm550_diagnosticDataCopyHandler
cm550,0x0000d0fc,fuelDeliverySystemInit,unknown,cm550_,,cm550_fuelDeliverySystemInit
cm550,0x0000d18a,diagnosticStatus30Setter,unknown,cm550_,,cm550_diagnosticStatus30Setter
cm550,0x0000d1a4,diagnosticStatus2Initializer,unknown,cm550_,,cm550_diagnosticStatus2Initializer
cm550,0x0000d218,diagnosticState2Initializer,unknown,cm550_,,cm550_diagnosticState2Initializer
cm550,0x0000d23c,dualTableLookupSum,unknown,cm550_,,cm550_dualTableLookupSum
cm550,0x0000d280,interpolationTableSetup,unknown,cm550_,,cm550_interpolationTableSetup
cm550,0x0000d286,initAcControlSystem,unknown,cm550_,,cm550_initAcControlSystem
cm550,0x0000d2be,acceleratorThrottleFaultDetector,unknown,cm550_,,cm550_acceleratorThrottleFaultDetector
cm550,0x0000d3bc,fuelArbitratorInit,unknown,cm550_,,cm550_fuelArbitratorInit
cm550,0x0000d3c6,initDerateSystemPointers,unknown,cm550_,,cm550_initDerateSystemPointers
cm550,0x0000d3e6,diagnosticMode10FuelController,unknown,cm550_,,cm550_diagnosticMode10FuelController
cm550,0x0000d584,diagnosticState7Setter,unknown,cm550_,,cm550_diagnosticState7Setter
cm550,0x0000d59e,fuelBlendTablePointerSetup,unknown,cm550_,,cm550_fuelBlendTablePointerSetup
cm550,0x0000d5e6,initBoostProtectionSystem,unknown,cm550_,,cm550_initBoostProtectionSystem
cm550,0x0000e780,clearKickdownControlState,unknown,cm550_,,cm550_clearKickdownControlState
cm550,0x0000e97e,vp44ControlVariablesReset,vp44,vp44_,vp44,vp44ControlVariablesReset
cm550,0x0000eaec,insiteParameterTableIterator,vp44,vp44_,vp44,vp44_insiteParameterTableIterator
cm550,0x0000eba4,diagnosticMessageTransmissionManager,unknown,cm550_,,cm550_diagnosticMessageTransmissionManager
cm550,0x0000ec1e,activeParamReadFunction,unknown,cm550_,,cm550_activeParamReadFunction
cm550,0x0000ed34,diagnosticCodeTableSearch,unknown,cm550_,,cm550_diagnosticCodeTableSearch
cm550,0x0000f796,paramSystemModeController,unknown,cm550_,,cm550_paramSystemModeController
cm550,0x0000f8c6,param_lookup_1,unknown,cm550_,,cm550_param_lookup_1
cm550,0x0000f930,param_lookup_3,unknown,cm550_,,cm550_param_lookup_3
cm550,0x0000fa06,vp44State2TransitionHandler,vp44,vp44_,vp44,vp44State2TransitionHandler
cm550,0x0000faa6,calculateGovernorDroopSpeed,unknown,cm550_,,cm550_calculateGovernorDroopSpeed
cm550,0x0000fb26,fuelLimitExceedanceStatisticsAccumulator,vp44,vp44_,vp44,vp44_fuelLimitExceedanceStatisticsAccumulator
cm550,0x0000fbe4,fuelSourceOilPressureConditionChecker,vp44,vp44_,vp44,vp44_fuelSourceOilPressureConditionChecker
cm550,0x0000ff56,initFuelArbitratorThreshold5,unknown,cm550_,,cm550_initFuelArbitratorThreshold5
cm550,0x0000ff6c,ioControlBasedFuelCalculator,unknown,cm550_,,cm550_ioControlBasedFuelCalculator
cm550,0x000100da,throttleTablePointerSetup,unknown,cm550_,,cm550_throttleTablePointerSetup
cm550,0x0001011c,bufferDecreasingPatternCheck,unknown,cm550_,,cm550_bufferDecreasingPatternCheck
cm550,0x000101b8,bufferThresholdValidator,unknown,cm550_,,cm550_bufferThresholdValidator
cm550,0x0001025c,retarderModeThresholdCalculator,unknown,cm550_,,cm550_retarderModeThresholdCalculator
cm550,0x00010394,canBusTimingInit,unknown,cm550_,,cm550_canBusTimingInit
cm550,0x000103ba,sendCanSingleFrame,unknown,cm550_,,cm550_sendCanSingleFrame
cm550,0x000104e8,sendCanMessage,unknown,cm550_,,cm550_sendCanMessage
cm550,0x00010512,sendJ1939MultiFrameWrapper,unknown,cm550_,,cm550_sendJ1939MultiFrameWrapper
cm550,0x00010520,arrayRangeSum,unknown,cm550_,,cm550_arrayRangeSum
cm550,0x00010536,memoryPatchCountDecrement,unknown,cm550_,,cm550_memoryPatchCountDecrement
cm550,0x00010568,rpmDerateCalculationController,vp44,vp44_,vp44,vp44_rpmDerateCalculationController
cm550,0x00010822,derateThresholdMonitorAndFaultController,vp44,vp44_,vp44,vp44_derateThresholdMonitorAndFaultController
cm550,0x00010e16,diagnosticMemoryAddressResolver,unknown,cm550_,,cm550_diagnosticMemoryAddressResolver
cm550,0x00010e80,calibrationDataCopyWithChecksum,mc68k,mc68k_,dat_00ffd+dat_00fff,mc68k_calibrationDataCopyWithChecksum
cm550,0x00010f32,calibrationDataCopySecondary,mc68k,mc68k_,dat_00ffd+dat_00fff,mc68k_calibrationDataCopySecondary
cm550,0x00010fe0,eepromCalibrationWriteSecondary,mc68k,mc68k_,dat_00ffd+dat_00fff,mc68k_eepromCalibrationWriteSecondary
cm550,0x000114d4,validateRedundantSensors,vp44,vp44_,vp44,vp44_validateRedundantSensors
cm550,0x000117ec,firmwareDataCopyToWorkingMemory,mc68k,mc68k_,dat_00ffd+dat_00fff,mc68k_firmwareDataCopyToWorkingMemory
cm550,0x0001188c,waterInFuelDetectionStateInit,unknown,cm550_,,cm550_waterInFuelDetectionStateInit
cm550,0x000118b2,waterInFuelFaultClear,unknown,cm550_,,cm550_waterInFuelFaultClear
cm550,0x000118fc,activateHighRpmShutdownFlag,unknown,cm550_,,cm550_activateHighRpmShutdownFlag
cm550,0x00011908,eepromWriteWrapper,unknown,cm550_,,cm550_eepromWriteWrapper
cm550,0x0001191a,triggerDiagnosticSystemReset,unknown,cm550_,,cm550_triggerDiagnosticSystemReset
cm550,0x00011b36,systemFunction8xMaximum,unknown,cm550_,,cm550_systemFunction8xMaximum
cm550,0x00011da6,crc16Calculate,unknown,cm550_,,cm550_crc16Calculate
cm550,0x00011df8,memoryPatchCrcCalculate,unknown,cm550_,,cm550_memoryPatchCrcCalculate
cm550,0x00011e5e,coldStartFuelControlSlowCycle40Coordinator,unknown,cm550_,,cm550_coldStartFuelControlSlowCycle40Coordinator
cm550,0x000124d2,initLoadTrendingSystem,unknown,cm550_,,cm550_initLoadTrendingSystem
cm550,0x0001277c,fuelSourceMode11CountdownHandler,unknown,cm550_,,cm550_fuelSourceMode11CountdownHandler
cm550,0x0001355e,circularBufferWriteWithStatus,unknown,cm550_,,cm550_circularBufferWriteWithStatus
cm550,0x00013616,vp44_communication_state_machine,vp44,vp44_,vp44,vp44_communication_state_machine
cm550,0x000138a0,initVp44BufferAddresses,vp44,vp44_,vp44,vp44_initVp44BufferAddresses
cm550,0x000142a8,canBusConfigTypeSelector,unknown,cm550_,,cm550_canBusConfigTypeSelector
cm550,0x000143b6,multiSpeedParameterInterpolation,unknown,cm550_,,cm550_multiSpeedParameterInterpolation
cm550,0x0001444e,fuelDemandPercentageCalculator,unknown,cm550_,,cm550_fuelDemandPercentageCalculator
cm550,0x000144bc,diagnosticCodeDebounceHandler,unknown,cm550_,,cm550_diagnosticCodeDebounceHandler
cm550,0x0001452e,phase2_sensor_data_processor,unknown,cm550_,,cm550_phase2_sensor_data_processor
cm550,0x000146b4,oldestDiagnosticTimestampSearch,unknown,cm550_,,cm550_oldestDiagnosticTimestampSearch
cm550,0x00014720,diagnosticCodeRegistrar,unknown,cm550_,,cm550_diagnosticCodeRegistrar
cm550,0x00014dc6,faultFlagScannerAndProcessor,unknown,cm550_,,cm550_faultFlagScannerAndProcessor
cm550,0x00014f42,insitePidDtcHandler,unknown,cm550_,,cm550_insitePidDtcHandler
cm550,0x00014fae,initHourMeterSystem,unknown,cm550_,,cm550_initHourMeterSystem
cm550,0x000159ee,ioDriverStrobeHandler,mc68k,mc68k_,_dat_00ff+dat_00ffd+dat_00fff,mc68k_ioDriverStrobeHandler
cm550,0x00015dd0,initVP44StatusMonitoring,vp44,vp44_,vp44,vp44_initVP44StatusMonitoring
cm550,0x0001645e,safeDivideWithClamp,unknown,cm550_,,cm550_safeDivideWithClamp
cm550,0x0001651e,clampedDivisionCalculator,unknown,cm550_,,cm550_clampedDivisionCalculator
cm550,0x000165f2,param_address_calc,unknown,cm550_,,cm550_param_address_calc
cm550,0x00016628,limitedDivisionCalculator,unknown,cm550_,,cm550_limitedDivisionCalculator
cm550,0x0001666c,multiPacketTransmitHandler,unknown,cm550_,,cm550_multiPacketTransmitHandler
cm550,0x0001686e,multiPacketReceiveHandler,unknown,cm550_,,cm550_multiPacketReceiveHandler
cm550,0x00016c2c,circularBufferEmptyCheck,unknown,cm550_,,cm550_circularBufferEmptyCheck
cm550,0x00016c3c,parameterCircularBufferWrite,unknown,cm550_,,cm550_parameterCircularBufferWrite
cm550,0x00016cd8,circularBufferWrite,unknown,cm550_,,cm550_circularBufferWrite
cm550,0x00016d4c,emptyPlaceholderFunction,unknown,cm550_,,cm550_emptyPlaceholderFunction
cm550,0x00016d4e,tpuTransmissionTrigger,mc68k,mc68k_,tpu_+_dat_00ff,mc68k_tpuTransmissionTrigger
cm550,0x00016dd4,highRpmEngineProtectionStateMachine,unknown,cm550_,,cm550_highRpmEngineProtectionStateMachine
cm550,0x0001709e,fuelTemperatureLimitingSecondary,unknown,cm550_,,cm550_fuelTemperatureLimitingSecondary
cm550,0x00017150,canControllerConfigInit,unknown,cm550_,,cm550_canControllerConfigInit
cm550,0x0001717a,derateProtectionSlowCycle20Coordinator,unknown,cm550_,,cm550_derateProtectionSlowCycle20Coordinator
cm550,0x000171aa,caseD_3,unknown,cm550_,,cm550_caseD_3
cm550,0x000171be,fuel_limit_arbitrator,unknown,cm550_,,cm550_fuel_limit_arbitrator
cm550,0x000176de,engineRpmSourceInit,unknown,cm550_,,cm550_engineRpmSourceInit
cm550,0x000177c2,rpmBasedFuelLimitCalculator,unknown,cm550_,,cm550_rpmBasedFuelLimitCalculator
cm550,0x000178b0,governorFuelModeBlendCalculator,unknown,cm550_,,cm550_governorFuelModeBlendCalculator
cm550,0x00017a06,rpmBasedFuelTimingInterpolation,unknown,cm550_,,cm550_rpmBasedFuelTimingInterpolation
cm550,0x00017a8e,frictionalLoadTorqueInterpolator,unknown,cm550_,,cm550_frictionalLoadTorqueInterpolator
cm550,0x00017b8a,rpmSourceSelectorForFrictionalLoad,unknown,cm550_,,cm550_rpmSourceSelectorForFrictionalLoad
cm550,0x00017ca6,peakTorqueFuelCorrection,unknown,cm550_,,cm550_peakTorqueFuelCorrection
cm550,0x00017cf0,engineModeTransitionStateUpdater,unknown,cm550_,,cm550_engineModeTransitionStateUpdater
cm550,0x00017d2a,engineModeTransitionHandler,unknown,cm550_,,cm550_engineModeTransitionHandler
cm550,0x00017d6a,ioOutputFlagMappingSlowCycle40Coordinator,unknown,cm550_,,cm550_ioOutputFlagMappingSlowCycle40Coordinator
cm550,0x00017e06,frictionalLoadTorqueManagementSlowCycle40Coordinator,unknown,cm550_,,cm550_frictionalLoadTorqueManagementSlowCycle40Coordinator
cm550,0x00017e62,engineOperatingModeStateTrackingSlowCycle40Coordinator,unknown,cm550_,,cm550_engineOperatingModeStateTrackingSlowCycle40Coordinator
cm550,0x00017eba,frictionalLoadTorqueTransitionHandler,unknown,cm550_,,cm550_frictionalLoadTorqueTransitionHandler
cm550,0x00017ef8,fuelLimitParameterPointerSetup,vp44,vp44_,vp44,vp44_fuelLimitParameterPointerSetup
cm550,0x00017f7c,vp44TimingFaultMonitor,vp44,vp44_,vp44,vp44TimingFaultMonitor
cm550,0x0001839a,canRpmModeConfigInit,unknown,cm550_,,cm550_canRpmModeConfigInit
cm550,0x00018620,engineProtectionMultiStateSlowCycle40Coordinator,unknown,cm550_,,cm550_engineProtectionMultiStateSlowCycle40Coordinator
cm550,0x000186ae,protectionThresholdCalculationHelper,unknown,cm550_,,cm550_protectionThresholdCalculationHelper
cm550,0x00018708,protectionPercentageCalculator,unknown,cm550_,,cm550_protectionPercentageCalculator
cm550,0x0001873e,engineProtectionSystemInit,vp44,vp44_,vp44,vp44_engineProtectionSystemInit
cm550,0x00018968,protectionConditionEvaluator,unknown,cm550_,,cm550_protectionConditionEvaluator
cm550,0x00018ac4,diagnosticProtectionEvaluator,unknown,cm550_,,cm550_diagnosticProtectionEvaluator
cm550,0x00018c1c,diagnosticProtectionProcessor,unknown,cm550_,,cm550_diagnosticProtectionProcessor
cm550,0x00018cb6,protectionState1DiagnosticValidator,unknown,cm550_,,cm550_protectionState1DiagnosticValidator
cm550,0x00018dae,protectionUpdateHandler,unknown,cm550_,,cm550_protectionUpdateHandler
cm550,0x00018f4c,protectionThresholdPointerInit,unknown,cm550_,,cm550_protectionThresholdPointerInit
cm550,0x000192f2,protectionCalculationHelper,unknown,cm550_,,cm550_protectionCalculationHelper
cm550,0x0001952c,protectionState3bRpmMonitor,unknown,cm550_,,cm550_protectionState3bRpmMonitor
cm550,0x000196e4,shutdownMinimumSelector29,unknown,cm550_,,cm550_shutdownMinimumSelector29
cm550,0x00019960,initShutdownLimitVariables,unknown,cm550_,,cm550_initShutdownLimitVariables
cm550,0x0001999c,can1TimerBufferInitDivided,mc68k,mc68k_,_dat_00ff,mc68k_can1TimerBufferInitDivided
cm550,0x000199fa,phase2_slot_0_handler,mc68k,mc68k_,_dat_00ff,mc68k_phase2_slot_0_handler
cm550,0x00019ac2,delayWithWatchdogServiceWrapper2,unknown,cm550_,,cm550_delayWithWatchdogServiceWrapper2
cm550,0x00019aca,emptyStubFunction7,unknown,cm550_,,cm550_emptyStubFunction7
cm550,0x00019acc,rpmTimerInterruptHandler2,vp44,vp44_,vp44,vp44_rpmTimerInterruptHandler2
cm550,0x00019dd0,can1MessageTransmitInit2,mc68k,mc68k_,_dat_00ff,mc68k_can1MessageTransmitInit2
cm550,0x0001a1e0,rpmTimingDeltaComparatorWithReturn,unknown,cm550_,,cm550_rpmTimingDeltaComparatorWithReturn
cm550,0x0001a6e8,crankFuelAndTimingBufferStore,mc68k,mc68k_,dat_00fff+_dat_00ff,mc68k_crankFuelAndTimingBufferStore
cm550,0x0001a746,can1TimerBufferInitConditional,mc68k,mc68k_,_dat_00ff,mc68k_can1TimerBufferInitConditional
cm550,0x0001a95a,throttleTimeAccumulatorProcessor,unknown,cm550_,,cm550_throttleTimeAccumulatorProcessor
cm550,0x0001a95e,vp44FaultThresholdTablesInit,vp44,vp44_,vp44,vp44FaultThresholdTablesInit
cm550,0x0001ae06,initOilPressureModeSystem,unknown,cm550_,,cm550_initOilPressureModeSystem
cm550,0x0001ae0c,sensorHistoryTablePointerInit,unknown,cm550_,,cm550_sensorHistoryTablePointerInit
cm550,0x0001ae22,dutyCycleMonitorAltCanInit,mc68k,mc68k_,_dat_00ff,mc68k_dutyCycleMonitorAltCanInit
cm550,0x0001af32,dutyCycleMonitorIsrHandler,mc68k,mc68k_,dat_00fff+_dat_00ff,mc68k_dutyCycleMonitorIsrHandler
cm550,0x0001b39a,dutyCycleMonitorBufferInit,mc68k,mc68k_,_dat_00ff,mc68k_dutyCycleMonitorBufferInit
cm550,0x0001b40c,phase2_slot_1_handler,mc68k,mc68k_,_dat_00ff,mc68k_phase2_slot_1_handler
cm550,0x0001b4c2,phase2_slot_8_handler,mc68k,mc68k_,_dat_00ff,mc68k_phase2_slot_8_handler
cm550,0x0001b4d0,ioDriverStrobeHandlerWrapper,unknown,cm550_,,cm550_ioDriverStrobeHandlerWrapper
cm550,0x0001b4d8,evenPhaseSchedulerTaskSet,vp44,vp44_,vp44,vp44_evenPhaseSchedulerTaskSet
cm550,0x0001b4ea,diagnosticMonitoringCoordinator,unknown,cm550_,,cm550_diagnosticMonitoringCoordinator
cm550,0x0001b4f6,boostPressureControlInit,unknown,cm550_,,cm550_boostPressureControlInit
cm550,0x0001b504,oddPhaseSchedulerTaskSet,unknown,cm550_,,cm550_oddPhaseSchedulerTaskSet
cm550,0x0001b518,vp44_engine_management_system,vp44,vp44_,vp44,vp44_engine_management_system
cm550,0x0001b558,vp44ControlSystemCoordinator,vp44,vp44_,vp44,vp44ControlSystemCoordinator
cm550,0x0001b56a,slowCycle10Coordinator,unknown,cm550_,,cm550_slowCycle10Coordinator
cm550,0x0001b572,periodicTaskSet_governorProtection,vp44,vp44_,vp44,vp44_periodicTaskSet_governorProtection
cm550,0x0001b57e,engine_control_cycle,vp44,vp44_,vp44,vp44_engine_control_cycle
cm550,0x0001b5b4,slowCycle20ExtendedCoordinator,unknown,cm550_,,cm550_slowCycle20ExtendedCoordinator
cm550,0x0001b5ba,vp44ExtendedFaultDetectionCoordinator,vp44,vp44_,vp44,vp44ExtendedFaultDetectionCoordinator
cm550,0x0001b5ce,periodicTaskSet_fuelTiming,unknown,cm550_,,cm550_periodicTaskSet_fuelTiming
cm550,0x0001b604,fuelTimingCoordinator,unknown,cm550_,,cm550_fuelTimingCoordinator
cm550,0x0001b60a,diagnosticDataTransmissionSlowCycle10Coordinator,unknown,cm550_,,cm550_diagnosticDataTransmissionSlowCycle10Coordinator
cm550,0x0001b62a,evenPhaseSchedulerTaskSet,vp44,vp44_,vp44,vp44_evenPhaseSchedulerTaskSet
cm550,0x0001b6ba,rpm_control_system,unknown,cm550_,,cm550_rpm_control_system
cm550,0x0001b6c6,emptySlowCycle8PlaceholderCase7,unknown,cm550_,,cm550_emptySlowCycle8PlaceholderCase7
cm550,0x0001b6ce,slowCycle20Coordinator,unknown,cm550_,,cm550_slowCycle20Coordinator
cm550,0x0001b6d4,empty_debug_hook,unknown,cm550_,,cm550_empty_debug_hook
cm550,0x0001b6f8,vp44ProtectionSlowCycle20Coordinator,vp44,vp44_,vp44,vp44ProtectionSlowCycle20Coordinator
cm550,0x0001b6fe,engineModeBasedOutputControlSlowCycle20Coordinator,unknown,cm550_,,cm550_engineModeBasedOutputControlSlowCycle20Coordinator
cm550,0x0001b70a,emptySlowCycle20PlaceholderCase15,unknown,cm550_,,cm550_emptySlowCycle20PlaceholderCase15
cm550,0x0001b70c,dzgTimingAndPressureSlowCycle10Coordinator,unknown,cm550_,,cm550_dzgTimingAndPressureSlowCycle10Coordinator
cm550,0x0001b714,rpmBasedFuelLimiterCoordinator,unknown,cm550_,,cm550_rpmBasedFuelLimiterCoordinator
cm550,0x0001b71a,sensorStatusHistorySlowCycle20Coordinator,unknown,cm550_,,cm550_sensorStatusHistorySlowCycle20Coordinator
cm550,0x0001b722,shutdownProtectionSlowCycle10Coordinator,unknown,cm550_,,cm550_shutdownProtectionSlowCycle10Coordinator
cm550,0x0001b72a,camSyncDiagnosticProcessingSlowCycle20Coordinator,unknown,cm550_,,cm550_camSyncDiagnosticProcessingSlowCycle20Coordinator
cm550,0x0001b78e,slowCycle8Coordinator,unknown,cm550_,,cm550_slowCycle8Coordinator
cm550,0x0001b794,engineParameterAndBoostControlWrapper,unknown,cm550_,,cm550_engineParameterAndBoostControlWrapper
cm550,0x0001b7a2,auxiliarySystemControlWrapper,unknown,cm550_,,cm550_auxiliarySystemControlWrapper
cm550,0x0001b7ca,vp44DiagnosticFaultMonitoringSlowCycle20Coordinator,vp44,vp44_,vp44,vp44DiagnosticFaultMonitoringSlowCycle20Coordinator
cm550,0x0001b7d8,vp44FsoFaultMonitoringSlowCycle20Coordinator,vp44,vp44_,vp44,vp44FsoFaultMonitoringSlowCycle20Coordinator
cm550,0x0001b85a,vp44DiagnosticControlSlowCycle20Coordinator,vp44,vp44_,vp44,vp44DiagnosticControlSlowCycle20Coordinator
cm550,0x0001bf54,scheduler_init,mc68k,mc68k_,_dat_00ff,mc68k_scheduler_init
cm550,0x0001bfa2,circularBufferPush,unknown,cm550_,,cm550_circularBufferPush
cm550,0x0001bfde,circularBufferPop,unknown,cm550_,,cm550_circularBufferPop
cm550,0x0001c016,circularBufferInit,unknown,cm550_,,cm550_circularBufferInit
cm550,0x0001c03c,diagnosticFuelLimitInterpolator,unknown,cm550_,,cm550_diagnosticFuelLimitInterpolator
cm550,0x0001c31a,flashEraseWithWatchdog,mc68k,mc68k_,dat_00ffd+dat_00fff,mc68k_flashEraseWithWatchdog
cm550,0x0001c4ba,flashProgramWordWithWatchdog,mc68k,mc68k_,dat_00ffd+dat_00fff,mc68k_flashProgramWordWithWatchdog
cm550,0x0001c5e8,flashProgramFromRam,unknown,cm550_,,cm550_flashProgramFromRam
cm550,0x0001c630,diagnosticStatusDefaultSetter,unknown,cm550_,,cm550_diagnosticStatusDefaultSetter
cm550,0x0001c640,diagnostic_parameter_handler,unknown,cm550_,,cm550_diagnostic_parameter_handler
cm550,0x0001c65e,fuelDemandTableBlendCalculator,unknown,cm550_,,cm550_fuelDemandTableBlendCalculator
cm550,0x0001ca54,fuelDemandLimitSelector11,unknown,cm550_,,cm550_fuelDemandLimitSelector11
cm550,0x0001ca5c,canPinVp44StatusController,vp44,vp44_,vp44,vp44_canPinVp44StatusController
cm550,0x0001cb76,calculateBlendedTableValue,unknown,cm550_,,cm550_calculateBlendedTableValue
cm550,0x0001ce7c,initDiagnosticProtocol,unknown,cm550_,,cm550_initDiagnosticProtocol
cm550,0x0001d2e4,update_engine_protection_thresholds,unknown,cm550_,,cm550_update_engine_protection_thresholds
cm550,0x0001d9b4,vp44SensorStatusMonitor,vp44,vp44_,vp44,vp44SensorStatusMonitor
cm550,0x0001db9a,fuelArbitratorVariablesReset,vp44,vp44_,vp44,vp44_fuelArbitratorVariablesReset
cm550,0x0001dbee,main,mc68k,mc68k_,dat_00fff+_dat_00ff,mc68k_main
cm550,0x0001dcfc,vp44ControlStructureInit,vp44,vp44_,vp44,vp44ControlStructureInit
cm550,0x0001dd2c,diagnosticBufferPointerInit,unknown,cm550_,,cm550_diagnosticBufferPointerInit
cm550,0x0001e02a,subtractAndClampValue,unknown,cm550_,,cm550_subtractAndClampValue
cm550,0x0001e056,serialNodeAddressChecker,unknown,cm550_,,cm550_serialNodeAddressChecker
cm550,0x0001e086,serialNodeAddressForwarder,unknown,cm550_,,cm550_serialNodeAddressForwarder
cm550,0x0001e0bc,canFrameDataCopy,unknown,cm550_,,cm550_canFrameDataCopy
cm550,0x0001e1a0,canMessageInterruptHandlerSetup,unknown,cm550_,,cm550_canMessageInterruptHandlerSetup
cm550,0x0001e1ac,emptyStubWrapper1,unknown,cm550_,,cm550_emptyStubWrapper1
cm550,0x0001e1be,modeBasedDataDispatcherWrapper,unknown,cm550_,,cm550_modeBasedDataDispatcherWrapper
cm550,0x0001e1d0,serialPort2IsrHandler,mc68k,mc68k_,dat_00ffc,mc68k_serialPort2IsrHandler
cm550,0x0001e25a,serialCommunicationIsrRegister,unknown,cm550_,,cm550_serialCommunicationIsrRegister
cm550,0x0001e266,tpuTimerChannelEnable,mc68k,mc68k_,tpu_+_dat_00ff,mc68k_tpuTimerChannelEnable
cm550,0x0001e288,epsPositionSensorIsrHandler,mc68k,mc68k_,tpu_+_dat_00ff,mc68k_epsPositionSensorIsrHandler
cm550,0x0001e522,tpuChannelIsrRegister,unknown,cm550_,,cm550_tpuChannelIsrRegister
cm550,0x0001e734,interruptCounter1Increment,unknown,cm550_,,cm550_interruptCounter1Increment
cm550,0x0001e76a,interruptCounter2Increment,unknown,cm550_,,cm550_interruptCounter2Increment
cm550,0x0001e77a,initVectorTable,unknown,cm550_,,cm550_initVectorTable
cm550,0x0001e79a,insiteMultiFrameResponseBuilder,unknown,cm550_,,cm550_insiteMultiFrameResponseBuilder
cm550,0x0001e89e,insiteMultiFrameContinuation,unknown,cm550_,,cm550_insiteMultiFrameContinuation
cm550,0x0001eb88,responseBufferSpaceCheck,unknown,cm550_,,cm550_responseBufferSpaceCheck
cm550,0x0001ec08,responseBufferFinalize,unknown,cm550_,,cm550_responseBufferFinalize
cm550,0x0001ec3c,diagnosticMemoryWriteHandler,unknown,cm550_,,cm550_diagnosticMemoryWriteHandler
cm550,0x0001edae,diagnosticMemoryReadHandler,unknown,cm550_,,cm550_diagnosticMemoryReadHandler
cm550,0x0001f0de,diagnosticMessage45Builder,unknown,cm550_,,cm550_diagnosticMessage45Builder
cm550,0x0001f2d0,diagnosticMessage46Builder,unknown,cm550_,,cm550_diagnosticMessage46Builder
cm550,0x0001f84e,fuelDemandScaleFactorCalculator,unknown,cm550_,,cm550_fuelDemandScaleFactorCalculator
cm550,0x0001f8bc,engineFluidLevelDataBuilder,unknown,cm550_,,cm550_engineFluidLevelDataBuilder
cm550,0x0001fbb0,extendedDiagnosticService51,unknown,cm550_,,cm550_extendedDiagnosticService51
cm550,0x0001fbf4,diagnosticMessage53Builder,unknown,cm550_,,cm550_diagnosticMessage53Builder
cm550,0x0001fc9c,diagnosticMessage54Builder,unknown,cm550_,,cm550_diagnosticMessage54Builder
cm550,0x0001fd6c,j1939TimeoutDataClearHandler,unknown,cm550_,,cm550_j1939TimeoutDataClearHandler
cm550,0x0001fd8e,crankStateVariablesReset,unknown,cm550_,,cm550_crankStateVariablesReset
cm550,0x0001fdc0,j1939MessageTypeCounter,unknown,cm550_,,cm550_j1939MessageTypeCounter
cm550,0x0001fe40,canMessageFilterInit,unknown,cm550_,,cm550_canMessageFilterInit
cm550,0x0001ff38,engineRunTimeHistogramAccumulator,unknown,cm550_,,cm550_engineRunTimeHistogramAccumulator
cm550,0x0001ffd0,emptyPlaceholderInit,unknown,cm550_,,cm550_emptyPlaceholderInit
cm550,0x0001ffd6,j1939TorqueControlModeParser,unknown,cm550_,,cm550_j1939TorqueControlModeParser
cm550,0x000200a4,j1939TorqueControlModeClear,unknown,cm550_,,cm550_j1939TorqueControlModeClear
cm550,0x000200b4,j1939TorqueControlModeSet,unknown,cm550_,,cm550_j1939TorqueControlModeSet
cm550,0x000200c6,systemFunction6xParameterized,unknown,cm550_,,cm550_systemFunction6xParameterized
cm550,0x000204b0,outputControlState1Handler,unknown,cm550_,,cm550_outputControlState1Handler
cm550,0x00021272,canTransmissionController,unknown,cm550_,,cm550_canTransmissionController
cm550,0x0002148a,memoryOperationDispatcher,unknown,cm550_,,cm550_memoryOperationDispatcher
cm550,0x00021642,j1939MemoryDataCopyResolver,unknown,cm550_,,cm550_j1939MemoryDataCopyResolver
cm550,0x0002167e,j1939DataCopyWrapper2Byte,unknown,cm550_,,cm550_j1939DataCopyWrapper2Byte
cm550,0x00021714,j1939DataCopyWrapperExtended,unknown,cm550_,,cm550_j1939DataCopyWrapperExtended
cm550,0x000217de,memoryOperationFromMessageExtended,unknown,cm550_,,cm550_memoryOperationFromMessageExtended
cm550,0x00021964,addressLookupFunction,unknown,cm550_,,cm550_addressLookupFunction
cm550,0x00021982,diagnosticServiceSecurityValidator,unknown,cm550_,,cm550_diagnosticServiceSecurityValidator
cm550,0x00021f4e,diagnosticGroupPositionBufferStore,unknown,cm550_,,cm550_diagnosticGroupPositionBufferStore
cm550,0x00021fac,diagnosticGroupSnapshotCapture,unknown,cm550_,,cm550_diagnosticGroupSnapshotCapture
cm550,0x00022070,memoryRegisterController,unknown,cm550_,,cm550_memoryRegisterController
cm550,0x000222b4,canDiagnosticResponseSender,unknown,cm550_,,cm550_canDiagnosticResponseSender
cm550,0x00022370,systemFunction1xCaller,unknown,cm550_,,cm550_systemFunction1xCaller
cm550,0x0002238e,diagMemoryReadResponseBuilder,unknown,cm550_,,cm550_diagMemoryReadResponseBuilder
cm550,0x00022956,diagnosticParamRequestHandler,unknown,cm550_,,cm550_diagnosticParamRequestHandler
cm550,0x000229ea,messageErrorHandler,unknown,cm550_,,cm550_messageErrorHandler
cm550,0x00022a58,vp44CanFrameBuilder,vp44,vp44_,vp44,vp44CanFrameBuilder
cm550,0x00022ad8,vp44MessageTransmitter,vp44,vp44_,vp44,vp44MessageTransmitter
cm550,0x00022b50,vp44FuelTempHandler,vp44,vp44_,vp44,vp44FuelTempHandler
cm550,0x00022c26,vp44MultiFrameResponseHandler,vp44,vp44_,vp44,vp44MultiFrameResponseHandler
cm550,0x00022d8e,diagnosticStatusRequestHandler,unknown,cm550_,,cm550_diagnosticStatusRequestHandler
cm550,0x00022de2,diagnosticErrorHandler,vp44,vp44_,vp44,vp44_diagnosticErrorHandler
cm550,0x00022de6,diagnosticServiceByteHandler,vp44,vp44_,vp44,vp44_diagnosticServiceByteHandler
cm550,0x00022e5e,vp44CanMessageDispatcher,vp44,vp44_,vp44,vp44CanMessageDispatcher
cm550,0x00022e96,diagnosticParamRequestHandlerWrapper,unknown,cm550_,,cm550_diagnosticParamRequestHandlerWrapper
cm550,0x00022ea4,vp44FuelTempHandlerWrapper,vp44,vp44_,vp44,vp44FuelTempHandlerWrapper
cm550,0x00022eb2,diagnosticStatusRequestHandlerWrapper,unknown,cm550_,,cm550_diagnosticStatusRequestHandlerWrapper
cm550,0x00022ec0,diagnosticErrorHandlerWrapper,unknown,cm550_,,cm550_diagnosticErrorHandlerWrapper
cm550,0x00022ece,unknownMessageHandler,unknown,cm550_,,cm550_unknownMessageHandler
cm550,0x00022fae,diagnosticMessageProcessor,unknown,cm550_,,cm550_diagnosticMessageProcessor
cm550,0x000230d6,vp44ResponseTimeoutHandler,vp44,vp44_,vp44,vp44ResponseTimeoutHandler
cm550,0x000230ee,messageQueueDispatcher,vp44,vp44_,vp44,vp44_messageQueueDispatcher
cm550,0x00023130,multiPacketBufferAllocator,unknown,cm550_,,cm550_multiPacketBufferAllocator
cm550,0x00023186,vp44DiagnosticBufferPointersInit,vp44,vp44_,vp44,vp44DiagnosticBufferPointersInit
cm550,0x000231da,fuelArbitratorResetHandler,unknown,cm550_,,cm550_fuelArbitratorResetHandler
cm550,0x0002322a,statisticsTrackingFlagsReset,unknown,cm550_,,cm550_statisticsTrackingFlagsReset
cm550,0x00023244,fuelDemandLimitOrchestrator,unknown,cm550_,,cm550_fuelDemandLimitOrchestrator
cm550,0x00023820,diagnosticMessageValidator,unknown,cm550_,,cm550_diagnosticMessageValidator
cm550,0x00023870,ioControlTimeoutTableLookup,unknown,cm550_,,cm550_ioControlTimeoutTableLookup
cm550,0x000238ac,ioControlEntryAdd,unknown,cm550_,,cm550_ioControlEntryAdd
cm550,0x000238ec,ioControlTimeoutEntryAdd,unknown,cm550_,,cm550_ioControlTimeoutEntryAdd
cm550,0x00023920,phase3_countdown_timer_manager,unknown,cm550_,,cm550_phase3_countdown_timer_manager
cm550,0x000239d2,diagnosticStateInitializer,unknown,cm550_,,cm550_diagnosticStateInitializer
cm550,0x00023a3c,ioControlEntryRemove,unknown,cm550_,,cm550_ioControlEntryRemove
cm550,0x00024812,iahDisableWaitToStartLamp,unknown,cm550_,,cm550_iahDisableWaitToStartLamp
cm550,0x0002481e,initIoControlRegister,unknown,cm550_,,cm550_initIoControlRegister
cm550,0x0002482e,ioControlMaskInit,unknown,cm550_,,cm550_ioControlMaskInit
cm550,0x00024858,ioControlMaskStateMachine,unknown,cm550_,,cm550_ioControlMaskStateMachine
cm550,0x000249b6,ioControlToggleCycle,unknown,cm550_,,cm550_ioControlToggleCycle
cm550,0x000249ee,ioControlLampStateMachine,vp44,vp44_,vp44,vp44_ioControlLampStateMachine
cm550,0x00024b4e,ioControlDigitDisplaySequencer,unknown,cm550_,,cm550_ioControlDigitDisplaySequencer
cm550,0x00024d40,faultCodeDisplayController,unknown,cm550_,,cm550_faultCodeDisplayController
cm550,0x00024f30,activeFaultLampStateMachine,unknown,cm550_,,cm550_activeFaultLampStateMachine
cm550,0x00025316,faultLampBlinkPatternGenerator,unknown,cm550_,,cm550_faultLampBlinkPatternGenerator
cm550,0x00025448,periodicLampFlashController,unknown,cm550_,,cm550_periodicLampFlashController
cm550,0x00025594,clearSystemErrorStatus,unknown,cm550_,,cm550_clearSystemErrorStatus
cm550,0x000258d6,fuelDemandTablePointerInit,unknown,cm550_,,cm550_fuelDemandTablePointerInit
cm550,0x000258e8,epsTimingCalculationSlowCycle40Coordinator,unknown,cm550_,,cm550_epsTimingCalculationSlowCycle40Coordinator
cm550,0x00025926,initLookupTablePointers1,unknown,cm550_,,cm550_initLookupTablePointers1
cm550,0x0002595a,governorFuelPidController,unknown,cm550_,,cm550_governorFuelPidController
cm550,0x00025a30,fuel_delivery_controller,unknown,cm550_,,cm550_fuel_delivery_controller
cm550,0x00025b1c,fuel_timing_calculation_with_fault_checking,vp44,vp44_,vp44,vp44_fuel_timing_calculation_with_fault_checking
cm550,0x00025ff2,fuelRpmDeviationCalculator,vp44,vp44_,vp44,vp44_fuelRpmDeviationCalculator
cm550,0x0002609c,epsAccelerationMonitor,unknown,cm550_,,cm550_epsAccelerationMonitor
cm550,0x00026252,epsRpmTrackingInit,unknown,cm550_,,cm550_epsRpmTrackingInit
cm550,0x0002626a,epsControlModeReset,unknown,cm550_,,cm550_epsControlModeReset
cm550,0x00026272,epsOverrideChecker,unknown,cm550_,,cm550_epsOverrideChecker
cm550,0x0002629e,epsControlModeSelector,unknown,cm550_,,cm550_epsControlModeSelector
cm550,0x000262fa,epsInitializationWrapper,unknown,cm550_,,cm550_epsInitializationWrapper
cm550,0x00026308,epsControlModeInit,unknown,cm550_,,cm550_epsControlModeInit
cm550,0x00026340,epsDiagnosticModeHandler,unknown,cm550_,,cm550_epsDiagnosticModeHandler
cm550,0x00026462,initOilPressureMonitoring,unknown,cm550_,,cm550_initOilPressureMonitoring
cm550,0x00026474,engineModeTimingAdjuster,unknown,cm550_,,cm550_engineModeTimingAdjuster
cm550,0x00026484,vp44_rpm_derate_monitor,vp44,vp44_,vp44,vp44_rpm_derate_monitor
cm550,0x0002658c,fuelDemandLimitSource2Selector,unknown,cm550_,,cm550_fuelDemandLimitSource2Selector
cm550,0x0002659a,initVP44StatusFlags,vp44,vp44_,vp44,vp44_initVP44StatusFlags
cm550,0x000265e6,epsRpmTargetModeChecker,unknown,cm550_,,cm550_epsRpmTargetModeChecker
cm550,0x000266d2,timingOffsetCalculatorWrapper,unknown,cm550_,,cm550_timingOffsetCalculatorWrapper
cm550,0x000266da,qadcDataCollectionStateMachine,mc68k,mc68k_,dat_00fff+_dat_00ff,mc68k_qadcDataCollectionStateMachine
cm550,0x00026a64,memcpy,unknown,cm550_,,cm550_memcpy
cm550,0x00026a7e,fuelDemandTablePointersInit,unknown,cm550_,,cm550_fuelDemandTablePointersInit
cm550,0x00026ab8,rpmLoadParameterLookup,unknown,cm550_,,cm550_rpmLoadParameterLookup
cm550,0x00026b00,vp44OperatingConditionChecker,vp44,vp44_,vp44,vp44OperatingConditionChecker
cm550,0x00026c7e,pwmOutputInit,mc68k,mc68k_,_dat_00ff,mc68k_pwmOutputInit
cm550,0x00026eec,insiteActiveFaultListBuilder,unknown,cm550_,,cm550_insiteActiveFaultListBuilder
cm550,0x00026fea,insiteFaultDetailBuilder,unknown,cm550_,,cm550_insiteFaultDetailBuilder
cm550,0x0002758e,insiteVersionInfoBuilder,unknown,cm550_,,cm550_insiteVersionInfoBuilder
cm550,0x00027706,insiteCapacityResponseBuilder,unknown,cm550_,,cm550_insiteCapacityResponseBuilder
cm550,0x00027998,hourMeterEventLogger,vp44,vp44_,vp44,vp44_hourMeterEventLogger
cm550,0x00027af0,vp44StatusInitAndWait,vp44,vp44_,vp44,vp44StatusInitAndWait
cm550,0x00028508,mainSystemInitialization,vp44,vp44_,vp44,vp44_mainSystemInitialization
cm550,0x0002874a,slowCycle4Coordinator,vp44,vp44_,vp44,vp44_slowCycle4Coordinator
cm550,0x00028792,engineDiagnosticSystemCoordinator,vp44,vp44_,vp44,vp44_engineDiagnosticSystemCoordinator
cm550,0x00028816,fuelDemandUpdateOrchestrator,unknown,cm550_,,cm550_fuelDemandUpdateOrchestrator
cm550,0x00028828,advancedEngineProtectionCoordinator,unknown,cm550_,,cm550_advancedEngineProtectionCoordinator
cm550,0x00028936,shutdownMinimumSelectorOrchestrator,unknown,cm550_,,cm550_shutdownMinimumSelectorOrchestrator
cm550,0x00028990,phase4InitSequence,unknown,cm550_,,cm550_phase4InitSequence
cm550,0x00028a04,dualCanControllerInit,mc68k,mc68k_,dat_00ffc+dat_00ffd+_dat_00ff,mc68k_dualCanControllerInit
cm550,0x00028e32,mainCanTransmissionLoop,mc68k,mc68k_,dat_00ffd,mc68k_mainCanTransmissionLoop
cm550,0x0002d09e,systemControl64,unknown,cm550_,,cm550_systemControl64
cm550,0x0002d1c2,systemControl74,unknown,cm550_,,cm550_systemControl74
cm550,0x0002d1e0,systemControl75,unknown,cm550_,,cm550_systemControl75
cm550,0x0002d1fe,memoryPatchBufferInit,unknown,cm550_,,cm550_memoryPatchBufferInit
cm550,0x0002d216,memoryPatchingSystem,unknown,cm550_,,cm550_memoryPatchingSystem
cm550,0x0002d9d2,fuelDemandProportionalCalculator,unknown,cm550_,,cm550_fuelDemandProportionalCalculator
cm550,0x0002dc8c,rpmSnapshotCapture,unknown,cm550_,,cm550_rpmSnapshotCapture
cm550,0x0002dcb0,oil_pressure_shutdown_controller,unknown,cm550_,,cm550_oil_pressure_shutdown_controller
cm550,0x0002ddce,hardwareTimerFlagsInit,mc68k,mc68k_,_dat_00ff,mc68k_hardwareTimerFlagsInit
cm550,0x0002ddd6,initDiagnosticModeSystem,mc68k,mc68k_,_dat_00ff,mc68k_initDiagnosticModeSystem
cm550,0x0002e2f4,waterInFuelDiagnosticHandler,mc68k,mc68k_,dat_00fff+_dat_00ff,mc68k_waterInFuelDiagnosticHandler
cm550,0x0002e5c0,pwmFuelDemandOutputCalculator,mc68k,mc68k_,_dat_00ff,mc68k_pwmFuelDemandOutputCalculator
cm550,0x0002e9ac,clearWorkingMemory,mc68k,mc68k_,dat_00ffd+dat_00fff,mc68k_clearWorkingMemory
cm550,0x0002e9f8,canMemoryPointerTableInit,unknown,cm550_,,cm550_canMemoryPointerTableInit
cm550,0x0002eadc,canMessageMemorySyncController,unknown,cm550_,,cm550_canMessageMemorySyncController
cm550,0x0002ed6a,insiteParameterParser,unknown,cm550_,,cm550_insiteParameterParser
cm550,0x0002edb2,parameterLookupForInsite,unknown,cm550_,,cm550_parameterLookupForInsite
cm550,0x0002ee62,coreSystemFunction,unknown,cm550_,,cm550_coreSystemFunction
cm550,0x0002eea2,diagnosticServiceDispatcher,unknown,cm550_,,cm550_diagnosticServiceDispatcher
cm550,0x0002ef08,systemControlFunction1,unknown,cm550_,,cm550_systemControlFunction1
cm550,0x0002ef1c,diagnosticResponseHandler2,unknown,cm550_,,cm550_diagnosticResponseHandler2
cm550,0x0002ef36,canTransmissionTrigger,unknown,cm550_,,cm550_canTransmissionTrigger
cm550,0x0002efbc,systemControlFunction2,unknown,cm550_,,cm550_systemControlFunction2
cm550,0x0002efd0,diagnosticServiceDispatcherByPgn,unknown,cm550_,,cm550_diagnosticServiceDispatcherByPgn
cm550,0x0002f114,systemControlFunction3,unknown,cm550_,,cm550_systemControlFunction3
cm550,0x0002f538,diagnosticDataDump,unknown,cm550_,,cm550_diagnosticDataDump
cm550,0x0002f7e6,retarderControlModeHandler,unknown,cm550_,,cm550_retarderControlModeHandler
cm550,0x0002faba,initOilPressureProtectionPointers,unknown,cm550_,,cm550_initOilPressureProtectionPointers
cm550,0x0002fb70,torqueControlAddressDispatcher,unknown,cm550_,,cm550_torqueControlAddressDispatcher
cm550,0x0002fddc,diagnosticTableEntryClear,unknown,cm550_,,cm550_diagnosticTableEntryClear
cm550,0x0002fe38,diagnosticTableSnapshotCapture,unknown,cm550_,,cm550_diagnosticTableSnapshotCapture
cm550,0x000300d4,tpuChannelStateMachine,mc68k,mc68k_,tpu_+_dat_00ff,mc68k_tpuChannelStateMachine
cm550,0x00030274,engineSpeedIsrRegister,mc68k,mc68k_,_dat_00ff,mc68k_engineSpeedIsrRegister
cm550,0x00030290,engineRpmHardwareTimerSetup,mc68k,mc68k_,_dat_00ff,mc68k_engineRpmHardwareTimerSetup
cm550,0x00030342,can1ControllerInit,mc68k,mc68k_,_dat_00ff,mc68k_can1ControllerInit
cm550,0x000303c8,emptyStubFunction9,unknown,cm550_,,cm550_emptyStubFunction9
cm550,0x000303d2,emptyInitPlaceholder,unknown,cm550_,,cm550_emptyInitPlaceholder
cm550,0x000303d4,accumulatorWithOverflowCarry,unknown,cm550_,,cm550_accumulatorWithOverflowCarry
cm550,0x00030414,runTimeCountersUpdate,unknown,cm550_,,cm550_runTimeCountersUpdate
cm550,0x00030454,runTimeCountersUpdateAlt,unknown,cm550_,,cm550_runTimeCountersUpdateAlt
cm550,0x000304f4,rpmHistogramAndAveragingStatistics,unknown,cm550_,,cm550_rpmHistogramAndAveragingStatistics
cm550,0x0003061a,fuelLimitRestoreFromCapture,unknown,cm550_,,cm550_fuelLimitRestoreFromCapture
cm550,0x00030a64,protectionFlagAccumulator,unknown,cm550_,,cm550_protectionFlagAccumulator
cm550,0x00030b04,protectionLimitValueInit,unknown,cm550_,,cm550_protectionLimitValueInit
cm550,0x00030b10,fuelDemandLimitSelector4,unknown,cm550_,,cm550_fuelDemandLimitSelector4
cm550,0x00030b62,vp44InjectionSystemStateController,vp44,vp44_,vp44,vp44InjectionSystemStateController
cm550,0x00030bf6,shutdownMinimumSelector28,unknown,cm550_,,cm550_shutdownMinimumSelector28
cm550,0x00030c14,shutdownMinimumSelector20,unknown,cm550_,,cm550_shutdownMinimumSelector20
cm550,0x00030c78,masterSubsystemInit,unknown,cm550_,,cm550_masterSubsystemInit
cm550,0x00031428,initInternalRamAndCAN1,mc68k,mc68k_,dat_00ffe+_dat_00ff,mc68k_initInternalRamAndCAN1
cm550,0x00031ace,diagnosticSessionValidator,unknown,cm550_,,cm550_diagnosticSessionValidator
cm550,0x00031b22,diagnosticCanResponseSender,unknown,cm550_,,cm550_diagnosticCanResponseSender
cm550,0x00031b96,canBufferSetup1,unknown,cm550_,,cm550_canBufferSetup1
cm550,0x00031c1a,j1939MessageSetup_PGN_65265,unknown,cm550_,,cm550_j1939MessageSetup_PGN_65265
cm550,0x000320f6,engineSerialNumberPGN_65259_Builder,unknown,cm550_,,cm550_engineSerialNumberPGN_65259_Builder
cm550,0x0003216a,diagnosticMultiPacketResponseBuilder,unknown,cm550_,,cm550_diagnosticMultiPacketResponseBuilder
cm550,0x00032244,diagnosticDM11PGN_65234_Builder,unknown,cm550_,,cm550_diagnosticDM11PGN_65234_Builder
cm550,0x000323be,engineCoolantPGN_65226_Builder,unknown,cm550_,,cm550_engineCoolantPGN_65226_Builder
cm550,0x0003241c,previousDtcListBuilder,unknown,cm550_,,cm550_previousDtcListBuilder
cm550,0x0003252c,diagnosticDM2PGN_65227_Builder,unknown,cm550_,,cm550_diagnosticDM2PGN_65227_Builder
cm550,0x000329d2,diagnosticDM4PGN_65229_Builder,unknown,cm550_,,cm550_diagnosticDM4PGN_65229_Builder
cm550,0x00032a42,diagnosticDM5DataBuilder,vp44,vp44_,vp44,vp44_diagnosticDM5DataBuilder
cm550,0x00032ae2,diagnosticDM5PGN_65230_Builder,unknown,cm550_,,cm550_diagnosticDM5PGN_65230_Builder
cm550,0x00032b38,diagnosticByteResponseSender,vp44,vp44_,vp44,vp44_diagnosticByteResponseSender
cm550,0x00032b64,diagnosticDM8PGN_65232_Builder,vp44,vp44_,vp44,vp44_diagnosticDM8PGN_65232_Builder
cm550,0x00032e08,vp44Command0x100Builder,vp44,vp44_,vp44,vp44Command0x100Builder
cm550,0x00033064,cumminsProprietaryDM_983_Builder,vp44,vp44_,vp44,vp44_cumminsProprietaryDM_983_Builder
cm550,0x000330c4,configParamCanBuilder,vp44,vp44_,vp44,vp44_configParamCanBuilder
cm550,0x00033120,secondaryParamPGN_65247_Builder,vp44,vp44_,vp44,vp44_secondaryParamPGN_65247_Builder
cm550,0x000331ae,engineFluidLevelPGN_65263_Builder,vp44,vp44_,vp44,vp44_engineFluidLevelPGN_65263_Builder
cm550,0x00033880,engineTemperaturePGN_65262_Builder,unknown,cm550_,,cm550_engineTemperaturePGN_65262_Builder
cm550,0x000338ea,dutyCycleMonitorAltIsrHandler,unknown,cm550_,,cm550_dutyCycleMonitorAltIsrHandler
cm550,0x000339b0,cumminsProprietaryTSC_PGN_15728640_Builder,unknown,cm550_,,cm550_cumminsProprietaryTSC_PGN_15728640_Builder
cm550,0x00033aea,retarderConfigPGN_65249_Builder,unknown,cm550_,,cm550_retarderConfigPGN_65249_Builder
cm550,0x00033b40,fuelEconomyDataBuilder,unknown,cm550_,,cm550_fuelEconomyDataBuilder
cm550,0x00033c28,fuelEconomyPGN_65266_Builder,unknown,cm550_,,cm550_fuelEconomyPGN_65266_Builder
cm550,0x00033c6c,ioControlDataBuilder,unknown,cm550_,,cm550_ioControlDataBuilder
cm550,0x00033ce2,ioControlPGN_65244_Builder,vp44,vp44_,vp44,vp44_ioControlPGN_65244_Builder
cm550,0x00033dfa,engineHoursPGN_65252_Builder,vp44,vp44_,vp44,vp44_engineHoursPGN_65252_Builder
cm550,0x00033eee,intakeManifoldPGN_65526_Builder,unknown,cm550_,,cm550_intakeManifoldPGN_65526_Builder
cm550,0x0003401a,cruiseControlPGN_65264_Builder,unknown,cm550_,,cm550_cruiseControlPGN_65264_Builder
cm550,0x0003407a,vp44CanMessage100ResponseBuilder,vp44,vp44_,vp44,vp44CanMessage100ResponseBuilder
cm550,0x0003429a,vehicleDistancePGN_65248_Builder,unknown,cm550_,,cm550_vehicleDistancePGN_65248_Builder
cm550,0x000342f0,retarderDataBuilder,unknown,cm550_,,cm550_retarderDataBuilder
cm550,0x00034334,electronicBrakePGN_65527_Builder,unknown,cm550_,,cm550_electronicBrakePGN_65527_Builder
cm550,0x000343d2,vehicleHoursPGN_65255_Builder,vp44,vp44_,vp44,vp44_vehicleHoursPGN_65255_Builder
cm550,0x00034534,initLoopCounter,unknown,cm550_,,cm550_initLoopCounter
cm550,0x00034540,setDiagnosticSourceFromFuelArbitrator,unknown,cm550_,,cm550_setDiagnosticSourceFromFuelArbitrator
cm550,0x00034564,setDiagnosticSourceFromEngineFlags,unknown,cm550_,,cm550_setDiagnosticSourceFromEngineFlags
cm550,0x0003458c,engine_protection_coordinator,unknown,cm550_,,cm550_engine_protection_coordinator
cm550,0x000345c8,initMultiSystemParameters,unknown,cm550_,,cm550_initMultiSystemParameters
cm550,0x0003460e,addressRangeValidator,unknown,cm550_,,cm550_addressRangeValidator
cm550,0x00034674,pwmTimerMode0Init,mc68k,mc68k_,_dat_00ff,mc68k_pwmTimerMode0Init
cm550,0x00034696,timerCaptureHardwareInit,mc68k,mc68k_,_dat_00ff,mc68k_timerCaptureHardwareInit
cm550,0x0003478c,pwmTimerMode0Reset,mc68k,mc68k_,_dat_00ff,mc68k_pwmTimerMode0Reset
cm550,0x0003480e,pwmTimerMode1ChannelSetup,mc68k,mc68k_,tpu_+_dat_00ff,mc68k_pwmTimerMode1ChannelSetup
cm550,0x0003494a,pwmTimerMode1Update,mc68k,mc68k_,tpu_+_dat_00ff,mc68k_pwmTimerMode1Update
cm550,0x00034a82,pwmTimerModeDispatcher,mc68k,mc68k_,_dat_00ff,mc68k_pwmTimerModeDispatcher
cm550,0x00034b20,pwmTimerCycleAdvance,mc68k,mc68k_,_dat_00ff,mc68k_pwmTimerCycleAdvance
cm550,0x00034bba,watchdogServiceLoop,mc68k,mc68k_,dat_00ffd+dat_00fff,mc68k_watchdogServiceLoop
cm550,0x00034c36,vp44FaultRegisterBit2Monitor,vp44,vp44_,vp44,vp44FaultRegisterBit2Monitor
cm550,0x00034cc4,liftPumpFuelDeliveryController,vp44,vp44_,vp44,vp44_liftPumpFuelDeliveryController
cm550,0x00034f00,unsignedLinearInterpolation,unknown,cm550_,,cm550_unsignedLinearInterpolation
cm550,0x00034f8a,coreTableInterpolation,unknown,cm550_,,cm550_coreTableInterpolation
cm550,0x00035064,scaleByRatio,unknown,cm550_,,cm550_scaleByRatio
cm550,0x00035076,scaleByRatioSigned,unknown,cm550_,,cm550_scaleByRatioSigned
cm550,0x00035088,tableLookup2D,unknown,cm550_,,cm550_tableLookup2D
cm550,0x0000395a,FUN_0000395a,mc68k,mc68k_,dat_00ffd+dat_00fff,mc68k_FUN_0000395a
cm550,0x00003abe,FUN_00003abe,mc68k,mc68k_,dat_00fff+_dat_00ff,mc68k_FUN_00003abe
cm550,0x0000ac3c,FUN_0000ac3c,unknown,cm550_,,cm550_FUN_0000ac3c
cm550,0x0000af70,FUN_0000af70,unknown,cm550_,,cm550_FUN_0000af70
cm550,0x0000b3d0,FUN_0000b3d0,unknown,cm550_,,cm550_FUN_0000b3d0
cm550,0x0000b688,FUN_0000b688,unknown,cm550_,,cm550_FUN_0000b688
cm550,0x0000c2ee,FUN_0000c2ee,unknown,cm550_,,cm550_FUN_0000c2ee
cm550,0x0000c404,FUN_0000c404,unknown,cm550_,,cm550_FUN_0000c404
cm550,0x0000c496,FUN_0000c496,unknown,cm550_,,cm550_FUN_0000c496
cm550,0x0000c4b2,FUN_0000c4b2,unknown,cm550_,,cm550_FUN_0000c4b2
cm550,0x0000c556,FUN_0000c556,unknown,cm550_,,cm550_FUN_0000c556
cm550,0x0000c87c,FUN_0000c87c,unknown,cm550_,,cm550_FUN_0000c87c
cm550,0x0000c87e,FUN_0000c87e,unknown,cm550_,,cm550_FUN_0000c87e
cm550,0x0000c880,FUN_0000c880,unknown,cm550_,,cm550_FUN_0000c880
cm550,0x0000d3b2,FUN_0000d3b2,unknown,cm550_,,cm550_FUN_0000d3b2
cm550,0x0000d4ae,FUN_0000d4ae,unknown,cm550_,,cm550_FUN_0000d4ae
cm550,0x0000e998,FUN_0000e998,unknown,cm550_,,cm550_FUN_0000e998
cm550,0x0000f716,FUN_0000f716,unknown,cm550_,,cm550_FUN_0000f716
cm550,0x0000f99a,FUN_0000f99a,unknown,cm550_,,cm550_FUN_0000f99a
cm550,0x0000f99c,FUN_0000f99c,unknown,cm550_,,cm550_FUN_0000f99c
cm550,0x0000fa68,FUN_0000fa68,vp44,vp44_,vp44,vp44_FUN_0000fa68
cm550,0x0000ff48,FUN_0000ff48,unknown,cm550_,,cm550_FUN_0000ff48
cm550,0x00010e06,FUN_00010e06,unknown,cm550_,,cm550_FUN_00010e06
cm550,0x0001125a,FUN_0001125a,mc68k,mc68k_,dat_00ffd+dat_00fff,mc68k_FUN_0001125a
cm550,0x0001183e,FUN_0001183e,unknown,cm550_,,cm550_FUN_0001183e
cm550,0x000118cc,FUN_000118cc,unknown,cm550_,,cm550_FUN_000118cc
cm550,0x0001192a,FUN_0001192a,unknown,cm550_,,cm550_FUN_0001192a
cm550,0x00011a68,FUN_00011a68,unknown,cm550_,,cm550_FUN_00011a68
cm550,0x00011a74,FUN_00011a74,unknown,cm550_,,cm550_FUN_00011a74
cm550,0x00012484,FUN_00012484,unknown,cm550_,,cm550_FUN_00012484
cm550,0x0001266e,FUN_0001266e,mc68k,mc68k_,_dat_00ff,mc68k_FUN_0001266e
cm550,0x000127c2,FUN_000127c2,vp44,vp44_,vp44,vp44_FUN_000127c2
cm550,0x000133fc,FUN_000133fc,unknown,cm550_,,cm550_FUN_000133fc
cm550,0x000133fe,FUN_000133fe,vp44,vp44_,vp44,vp44_FUN_000133fe
cm550,0x000138b6,FUN_000138b6,unknown,cm550_,,cm550_FUN_000138b6
cm550,0x00013a5c,FUN_00013a5c,unknown,cm550_,,cm550_FUN_00013a5c
cm550,0x00013cc8,FUN_00013cc8,unknown,cm550_,,cm550_FUN_00013cc8
cm550,0x00013d42,FUN_00013d42,unknown,cm550_,,cm550_FUN_00013d42
cm550,0x00013dbe,FUN_00013dbe,unknown,cm550_,,cm550_FUN_00013dbe
cm550,0x00013e12,FUN_00013e12,unknown,cm550_,,cm550_FUN_00013e12
cm550,0x00013e64,FUN_00013e64,unknown,cm550_,,cm550_FUN_00013e64
cm550,0x00013ed8,FUN_00013ed8,unknown,cm550_,,cm550_FUN_00013ed8
cm550,0x00014292,FUN_00014292,unknown,cm550_,,cm550_FUN_00014292
cm550,0x000142d4,FUN_000142d4,unknown,cm550_,,cm550_FUN_000142d4
cm550,0x00014348,FUN_00014348,unknown,cm550_,,cm550_FUN_00014348
cm550,0x00014670,FUN_00014670,unknown,cm550_,,cm550_FUN_00014670
cm550,0x00014812,FUN_00014812,unknown,cm550_,,cm550_FUN_00014812
cm550,0x00014872,FUN_00014872,unknown,cm550_,,cm550_FUN_00014872
cm550,0x00015df0,FUN_00015df0,mc68k,mc68k_,dat_00ffd+_dat_00ff,mc68k_FUN_00015df0
cm550,0x00017120,FUN_00017120,unknown,cm550_,,cm550_FUN_00017120
cm550,0x00017baa,FUN_00017baa,unknown,cm550_,,cm550_FUN_00017baa
cm550,0x00018384,FUN_00018384,unknown,cm550_,,cm550_FUN_00018384
cm550,0x000183cc,FUN_000183cc,unknown,cm550_,,cm550_FUN_000183cc
cm550,0x000184c6,FUN_000184c6,unknown,cm550_,,cm550_FUN_000184c6
cm550,0x000185f0,FUN_000185f0,unknown,cm550_,,cm550_FUN_000185f0
cm550,0x00018e0c,FUN_00018e0c,unknown,cm550_,,cm550_FUN_00018e0c
cm550,0x000192e0,FUN_000192e0,unknown,cm550_,,cm550_FUN_000192e0
cm550,0x00019702,FUN_00019702,unknown,cm550_,,cm550_FUN_00019702
cm550,0x00019caa,FUN_00019caa,mc68k,mc68k_,_dat_00ff,mc68k_FUN_00019caa
cm550,0x00019e8e,FUN_00019e8e,unknown,cm550_,,cm550_FUN_00019e8e
cm550,0x00019e90,FUN_00019e90,vp44,vp44_,vp44,vp44_FUN_00019e90
cm550,0x0001a298,FUN_0001a298,unknown,cm550_,,cm550_FUN_0001a298
cm550,0x0001a350,FUN_0001a350,mc68k,mc68k_,_dat_00ff,mc68k_FUN_0001a350
cm550,0x0001a47c,FUN_0001a47c,mc68k,mc68k_,_dat_00ff,mc68k_FUN_0001a47c
cm550,0x0001a52a,FUN_0001a52a,unknown,cm550_,,cm550_FUN_0001a52a
cm550,0x0001a52c,FUN_0001a52c,vp44,vp44_,vp44,vp44_FUN_0001a52c
cm550,0x0001a89a,FUN_0001a89a,unknown,cm550_,,cm550_FUN_0001a89a
cm550,0x0001a8a2,FUN_0001a8a2,unknown,cm550_,,cm550_FUN_0001a8a2
cm550,0x0001a8a4,FUN_0001a8a4,vp44,vp44_,vp44,vp44_FUN_0001a8a4
cm550,0x0001abb2,FUN_0001abb2,unknown,cm550_,,cm550_FUN_0001abb2
cm550,0x0001ade8,FUN_0001ade8,unknown,cm550_,,cm550_FUN_0001ade8
cm550,0x0001b1ea,FUN_0001b1ea,mc68k,mc68k_,_dat_00ff,mc68k_FUN_0001b1ea
cm550,0x0001b30a,FUN_0001b30a,mc68k,mc68k_,_dat_00ff,mc68k_FUN_0001b30a
cm550,0x0001b4b2,FUN_0001b4b2,mc68k,mc68k_,_dat_00ff,mc68k_FUN_0001b4b2
cm550,0x0001b668,FUN_0001b668,unknown,cm550_,,cm550_FUN_0001b668
cm550,0x0001b66a,FUN_0001b66a,unknown,cm550_,,cm550_FUN_0001b66a
cm550,0x0001b678,FUN_0001b678,unknown,cm550_,,cm550_FUN_0001b678
cm550,0x0001b686,FUN_0001b686,unknown,cm550_,,cm550_FUN_0001b686
cm550,0x0001b694,FUN_0001b694,unknown,cm550_,,cm550_FUN_0001b694
cm550,0x0001b6a2,FUN_0001b6a2,unknown,cm550_,,cm550_FUN_0001b6a2
cm550,0x0001b6aa,FUN_0001b6aa,unknown,cm550_,,cm550_FUN_0001b6aa
cm550,0x0001b6b2,FUN_0001b6b2,unknown,cm550_,,cm550_FUN_0001b6b2
cm550,0x0001b6b4,FUN_0001b6b4,unknown,cm550_,,cm550_FUN_0001b6b4
cm550,0x0001b6c8,FUN_0001b6c8,unknown,cm550_,,cm550_FUN_0001b6c8
cm550,0x0001b6d6,FUN_0001b6d6,unknown,cm550_,,cm550_FUN_0001b6d6
cm550,0x0001b6e4,FUN_0001b6e4,unknown,cm550_,,cm550_FUN_0001b6e4
cm550,0x0001b6f2,FUN_0001b6f2,unknown,cm550_,,cm550_FUN_0001b6f2
cm550,0x0001b732,FUN_0001b732,unknown,cm550_,,cm550_FUN_0001b732
cm550,0x0001b73a,FUN_0001b73a,unknown,cm550_,,cm550_FUN_0001b73a
cm550,0x0001b754,FUN_0001b754,unknown,cm550_,,cm550_FUN_0001b754
cm550,0x0001b768,FUN_0001b768,unknown,cm550_,,cm550_FUN_0001b768
cm550,0x0001b788,FUN_0001b788,unknown,cm550_,,cm550_FUN_0001b788
cm550,0x0001b7b0,FUN_0001b7b0,unknown,cm550_,,cm550_FUN_0001b7b0
cm550,0x0001b7d2,FUN_0001b7d2,unknown,cm550_,,cm550_FUN_0001b7d2
cm550,0x0001b7e0,FUN_0001b7e0,unknown,cm550_,,cm550_FUN_0001b7e0
cm550,0x0001b7e2,FUN_0001b7e2,unknown,cm550_,,cm550_FUN_0001b7e2
cm550,0x0001b7ea,FUN_0001b7ea,unknown,cm550_,,cm550_FUN_0001b7ea
cm550,0x0001b7f2,FUN_0001b7f2,vp44,vp44_,vp44,vp44_FUN_0001b7f2
cm550,0x0001b80c,FUN_0001b80c,unknown,cm550_,,cm550_FUN_0001b80c
cm550,0x0001b81a,FUN_0001b81a,unknown,cm550_,,cm550_FUN_0001b81a
cm550,0x0001b828,FUN_0001b828,unknown,cm550_,,cm550_FUN_0001b828
cm550,0x0001b836,FUN_0001b836,unknown,cm550_,,cm550_FUN_0001b836
cm550,0x0001b83e,FUN_0001b83e,unknown,cm550_,,cm550_FUN_0001b83e
cm550,0x0001b846,FUN_0001b846,unknown,cm550_,,cm550_FUN_0001b846
cm550,0x0001b862,FUN_0001b862,unknown,cm550_,,cm550_FUN_0001b862
cm550,0x0001c0d4,FUN_0001c0d4,unknown,cm550_,,cm550_FUN_0001c0d4
cm550,0x0001c308,FUN_0001c308,unknown,cm550_,,cm550_FUN_0001c308
cm550,0x0001c484,FUN_0001c484,unknown,cm550_,,cm550_FUN_0001c484
cm550,0x0001c7a8,FUN_0001c7a8,unknown,cm550_,,cm550_FUN_0001c7a8
cm550,0x0001c824,FUN_0001c824,unknown,cm550_,,cm550_FUN_0001c824
cm550,0x0001c8a0,FUN_0001c8a0,unknown,cm550_,,cm550_FUN_0001c8a0
cm550,0x0001cad6,FUN_0001cad6,vp44,vp44_,vp44,vp44_FUN_0001cad6
cm550,0x0001cb3c,FUN_0001cb3c,vp44,vp44_,vp44,vp44_FUN_0001cb3c
cm550,0x0001cb48,FUN_0001cb48,unknown,cm550_,,cm550_FUN_0001cb48
cm550,0x0001cc72,FUN_0001cc72,unknown,cm550_,,cm550_FUN_0001cc72
cm550,0x0001cdf8,FUN_0001cdf8,unknown,cm550_,,cm550_FUN_0001cdf8
cm550,0x0001ce58,FUN_0001ce58,unknown,cm550_,,cm550_FUN_0001ce58
cm550,0x0001d252,FUN_0001d252,unknown,cm550_,,cm550_FUN_0001d252
cm550,0x0001d5a0,FUN_0001d5a0,unknown,cm550_,,cm550_FUN_0001d5a0
cm550,0x0001d94e,FUN_0001d94e,unknown,cm550_,,cm550_FUN_0001d94e
cm550,0x0001db8a,FUN_0001db8a,vp44,vp44_,vp44,vp44_FUN_0001db8a
cm550,0x0001dbd8,FUN_0001dbd8,unknown,cm550_,,cm550_FUN_0001dbd8
cm550,0x0001ddb4,FUN_0001ddb4,unknown,cm550_,,cm550_FUN_0001ddb4
cm550,0x0001de58,FUN_0001de58,unknown,cm550_,,cm550_FUN_0001de58
cm550,0x0001e04c,FUN_0001e04c,unknown,cm550_,,cm550_FUN_0001e04c
cm550,0x0001e0fa,FUN_0001e0fa,mc68k,mc68k_,dat_00ffd,mc68k_FUN_0001e0fa
cm550,0x0001e5f0,FUN_0001e5f0,mc68k,mc68k_,dat_00ffd,mc68k_FUN_0001e5f0
cm550,0x0001f4e8,FUN_0001f4e8,unknown,cm550_,,cm550_FUN_0001f4e8
cm550,0x000201d6,FUN_000201d6,unknown,cm550_,,cm550_FUN_000201d6
cm550,0x00020210,FUN_00020210,unknown,cm550_,,cm550_FUN_00020210
cm550,0x0002024a,FUN_0002024a,unknown,cm550_,,cm550_FUN_0002024a
cm550,0x00020284,FUN_00020284,unknown,cm550_,,cm550_FUN_00020284
cm550,0x000202a0,FUN_000202a0,unknown,cm550_,,cm550_FUN_000202a0
cm550,0x000202bc,FUN_000202bc,unknown,cm550_,,cm550_FUN_000202bc
cm550,0x00020310,FUN_00020310,unknown,cm550_,,cm550_FUN_00020310
cm550,0x00020348,FUN_00020348,unknown,cm550_,,cm550_FUN_00020348
cm550,0x00020380,FUN_00020380,unknown,cm550_,,cm550_FUN_00020380
cm550,0x0002041c,FUN_0002041c,unknown,cm550_,,cm550_FUN_0002041c
cm550,0x000205c4,FUN_000205c4,unknown,cm550_,,cm550_FUN_000205c4
cm550,0x000206a8,FUN_000206a8,unknown,cm550_,,cm550_FUN_000206a8
cm550,0x00020784,FUN_00020784,unknown,cm550_,,cm550_FUN_00020784
cm550,0x00020890,FUN_00020890,unknown,cm550_,,cm550_FUN_00020890
cm550,0x00020c98,FUN_00020c98,unknown,cm550_,,cm550_FUN_00020c98
cm550,0x00020e14,FUN_00020e14,unknown,cm550_,,cm550_FUN_00020e14
cm550,0x00020fac,FUN_00020fac,unknown,cm550_,,cm550_FUN_00020fac
cm550,0x00021070,FUN_00021070,unknown,cm550_,,cm550_FUN_00021070
cm550,0x00021146,FUN_00021146,unknown,cm550_,,cm550_FUN_00021146
cm550,0x000211f4,FUN_000211f4,unknown,cm550_,,cm550_FUN_000211f4
cm550,0x000212b2,FUN_000212b2,mc68k,mc68k_,dat_00ffd+_dat_00ff,mc68k_FUN_000212b2
cm550,0x0002142c,FUN_0002142c,unknown,cm550_,,cm550_FUN_0002142c
cm550,0x000216c6,FUN_000216c6,unknown,cm550_,,cm550_FUN_000216c6
cm550,0x00021778,FUN_00021778,unknown,cm550_,,cm550_FUN_00021778
cm550,0x00021826,FUN_00021826,unknown,cm550_,,cm550_FUN_00021826
cm550,0x00021872,FUN_00021872,unknown,cm550_,,cm550_FUN_00021872
cm550,0x00021920,FUN_00021920,unknown,cm550_,,cm550_FUN_00021920
cm550,0x00021a8c,FUN_00021a8c,unknown,cm550_,,cm550_FUN_00021a8c
cm550,0x00021b88,FUN_00021b88,unknown,cm550_,,cm550_FUN_00021b88
cm550,0x00021c74,FUN_00021c74,unknown,cm550_,,cm550_FUN_00021c74
cm550,0x00021d44,FUN_00021d44,unknown,cm550_,,cm550_FUN_00021d44
cm550,0x00021edc,FUN_00021edc,unknown,cm550_,,cm550_FUN_00021edc
cm550,0x00021ef6,FUN_00021ef6,unknown,cm550_,,cm550_FUN_00021ef6
cm550,0x00022530,FUN_00022530,unknown,cm550_,,cm550_FUN_00022530
cm550,0x0002257c,FUN_0002257c,unknown,cm550_,,cm550_FUN_0002257c
cm550,0x000225e0,FUN_000225e0,unknown,cm550_,,cm550_FUN_000225e0
cm550,0x00022646,FUN_00022646,unknown,cm550_,,cm550_FUN_00022646
cm550,0x0002268e,FUN_0002268e,unknown,cm550_,,cm550_FUN_0002268e
cm550,0x000226da,FUN_000226da,unknown,cm550_,,cm550_FUN_000226da
cm550,0x00023216,FUN_00023216,unknown,cm550_,,cm550_FUN_00023216
cm550,0x00024804,FUN_00024804,unknown,cm550_,,cm550_FUN_00024804
cm550,0x00024c5a,FUN_00024c5a,unknown,cm550_,,cm550_FUN_00024c5a
cm550,0x00024cd2,FUN_00024cd2,unknown,cm550_,,cm550_FUN_00024cd2
cm550,0x000253b0,FUN_000253b0,unknown,cm550_,,cm550_FUN_000253b0
cm550,0x000254b6,FUN_000254b6,unknown,cm550_,,cm550_FUN_000254b6
cm550,0x0002571e,FUN_0002571e,unknown,cm550_,,cm550_FUN_0002571e
cm550,0x00025806,FUN_00025806,unknown,cm550_,,cm550_FUN_00025806
cm550,0x000258b0,FUN_000258b0,unknown,cm550_,,cm550_FUN_000258b0
cm550,0x00025a34,FUN_00025a34,vp44,vp44_,vp44,vp44_FUN_00025a34
cm550,0x00026078,FUN_00026078,unknown,cm550_,,cm550_FUN_00026078
cm550,0x00026616,FUN_00026616,unknown,cm550_,,cm550_FUN_00026616
cm550,0x00026834,FUN_00026834,mc68k,mc68k_,dat_00fff+_dat_00ff,mc68k_FUN_00026834
cm550,0x00026852,FUN_00026852,unknown,cm550_,,cm550_FUN_00026852
cm550,0x00026854,FUN_00026854,mc68k,mc68k_,dat_00fff+_dat_00ff,mc68k_FUN_00026854
cm550,0x000269f2,FUN_000269f2,unknown,cm550_,,cm550_FUN_000269f2
cm550,0x00026a2e,FUN_00026a2e,unknown,cm550_,,cm550_FUN_00026a2e
cm550,0x00026af0,FUN_00026af0,unknown,cm550_,,cm550_FUN_00026af0
cm550,0x00026b3a,FUN_00026b3a,unknown,cm550_,,cm550_FUN_00026b3a
cm550,0x00026b82,FUN_00026b82,unknown,cm550_,,cm550_FUN_00026b82
cm550,0x00026e2c,FUN_00026e2c,unknown,cm550_,,cm550_FUN_00026e2c
cm550,0x00026e86,FUN_00026e86,unknown,cm550_,,cm550_FUN_00026e86
cm550,0x00026e8e,FUN_00026e8e,unknown,cm550_,,cm550_FUN_00026e8e
cm550,0x000277e6,FUN_000277e6,unknown,cm550_,,cm550_FUN_000277e6
cm550,0x00027c20,FUN_00027c20,vp44,vp44_,vp44,vp44_FUN_00027c20
cm550,0x00027cd0,FUN_00027cd0,vp44,vp44_,vp44,vp44_FUN_00027cd0
cm550,0x00027f9c,FUN_00027f9c,vp44,vp44_,vp44,vp44_FUN_00027f9c
cm550,0x000284e8,FUN_000284e8,vp44,vp44_,vp44,vp44_FUN_000284e8
cm550,0x00028978,FUN_00028978,unknown,cm550_,,cm550_FUN_00028978
cm550,0x00029130,FUN_00029130,mc68k,mc68k_,tpu_+_dat_00ff,mc68k_FUN_00029130
cm550,0x0002c834,FUN_0002c834,mc68k,mc68k_,dat_00ffd+dat_00fff,mc68k_FUN_0002c834
cm550,0x0002c986,FUN_0002c986,mc68k,mc68k_,dat_00ffd+dat_00fff,mc68k_FUN_0002c986
cm550,0x0002ca2a,FUN_0002ca2a,unknown,cm550_,,cm550_FUN_0002ca2a
cm550,0x0002ca64,FUN_0002ca64,unknown,cm550_,,cm550_FUN_0002ca64
cm550,0x0002ca7e,FUN_0002ca7e,mc68k,mc68k_,_dat_00ff,mc68k_FUN_0002ca7e
cm550,0x0002cb4e,FUN_0002cb4e,mc68k,mc68k_,dat_00ffd+dat_00fff,mc68k_FUN_0002cb4e
cm550,0x0002cb9c,FUN_0002cb9c,mc68k,mc68k_,dat_00fff+_dat_00ff,mc68k_FUN_0002cb9c
cm550,0x0002cc88,FUN_0002cc88,mc68k,mc68k_,_dat_00ff+dat_00ffd+dat_00fff,mc68k_FUN_0002cc88
cm550,0x0002ce14,FUN_0002ce14,mc68k,mc68k_,dat_00ffd+dat_00fff,mc68k_FUN_0002ce14
cm550,0x0002ce64,FUN_0002ce64,unknown,cm550_,,cm550_FUN_0002ce64
cm550,0x0002cf52,FUN_0002cf52,unknown,cm550_,,cm550_FUN_0002cf52
cm550,0x0002cf7e,FUN_0002cf7e,unknown,cm550_,,cm550_FUN_0002cf7e
cm550,0x0002d9a8,FUN_0002d9a8,unknown,cm550_,,cm550_FUN_0002d9a8
cm550,0x0002db2a,FUN_0002db2a,unknown,cm550_,,cm550_FUN_0002db2a
cm550,0x0002dbde,FUN_0002dbde,unknown,cm550_,,cm550_FUN_0002dbde
cm550,0x0002dc9e,FUN_0002dc9e,unknown,cm550_,,cm550_FUN_0002dc9e
cm550,0x0002ddbc,FUN_0002ddbc,unknown,cm550_,,cm550_FUN_0002ddbc
cm550,0x0002ec50,FUN_0002ec50,unknown,cm550_,,cm550_FUN_0002ec50
cm550,0x0002ed62,FUN_0002ed62,unknown,cm550_,,cm550_FUN_0002ed62
cm550,0x0002ef4a,FUN_0002ef4a,unknown,cm550_,,cm550_FUN_0002ef4a
cm550,0x0002f4be,FUN_0002f4be,unknown,cm550_,,cm550_FUN_0002f4be
cm550,0x0002f606,FUN_0002f606,unknown,cm550_,,cm550_FUN_0002f606
cm550,0x0002faa4,FUN_0002faa4,unknown,cm550_,,cm550_FUN_0002faa4
cm550,0x0002fbb2,FUN_0002fbb2,unknown,cm550_,,cm550_FUN_0002fbb2
cm550,0x0002fbd8,FUN_0002fbd8,unknown,cm550_,,cm550_FUN_0002fbd8
cm550,0x0002fd90,FUN_0002fd90,unknown,cm550_,,cm550_FUN_0002fd90
cm550,0x00030498,FUN_00030498,unknown,cm550_,,cm550_FUN_00030498
cm550,0x000306ca,FUN_000306ca,unknown,cm550_,,cm550_FUN_000306ca
cm550,0x00030a5e,FUN_00030a5e,unknown,cm550_,,cm550_FUN_00030a5e
cm550,0x00030ade,FUN_00030ade,unknown,cm550_,,cm550_FUN_00030ade
cm550,0x00030b0e,FUN_00030b0e,unknown,cm550_,,cm550_FUN_00030b0e
cm550,0x00030b34,FUN_00030b34,unknown,cm550_,,cm550_FUN_00030b34
cm550,0x00030c3c,FUN_00030c3c,unknown,cm550_,,cm550_FUN_00030c3c
cm550,0x00031496,FUN_00031496,unknown,cm550_,,cm550_FUN_00031496
cm550,0x000315be,FUN_000315be,unknown,cm550_,,cm550_FUN_000315be
cm550,0x00031a68,FUN_00031a68,unknown,cm550_,,cm550_FUN_00031a68
cm550,0x00031bce,FUN_00031bce,unknown,cm550_,,cm550_FUN_00031bce
cm550,0x00031ed2,FUN_00031ed2,unknown,cm550_,,cm550_FUN_00031ed2
cm550,0x00032052,FUN_00032052,unknown,cm550_,,cm550_FUN_00032052
cm550,0x00032c22,FUN_00032c22,vp44,vp44_,vp44,vp44_FUN_00032c22
cm550,0x00033164,FUN_00033164,vp44,vp44_,vp44,vp44_FUN_00033164
cm550,0x000333d6,FUN_000333d6,unknown,cm550_,,cm550_FUN_000333d6
cm550,0x00033460,FUN_00033460,unknown,cm550_,,cm550_FUN_00033460
cm550,0x000334ec,FUN_000334ec,unknown,cm550_,,cm550_FUN_000334ec
cm550,0x0003366a,FUN_0003366a,unknown,cm550_,,cm550_FUN_0003366a
cm550,0x00033716,FUN_00033716,unknown,cm550_,,cm550_FUN_00033716
cm550,0x00033754,FUN_00033754,unknown,cm550_,,cm550_FUN_00033754
cm550,0x000337c4,FUN_000337c4,unknown,cm550_,,cm550_FUN_000337c4
cm550,0x00033a1e,FUN_00033a1e,unknown,cm550_,,cm550_FUN_00033a1e
cm550,0x00033a62,FUN_00033a62,unknown,cm550_,,cm550_FUN_00033a62
cm550,0x00033e58,FUN_00033e58,unknown,cm550_,,cm550_FUN_00033e58
cm550,0x00033f5a,FUN_00033f5a,unknown,cm550_,,cm550_FUN_00033f5a
cm550,0x000341e6,FUN_000341e6,unknown,cm550_,,cm550_FUN_000341e6
cm550,0x00034232,FUN_00034232,unknown,cm550_,,cm550_FUN_00034232
cm550,0x00034394,FUN_00034394,unknown,cm550_,,cm550_FUN_00034394
cm550,0x00034440,FUN_00034440,unknown,cm550_,,cm550_FUN_00034440
cm550,0x000344ce,FUN_000344ce,vp44,vp44_,vp44,vp44_FUN_000344ce
cm550,0x00034512,FUN_00034512,unknown,cm550_,,cm550_FUN_00034512
cm550,0x0003452a,FUN_0003452a,unknown,cm550_,,cm550_FUN_0003452a
cm550,0x00034bf8,FUN_00034bf8,mc68k,mc68k_,dat_00ffd+dat_00fff,mc68k_FUN_00034bf8
cm550,0x00034d52,FUN_00034d52,vp44,vp44_,vp44,vp44_FUN_00034d52
cm550,0x00034dba,FUN_00034dba,unknown,cm550_,,cm550_FUN_00034dba
cm848,0x00000100,reset_vector,mpc555,mpc555_,ram0030+usiu_+ram002f,mpc555_reset_vector
cm848,0x00000184,keyOnStateMachine,mpc555,mpc555_,ram0030,mpc555_keyOnStateMachine
cm848,0x00000340,copyCalibrationToRam,unknown,cm848_,,cm848_copyCalibrationToRam
cm848,0x0000037c,registerStandardDiagServices,unknown,cm848_,,cm848_registerStandardDiagServices
cm848,0x000003ec,eepromProgressNotify,unknown,cm848_,,cm848_eepromProgressNotify
cm848,0x00000428,loadEepromCalibration,mpc555,mpc555_,ram0030,mpc555_loadEepromCalibration
cm848,0x000008d4,diagServiceDownloadCalibration,unknown,cm848_,,cm848_diagServiceDownloadCalibration
cm848,0x000008fc,initEepromTransfer,mpc555,mpc555_,ram0030,mpc555_initEepromTransfer
cm848,0x000009e4,diagServiceInitEepromTransfer,mpc555,mpc555_,ram0030,mpc555_diagServiceInitEepromTransfer
cm848,0x00000a40,computeCrcCcitt,unknown,cm848_,,cm848_computeCrcCcitt
cm848,0x00000b44,updateCapabilityFlags,mpc555,mpc555_,ram0030+ram002f,mpc555_updateCapabilityFlags
cm848,0x00000be8,stubFunction1,unknown,cm848_,,cm848_stubFunction1
cm848,0x00000bec,eepromWriteWords,mpc555,mpc555_,ram0030,mpc555_eepromWriteWords
cm848,0x00000d88,eepromReadWords,mpc555,mpc555_,ram0030,mpc555_eepromReadWords
cm848,0x00000e90,mainLoopIteration,unknown,cm848_,,cm848_mainLoopIteration
cm848,0x00000ec0,loadCalibrationFromEeprom,unknown,cm848_,,cm848_loadCalibrationFromEeprom
cm848,0x00000f74,loadVersionConfigFromEeprom,unknown,cm848_,,cm848_loadVersionConfigFromEeprom
cm848,0x00001008,bootStateMachine,mpc555,mpc555_,ram0030+ram002f,mpc555_bootStateMachine
cm848,0x000010ac,generateCrcTable,unknown,cm848_,,cm848_generateCrcTable
cm848,0x00001110,flashPollUntilReady,unknown,cm848_,,cm848_flashPollUntilReady
cm848,0x000011b4,flashEraseChip,unknown,cm848_,,cm848_flashEraseChip
cm848,0x000012a8,flashWriteWord,unknown,cm848_,,cm848_flashWriteWord
cm848,0x00001338,flashWriteBlock,unknown,cm848_,,cm848_flashWriteBlock
cm848,0x00001454,initHardwareConfig,mpc555,mpc555_,ram0030,mpc555_initHardwareConfig
cm848,0x000016d0,initSystemRegisters,mpc555,mpc555_,ram0030+usiu_+ram002f,mpc555_initSystemRegisters
cm848,0x0000183c,stubFunction2,unknown,cm848_,,cm848_stubFunction2
cm848,0x00001840,diagService25_executeFunction,mpc555,mpc555_,ram0030,mpc555_diagService25_executeFunction
cm848,0x0000191c,initService25Handler,unknown,cm848_,,cm848_initService25Handler
cm848,0x00001948,registerPgnResponseHandler,unknown,cm848_,,cm848_registerPgnResponseHandler
cm848,0x0000198c,initDataBasedDiagServices,unknown,cm848_,,cm848_initDataBasedDiagServices
cm848,0x000019e8,diagService65_handler,unknown,cm848_,,cm848_diagService65_handler
cm848,0x00001ad0,registerService65Handler,unknown,cm848_,,cm848_registerService65Handler
cm848,0x00001afc,registerMemoryReadServices,unknown,cm848_,,cm848_registerMemoryReadServices
cm848,0x00001b48,diagMemoryReadHandler,unknown,cm848_,,cm848_diagMemoryReadHandler
cm848,0x00001cf8,diagMemoryReadWithBaseOffset,unknown,cm848_,,cm848_diagMemoryReadWithBaseOffset
cm848,0x00001d5c,diagService67_memoryReadOffset,unknown,cm848_,,cm848_diagService67_memoryReadOffset
cm848,0x00001dc4,diagService74_memoryRead,unknown,cm848_,,cm848_diagService74_memoryRead
cm848,0x00001e30,diagService76_memoryReadExt,unknown,cm848_,,cm848_diagService76_memoryReadExt
cm848,0x00001e94,initDiagResponseHandlers,mpc555,mpc555_,ram0030,mpc555_initDiagResponseHandlers
cm848,0x00001ef8,diagSendResponseCode,unknown,cm848_,,cm848_diagSendResponseCode
cm848,0x00001fa4,processDiagnosticAndEepromRequests,mpc555,mpc555_,ram0030,mpc555_processDiagnosticAndEepromRequests
cm848,0x00002148,initDiagnosticCallback,unknown,cm848_,,cm848_initDiagnosticCallback
cm848,0x00002170,processDiagnosticTimeout,unknown,cm848_,,cm848_processDiagnosticTimeout
cm848,0x000021c0,setDataTransferMode,unknown,cm848_,,cm848_setDataTransferMode
cm848,0x000021d0,initDiagnosticSession,mpc555,mpc555_,ram0030,mpc555_initDiagnosticSession
cm848,0x00002310,eepromValidationCycle,mpc555,mpc555_,ram0030,mpc555_eepromValidationCycle
cm848,0x00002384,busWaitCycles,unknown,cm848_,,cm848_busWaitCycles
cm848,0x000023b8,checkBusHardwareStatus,mpc555,mpc555_,ram0030+qadc64,mpc555_checkBusHardwareStatus
cm848,0x000024a0,waitForBusStable,unknown,cm848_,,cm848_waitForBusStable
cm848,0x00002504,systemInitialization,mpc555,mpc555_,ram0030+usiu_,mpc555_systemInitialization
cm848,0x00002694,hardwareInitialization,mpc555,mpc555_,ram0030+usiu_+qadc64,mpc555_hardwareInitialization
cm848,0x00002970,initCanController,mpc555,mpc555_,ram0030,mpc555_initCanController
cm848,0x00002a40,initDiagnosticSubsystem,mpc555,mpc555_,ram0030,mpc555_initDiagnosticSubsystem
cm848,0x00002b7c,clearRamRegions,unknown,cm848_,,cm848_clearRamRegions
cm848,0x00002bc8,softReset,unknown,cm848_,,cm848_softReset
cm848,0x00002c94,registerDiagnosticService,unknown,cm848_,,cm848_registerDiagnosticService
cm848,0x00002cd8,registerPgnEf00Handler,unknown,cm848_,,cm848_registerPgnEf00Handler
cm848,0x00002d08,lookupEepromParameterAddress,unknown,cm848_,,cm848_lookupEepromParameterAddress
cm848,0x00002de4,handleEepromDiagnosticCallback,unknown,cm848_,,cm848_handleEepromDiagnosticCallback
cm848,0x00002e58,registerSchedulerTask,unknown,cm848_,,cm848_registerSchedulerTask
cm848,0x00002ee8,initSchedulerCallback,unknown,cm848_,,cm848_initSchedulerCallback
cm848,0x00002f18,initSchedulerTaskTable,mpc555,mpc555_,ram0030,mpc555_initSchedulerTaskTable
cm848,0x00002f74,spiReceiveHandler,mpc555,mpc555_,ram0030,mpc555_spiReceiveHandler
cm848,0x00003008,spiTransmitCompleteHandler,mpc555,mpc555_,ram0030,mpc555_spiTransmitCompleteHandler
cm848,0x000030ec,dispatchSpiHandlerByState,mpc555,mpc555_,ram0030,mpc555_dispatchSpiHandlerByState
cm848,0x000031a0,resetEepromStatusPointer,unknown,cm848_,,cm848_resetEepromStatusPointer
cm848,0x000031c0,enableSystemInterrupts,mpc555,mpc555_,ram0030,mpc555_enableSystemInterrupts
cm848,0x00003218,enableSpiTransmitInterrupt,mpc555,mpc555_,ram0030,mpc555_enableSpiTransmitInterrupt
cm848,0x0000323c,initDiagnosticResponseCallback,unknown,cm848_,,cm848_initDiagnosticResponseCallback
cm848,0x0000326c,processDiagnosticResponseCallback,unknown,cm848_,,cm848_processDiagnosticResponseCallback
cm848,0x000032dc,generateSerialChecksumResponse,mpc555,mpc555_,ram0030,mpc555_generateSerialChecksumResponse
cm848,0x000033a4,initDiagnosticRequestHandler,unknown,cm848_,,cm848_initDiagnosticRequestHandler
cm848,0x000033e0,decrementDiagnosticTimeout,unknown,cm848_,,cm848_decrementDiagnosticTimeout
cm848,0x00003408,processDiagnosticRequest,unknown,cm848_,,cm848_processDiagnosticRequest
cm848,0x000035e4,initDiagnosticSessionHandler,unknown,cm848_,,cm848_initDiagnosticSessionHandler
cm848,0x00003614,processDiagnosticSessionFlags,unknown,cm848_,,cm848_processDiagnosticSessionFlags
cm848,0x0000368c,sendDiagnosticResponse,unknown,cm848_,,cm848_sendDiagnosticResponse
cm848,0x000036f8,resetEepromCalibrationState,unknown,cm848_,,cm848_resetEepromCalibrationState
cm848,0x00003710,beginEepromCalibrationWrite,unknown,cm848_,,cm848_beginEepromCalibrationWrite
cm848,0x000037e0,updateEepromMagicAndReload,unknown,cm848_,,cm848_updateEepromMagicAndReload
cm848,0x000038f4,diagRequestTypeDispatcher,unknown,cm848_,,cm848_diagRequestTypeDispatcher
cm848,0x00003948,diagServiceTransferBlock,mpc555,mpc555_,ram0030,mpc555_diagServiceTransferBlock
cm848,0x00003a5c,computeSerialChecksum,unknown,cm848_,,cm848_computeSerialChecksum
cm848,0x00003ad8,restoreDiagnosticHandler,unknown,cm848_,,cm848_restoreDiagnosticHandler
cm848,0x00003b38,enableDiagnosticTimer,unknown,cm848_,,cm848_enableDiagnosticTimer
cm848,0x00003b48,processTimerInterrupt,unknown,cm848_,,cm848_processTimerInterrupt
cm848,0x00003b58,saveSchedulerCallbackPointer,unknown,cm848_,,cm848_saveSchedulerCallbackPointer
cm848,0x00003b6c,initQspiRegisters,mpc555,mpc555_,ram0030,mpc555_initQspiRegisters
cm848,0x00003d54,getDiagnosticServicePriority,unknown,cm848_,,cm848_getDiagnosticServicePriority
cm848,0x00003dac,canTransmitQueuePush,mpc555,mpc555_,toucan+ram0030,mpc555_canTransmitQueuePush
cm848,0x00003f20,transmitCanMessage,unknown,cm848_,,cm848_transmitCanMessage
cm848,0x00003f70,lookupTableEntryByKey,unknown,cm848_,,cm848_lookupTableEntryByKey
cm848,0x00003fcc,dataTransferBufferWrite,unknown,cm848_,,cm848_dataTransferBufferWrite
cm848,0x00004194,prepareDataTransferBuffer,unknown,cm848_,,cm848_prepareDataTransferBuffer
cm848,0x000042b0,initAdcChannelConfig,mpc555,mpc555_,ram0030,mpc555_initAdcChannelConfig
cm848,0x00004320,configureAdcConversionRegs,mpc555,mpc555_,ram002f,mpc555_configureAdcConversionRegs
cm848,0x000043a4,configureAdcChannelRange,mpc555,mpc555_,ram002f,mpc555_configureAdcChannelRange
cm848,0x00004500,initDataTransferCopyBuffer,unknown,cm848_,,cm848_initDataTransferCopyBuffer
cm848,0x00004570,advanceAdcChannelQueue,unknown,cm848_,,cm848_advanceAdcChannelQueue
cm848,0x00004654,checkDataTransferBufferStatus,unknown,cm848_,,cm848_checkDataTransferBufferStatus
cm848,0x000046dc,startAdcConversion,unknown,cm848_,,cm848_startAdcConversion
cm848,0x00004720,initCanMailboxFilters,unknown,cm848_,,cm848_initCanMailboxFilters
cm848,0x000049d0,initFlashMemoryConfig,mpc555,mpc555_,ram0030+ram002f,mpc555_initFlashMemoryConfig
cm848,0x00004eec,can2MailboxTransmitCompleteWrapper,unknown,cm848_,,cm848_can2MailboxTransmitCompleteWrapper
cm848,0x00004f0c,can2MailboxTransmitRangeWrapper,unknown,cm848_,,cm848_can2MailboxTransmitRangeWrapper
cm848,0x00004f2c,writeCan2ControllerTxMailbox,unknown,cm848_,,cm848_writeCan2ControllerTxMailbox
cm848,0x00004f6c,can2TransmitInterruptHandler,mpc555,mpc555_,ram0030,mpc555_can2TransmitInterruptHandler
cm848,0x00005064,manageCan1TransmitBuffer,mpc555,mpc555_,toucan+ram0030,mpc555_manageCan1TransmitBuffer
cm848,0x00005134,processCanReceiveBuffer,mpc555,mpc555_,ram0030,mpc555_processCanReceiveBuffer
cm848,0x0000526c,dispatchCanMessageHandlers,mpc555,mpc555_,ram0030,mpc555_dispatchCanMessageHandlers
cm848,0x00005400,processAdcConversionResult,mpc555,mpc555_,ram0030,mpc555_processAdcConversionResult
cm848,0x00005728,processAdcWithOffset,mpc555,mpc555_,ram0030,mpc555_processAdcWithOffset
cm848,0x00005798,processAdcSensorByte,unknown,cm848_,,cm848_processAdcSensorByte
cm848,0x00005808,processAdcSensorDword,unknown,cm848_,,cm848_processAdcSensorDword
cm848,0x00005870,processAdcSensorDwordExt,mpc555,mpc555_,ram0030,mpc555_processAdcSensorDwordExt
cm848,0x000058e8,processAdcSensorDualDword,mpc555,mpc555_,ram0030,mpc555_processAdcSensorDualDword
cm848,0x00005958,getServiceDataOffset,unknown,cm848_,,cm848_getServiceDataOffset
cm848,0x00005adc,multiFrameCanTransmit,mpc555,mpc555_,ram0030,mpc555_multiFrameCanTransmit
cm848,0x00005c50,handleJ1939QueueRequest,mpc555,mpc555_,ram0030,mpc555_handleJ1939QueueRequest
cm848,0x00005cf4,processAdcChannelGroup,mpc555,mpc555_,ram0030,mpc555_processAdcChannelGroup
cm848,0x00005d8c,sendJ1939DiagnosticMessage,mpc555,mpc555_,ram0030,mpc555_sendJ1939DiagnosticMessage
cm848,0x00005e38,sendDiagAcknowledgeFrame,mpc555,mpc555_,ram0030,mpc555_sendDiagAcknowledgeFrame
cm848,0x00005ecc,handleJ1939DataRequest,mpc555,mpc555_,ram0030,mpc555_handleJ1939DataRequest
cm848,0x00005fe4,handleJ1939DataTransfer,mpc555,mpc555_,ram0030,mpc555_handleJ1939DataTransfer
cm848,0x00006180,handleJ1939AbortRequest,mpc555,mpc555_,ram0030,mpc555_handleJ1939AbortRequest
cm848,0x000061e8,handleJ1939AbortAcknowledge,mpc555,mpc555_,ram0030,mpc555_handleJ1939AbortAcknowledge
cm848,0x0000628c,j1939DiagMessageDispatcher,unknown,cm848_,,cm848_j1939DiagMessageDispatcher
cm848,0x000062fc,processJ1939QueueTransmit,mpc555,mpc555_,ram0030,mpc555_processJ1939QueueTransmit
cm848,0x00006490,decrementPauseStatusCounter,mpc555,mpc555_,ram0030,mpc555_decrementPauseStatusCounter
cm848,0x000064c4,processJ1939QueueStatus,unknown,cm848_,,cm848_processJ1939QueueStatus
cm848,0x00006508,initDiagnosticBuffers,mpc555,mpc555_,ram0030,mpc555_initDiagnosticBuffers
cm848,0x00006580,updateSystemTimers,unknown,cm848_,,cm848_updateSystemTimers
cm848,0x0000662c,diagnosticSubcommandDispatcher,mpc555,mpc555_,ram0030,mpc555_diagnosticSubcommandDispatcher
cm848,0x00006770,resetSerialReceiveBuffer,unknown,cm848_,,cm848_resetSerialReceiveBuffer
cm848,0x000067b0,serialReceiveHandler,mpc555,mpc555_,ram0030,mpc555_serialReceiveHandler
cm848,0x0000685c,resetSerialCommunication,mpc555,mpc555_,ram0030,mpc555_resetSerialCommunication
cm848,0x00006974,enableSerialTransmit,mpc555,mpc555_,ram0030,mpc555_enableSerialTransmit
cm848,0x000069b0,validateSerialChecksum,mpc555,mpc555_,ram0030,mpc555_validateSerialChecksum
cm848,0x00006a5c,initSerialTransmit,mpc555,mpc555_,ram0030,mpc555_initSerialTransmit
cm848,0x00006ab8,sensorFaultDetection,mpc555,mpc555_,ram0030,mpc555_sensorFaultDetection
cm848,0x00006b24,updateSensorDiagnostics,mpc555,mpc555_,ram0030,mpc555_updateSensorDiagnostics
cm848,0x00006bac,sensorInputProcessing,unknown,cm848_,,cm848_sensorInputProcessing
cm848,0x00006bdc,processScheduledTasks,mpc555,mpc555_,ram0030+ram002f,mpc555_processScheduledTasks
cm848,0x00006ca4,processMainLoop,unknown,cm848_,,cm848_processMainLoop
cm848,0x00006d24,dispatchDiagnosticService,unknown,cm848_,,cm848_dispatchDiagnosticService
cm848,0x00006e1c,sendEepromVersionResponse,unknown,cm848_,,cm848_sendEepromVersionResponse
cm848,0x00006eac,handleEepromDiagnosticResponse,mpc555,mpc555_,ram0030,mpc555_handleEepromDiagnosticResponse
cm848,0x00006f54,processEepromDataTransfer,mpc555,mpc555_,ram0030,mpc555_processEepromDataTransfer
cm848,0x000071f8,scrambleBitPattern,unknown,cm848_,,cm848_scrambleBitPattern
cm848,0x000074a0,processSensorFilterChain,unknown,cm848_,,cm848_processSensorFilterChain
cm848,0x000075dc,processSensorWithOverride,mpc555,mpc555_,ram0030,mpc555_processSensorWithOverride
cm848,0x00007608,watchdogTimerTick,mpc555,mpc555_,ram0030,mpc555_watchdogTimerTick
cm848,0x000076b4,watchdogTimerTick_midEntry,mpc555,mpc555_,ram0030,mpc555_watchdogTimerTick_midEntry
cm848,0x000076c8,sensorFaultThresholdCheck,unknown,cm848_,,cm848_sensorFaultThresholdCheck
cm848,0x00007740,sensorAcquisitionCycle,mpc555,mpc555_,ram0030,mpc555_sensorAcquisitionCycle
cm848,0x00007840,validateTransferBlockParams,mpc555,mpc555_,ram0030,mpc555_validateTransferBlockParams
cm848,0x000078d0,processTransferCrc,mpc555,mpc555_,ram0030,mpc555_processTransferCrc
cm848,0x00007974,systemWatchdogReset,mpc555,mpc555_,ram0030,mpc555_systemWatchdogReset
cm848,0x00007b08,initQspiHardware,mpc555,mpc555_,ram0030,mpc555_initQspiHardware
cm848,0x00007dc4,systemHaltLoop,mpc555,mpc555_,ram0030,mpc555_systemHaltLoop
cm848,0x0000b44c,keyOnStatusMonitor,unknown,cm848_,,cm848_keyOnStatusMonitor
cm848,0x0000b76c,phase_common_processing,unknown,cm848_,,cm848_phase_common_processing
cm848,0x0000b7b4,phase_group_a_processing,unknown,cm848_,,cm848_phase_group_a_processing
cm848,0x0000b854,phase_group_b_processing,unknown,cm848_,,cm848_phase_group_b_processing
cm848,0x0000b8fc,periodicTaskSet_fuelFinal,hpcr,hpcr_,injectorpulse+hpcr,hpcr_periodicTaskSet_fuelFinal
cm848,0x0000b98c,periodicTaskSet_sensorProcessing,unknown,cm848_,,cm848_periodicTaskSet_sensorProcessing
cm848,0x0000ba08,periodicTaskSet_controlLoop,unknown,cm848_,,cm848_periodicTaskSet_controlLoop
cm848,0x0000ba90,periodicTaskSet_auxiliaryControl,unknown,cm848_,,cm848_periodicTaskSet_auxiliaryControl
cm848,0x0000bb18,periodicTaskSet_canTx,unknown,cm848_,,cm848_periodicTaskSet_canTx
cm848,0x0000bb40,periodicTaskSet_diagnostics,unknown,cm848_,,cm848_periodicTaskSet_diagnostics
cm848,0x0000bb68,periodicTaskSet_protection,unknown,cm848_,,cm848_periodicTaskSet_protection
cm848,0x0000bb90,periodicTaskSet_timing,unknown,cm848_,,cm848_periodicTaskSet_timing
cm848,0x0000bbb8,periodicTaskSet_outputs,unknown,cm848_,,cm848_periodicTaskSet_outputs
cm848,0x0000bbe0,periodicTaskSet_sensors,unknown,cm848_,,cm848_periodicTaskSet_sensors
cm848,0x0000bc08,periodicTaskSet_monitoring,unknown,cm848_,,cm848_periodicTaskSet_monitoring
cm848,0x0000bc34,periodicTaskSet_communication,unknown,cm848_,,cm848_periodicTaskSet_communication
cm848,0x0000bc5c,periodicTaskGroup12_calibration1,unknown,cm848_,,cm848_periodicTaskGroup12_calibration1
cm848,0x0000bc80,periodicTaskGroup13_calibration2,unknown,cm848_,,cm848_periodicTaskGroup13_calibration2
cm848,0x0000bca4,periodicTaskGroup14_calibration3,unknown,cm848_,,cm848_periodicTaskGroup14_calibration3
cm848,0x0000bcc8,periodicTaskGroup15_calibration4,unknown,cm848_,,cm848_periodicTaskGroup15_calibration4
cm848,0x0000bce8,periodicTaskSet_protection2,unknown,cm848_,,cm848_periodicTaskSet_protection2
cm848,0x0000bd08,periodicTaskGroup17_calibration5,unknown,cm848_,,cm848_periodicTaskGroup17_calibration5
cm848,0x0000bd28,periodicTaskGroup18_calibration6,unknown,cm848_,,cm848_periodicTaskGroup18_calibration6
cm848,0x0000bd54,periodicTaskGroup25_calibration7,hpcr,hpcr_,hpcr,hpcr_periodicTaskGroup25_calibration7
cm848,0x0000bd80,periodicTaskGroup26_calibration8,unknown,cm848_,,cm848_periodicTaskGroup26_calibration8
cm848,0x0000bdac,periodicTaskGroup27_calibration9,unknown,cm848_,,cm848_periodicTaskGroup27_calibration9
cm848,0x0000bdd8,periodicTaskGroup28_calibration10,unknown,cm848_,,cm848_periodicTaskGroup28_calibration10
cm848,0x0000be04,periodicTaskGroup29_calibration11,unknown,cm848_,,cm848_periodicTaskGroup29_calibration11
cm848,0x0000be30,periodicTaskGroup30_calibration12,unknown,cm848_,,cm848_periodicTaskGroup30_calibration12
cm848,0x0000be5c,periodicTaskGroup31_calibration13,unknown,cm848_,,cm848_periodicTaskGroup31_calibration13
cm848,0x0000be88,periodicTaskGroup32_calibration14,unknown,cm848_,,cm848_periodicTaskGroup32_calibration14
cm848,0x0000beb4,periodicTaskSet_protection3,unknown,cm848_,,cm848_periodicTaskSet_protection3
cm848,0x0000bec8,schedulerPhaseDispatcher,unknown,cm848_,,cm848_schedulerPhaseDispatcher
cm848,0x0000bee0,periodicTaskSet_auxiliary,unknown,cm848_,,cm848_periodicTaskSet_auxiliary
cm848,0x0000bf34,periodicTaskGroup36_calibration15,hpcr,hpcr_,hpcr,hpcr_periodicTaskGroup36_calibration15
cm848,0x0000bf60,periodicTaskGroup37_calibration16,unknown,cm848_,,cm848_periodicTaskGroup37_calibration16
cm848,0x0000bf88,periodicTaskGroup38_calibration17,unknown,cm848_,,cm848_periodicTaskGroup38_calibration17
cm848,0x0000bfb0,periodicTaskSet_diagnostics2,unknown,cm848_,,cm848_periodicTaskSet_diagnostics2
cm848,0x0000bfd8,periodicTaskGroup20_calibration,hpcr,hpcr_,hpcr,hpcr_periodicTaskGroup20_calibration
cm848,0x0000c000,periodicTaskGroup21_calibration,unknown,cm848_,,cm848_periodicTaskGroup21_calibration
cm848,0x0000c028,periodicTaskGroup22_calibration,unknown,cm848_,,cm848_periodicTaskGroup22_calibration
cm848,0x0000c050,periodicTaskSet_protection4,hpcr,hpcr_,hpcr,hpcr_periodicTaskSet_protection4
cm848,0x0000c078,periodicTaskSet_outputs2,unknown,cm848_,,cm848_periodicTaskSet_outputs2
cm848,0x0000c874,initSensorDefaults,unknown,cm848_,,cm848_initSensorDefaults
cm848,0x0000c8bc,sensorChannel0_init,unknown,cm848_,,cm848_sensorChannel0_init
cm848,0x0000c948,sensorChannel0_process,unknown,cm848_,,cm848_sensorChannel0_process
cm848,0x0000c9d4,sensorChannel1_init,unknown,cm848_,,cm848_sensorChannel1_init
cm848,0x0000ca60,sensorChannel1_process,unknown,cm848_,,cm848_sensorChannel1_process
cm848,0x0000caec,sensorChannel2_init,unknown,cm848_,,cm848_sensorChannel2_init
cm848,0x0000cb78,sensorChannel2_process,unknown,cm848_,,cm848_sensorChannel2_process
cm848,0x0000cc04,sensorChannel3_boostPressureInit,unknown,cm848_,,cm848_sensorChannel3_boostPressureInit
cm848,0x0000cc90,sensorChannel3_boostPressureProcess,unknown,cm848_,,cm848_sensorChannel3_boostPressureProcess
cm848,0x0000cd1c,sensorChannel4_init,unknown,cm848_,,cm848_sensorChannel4_init
cm848,0x0000cda8,sensorChannel4_process,unknown,cm848_,,cm848_sensorChannel4_process
cm848,0x0000ce34,sensorChannel5_init,unknown,cm848_,,cm848_sensorChannel5_init
cm848,0x0000cec0,sensorChannel5_process,unknown,cm848_,,cm848_sensorChannel5_process
cm848,0x0000cf4c,sensorChannel6_init,unknown,cm848_,,cm848_sensorChannel6_init
cm848,0x0000cfd8,sensorChannel6_process,unknown,cm848_,,cm848_sensorChannel6_process
cm848,0x0000d064,sensorChannel7_init,unknown,cm848_,,cm848_sensorChannel7_init
cm848,0x0000d0f0,sensorChannel7_process,unknown,cm848_,,cm848_sensorChannel7_process
cm848,0x0000d17c,sensorChannel8_init,unknown,cm848_,,cm848_sensorChannel8_init
cm848,0x0000d208,sensorChannel8_process,unknown,cm848_,,cm848_sensorChannel8_process
cm848,0x0000d294,sensorChannel9_init,unknown,cm848_,,cm848_sensorChannel9_init
cm848,0x0000d320,sensorChannel9_process,unknown,cm848_,,cm848_sensorChannel9_process
cm848,0x0000d3ac,sensorChannel10_throttleInit,unknown,cm848_,,cm848_sensorChannel10_throttleInit
cm848,0x0000d438,sensorChannel10_throttleProcess,unknown,cm848_,,cm848_sensorChannel10_throttleProcess
cm848,0x0000d4c4,sensorChannel11_init,unknown,cm848_,,cm848_sensorChannel11_init
cm848,0x0000d550,sensorChannel11_process,unknown,cm848_,,cm848_sensorChannel11_process
cm848,0x0000d5dc,sensorChannel12_init,unknown,cm848_,,cm848_sensorChannel12_init
cm848,0x0000d668,sensorChannel12_process,unknown,cm848_,,cm848_sensorChannel12_process
cm848,0x0000d6f4,sensorChannel13_init,unknown,cm848_,,cm848_sensorChannel13_init
cm848,0x0000d780,sensorChannel13_process,unknown,cm848_,,cm848_sensorChannel13_process
cm848,0x0000d80c,sensorChannel14_init,unknown,cm848_,,cm848_sensorChannel14_init
cm848,0x0000d898,sensorChannel14_process,unknown,cm848_,,cm848_sensorChannel14_process
cm848,0x0000d924,sensorChannel15_init,unknown,cm848_,,cm848_sensorChannel15_init
cm848,0x0000d9b0,sensorChannel15_process,unknown,cm848_,,cm848_sensorChannel15_process
cm848,0x0000da3c,sensorChannel16_init,unknown,cm848_,,cm848_sensorChannel16_init
cm848,0x0000db50,sensorChannel16_process,unknown,cm848_,,cm848_sensorChannel16_process
cm848,0x0000db88,sensorChannel16BProcessOilPressure,unknown,cm848_,,cm848_sensorChannel16BProcessOilPressure
cm848,0x0000dc64,oilPressureDeltaCalculation,unknown,cm848_,,cm848_oilPressureDeltaCalculation
cm848,0x0000dcdc,fuelDemandBlendCalculator,unknown,cm848_,,cm848_fuelDemandBlendCalculator
cm848,0x0000e09c,initFuelTableSizes,unknown,cm848_,,cm848_initFuelTableSizes
cm848,0x0000e0c4,trackMinimumFuelDemand,unknown,cm848_,,cm848_trackMinimumFuelDemand
cm848,0x0000e0f4,checkPressureFuelState,unknown,cm848_,,cm848_checkPressureFuelState
cm848,0x0000e164,calculateSensorEma,unknown,cm848_,,cm848_calculateSensorEma
cm848,0x0000e218,checkFuelRateCondition,unknown,cm848_,,cm848_checkFuelRateCondition
cm848,0x0000e248,checkPressureFuelDelayA,unknown,cm848_,,cm848_checkPressureFuelDelayA
cm848,0x0000e2cc,checkPressureFuelDelayB,unknown,cm848_,,cm848_checkPressureFuelDelayB
cm848,0x0000e360,checkPressureHysteresis,unknown,cm848_,,cm848_checkPressureHysteresis
cm848,0x0000e518,hpcr_calculateFuelTrimOutput,hpcr,hpcr_,hpcr,hpcr_calculateFuelTrimOutput
cm848,0x0000e748,initFuelPressureVariables,unknown,cm848_,,cm848_initFuelPressureVariables
cm848,0x0000e78c,temperatureBasedFuelTrim,unknown,cm848_,,cm848_temperatureBasedFuelTrim
cm848,0x0000e8ac,initTemperatureTrimTableSizes,unknown,cm848_,,cm848_initTemperatureTrimTableSizes
cm848,0x0000e8cc,initTemperatureTrimCoeff,unknown,cm848_,,cm848_initTemperatureTrimCoeff
cm848,0x0000e8dc,fuelTimingRateLimitedBlend,unknown,cm848_,,cm848_fuelTimingRateLimitedBlend
cm848,0x0000e8f0,fuelTimingCompensation,unknown,cm848_,,cm848_fuelTimingCompensation
cm848,0x0000fabc,initFuelDemandVariables,unknown,cm848_,,cm848_initFuelDemandVariables
cm848,0x0000fb28,restoreEngineOperatingMode,unknown,cm848_,,cm848_restoreEngineOperatingMode
cm848,0x0000fcd0,calculateFuelTimingBlend,unknown,cm848_,,cm848_calculateFuelTimingBlend
cm848,0x0000fe3c,initFuelTimingTableSizes,unknown,cm848_,,cm848_initFuelTimingTableSizes
cm848,0x0000fe5c,calculateFuelTimingTarget,unknown,cm848_,,cm848_calculateFuelTimingTarget
cm848,0x0000ff04,calculateFuelTrimValues,unknown,cm848_,,cm848_calculateFuelTrimValues
cm848,0x00010110,initEngineOperatingMode,unknown,cm848_,,cm848_initEngineOperatingMode
cm848,0x00010248,initLookupTableParams,unknown,cm848_,,cm848_initLookupTableParams
cm848,0x00010270,stubFunction3,unknown,cm848_,,cm848_stubFunction3
cm848,0x00010274,timerInterruptHandler,mpc555,mpc555_,usiu_+ram002f,mpc555_timerInterruptHandler
cm848,0x00010694,fatalErrorHalt,mpc555,mpc555_,usiu_,mpc555_fatalErrorHalt
cm848,0x000107ec,selectTurboModeParameters,unknown,cm848_,,cm848_selectTurboModeParameters
cm848,0x0001083c,updateTurboModeState,unknown,cm848_,,cm848_updateTurboModeState
cm848,0x00010874,selectTemperatureTrimValue,unknown,cm848_,,cm848_selectTemperatureTrimValue
cm848,0x000108a4,calculateTurboRatioA,unknown,cm848_,,cm848_calculateTurboRatioA
cm848,0x000109c8,calculateTurboRatioB,unknown,cm848_,,cm848_calculateTurboRatioB
cm848,0x00010b04,calculateTurboRatios,unknown,cm848_,,cm848_calculateTurboRatios
cm848,0x00010b28,calculateTurboBlendOutput,unknown,cm848_,,cm848_calculateTurboBlendOutput
cm848,0x00010d3c,calculateTurboRatioWithMode,unknown,cm848_,,cm848_calculateTurboRatioWithMode
cm848,0x00010ed0,initTurboRatioVariables,unknown,cm848_,,cm848_initTurboRatioVariables
cm848,0x00010f68,calculateLoadBasedAdjustment,unknown,cm848_,,cm848_calculateLoadBasedAdjustment
cm848,0x000110bc,lookupRpmLoadTable,unknown,cm848_,,cm848_lookupRpmLoadTable
cm848,0x00011170,calculateLoadAdjustmentFactors,unknown,cm848_,,cm848_calculateLoadAdjustmentFactors
cm848,0x00011290,processLoadAdjustment,unknown,cm848_,,cm848_processLoadAdjustment
cm848,0x00011324,initLoadAdjustmentTableSizes,mpc555,mpc555_,ram003f,mpc555_initLoadAdjustmentTableSizes
cm848,0x0001134c,calculateLoadGainValues,unknown,cm848_,,cm848_calculateLoadGainValues
cm848,0x00011410,selectLoadAdjustmentLimits,unknown,cm848_,,cm848_selectLoadAdjustmentLimits
cm848,0x000114dc,calculateLoadCompensation,unknown,cm848_,,cm848_calculateLoadCompensation
cm848,0x000115cc,calculateLoadIntegral,unknown,cm848_,,cm848_calculateLoadIntegral
cm848,0x000118f8,processLoadGainCalculations,unknown,cm848_,,cm848_processLoadGainCalculations
cm848,0x00011924,initLoadGainVariables,mpc555,mpc555_,ram003f,mpc555_initLoadGainVariables
cm848,0x0001198c,calculateRateLimitedValue,unknown,cm848_,,cm848_calculateRateLimitedValue
cm848,0x00011a4c,checkSpeedBandCondition,unknown,cm848_,,cm848_checkSpeedBandCondition
cm848,0x0001231c,turboCompensationWrapper,unknown,cm848_,,cm848_turboCompensationWrapper
cm848,0x0001233c,initTurboCompensationVariables,mpc555,mpc555_,ram003f,mpc555_initTurboCompensationVariables
cm848,0x000123dc,circularBufferWriteUnsigned,unknown,cm848_,,cm848_circularBufferWriteUnsigned
cm848,0x00012404,circularBufferWriteSigned,unknown,cm848_,,cm848_circularBufferWriteSigned
cm848,0x0001242c,calculateLoadBasedFuelTrim,unknown,cm848_,,cm848_calculateLoadBasedFuelTrim
cm848,0x000125f4,calculateRpmBasedFuelTrim,unknown,cm848_,,cm848_calculateRpmBasedFuelTrim
cm848,0x00012724,checkFuelSystemFaultFlags,unknown,cm848_,,cm848_checkFuelSystemFaultFlags
cm848,0x00012778,checkEngineFaultConditions,unknown,cm848_,,cm848_checkEngineFaultConditions
cm848,0x000127bc,selectFuelTrimMode,unknown,cm848_,,cm848_selectFuelTrimMode
cm848,0x000128a0,throttleBasedFuelCalculation,unknown,cm848_,,cm848_throttleBasedFuelCalculation
cm848,0x00012a58,initFilterCoefficients,unknown,cm848_,,cm848_initFilterCoefficients
cm848,0x00012ad4,boostBasedFuelModifier,unknown,cm848_,,cm848_boostBasedFuelModifier
cm848,0x00012cf4,loadBasedFuelAdjustment,unknown,cm848_,,cm848_loadBasedFuelAdjustment
cm848,0x00012dc4,fuelDemandWithLoadCompensation,unknown,cm848_,,cm848_fuelDemandWithLoadCompensation
cm848,0x00012e40,initFilterTablePointers,unknown,cm848_,,cm848_initFilterTablePointers
cm848,0x00012e60,fuelControlMainCalculation,unknown,cm848_,,cm848_fuelControlMainCalculation
cm848,0x00012e88,initFuelControlFilterSystem,unknown,cm848_,,cm848_initFuelControlFilterSystem
cm848,0x00012eb4,fuelDemandErrorCalculation,unknown,cm848_,,cm848_fuelDemandErrorCalculation
cm848,0x00012f40,initFuelDemandBlendPointers,unknown,cm848_,,cm848_initFuelDemandBlendPointers
cm848,0x00012f60,fuelDemandBlendCalculation,unknown,cm848_,,cm848_fuelDemandBlendCalculation
cm848,0x000130ac,initManifoldPressureFilter,mpc555,mpc555_,ram003f,mpc555_initManifoldPressureFilter
cm848,0x000130dc,calculateBoostPressureOffset,unknown,cm848_,,cm848_calculateBoostPressureOffset
cm848,0x0001327c,initFuelFilterDefaults,unknown,cm848_,,cm848_initFuelFilterDefaults
cm848,0x00013294,calculateBoostTorqueOffset,unknown,cm848_,,cm848_calculateBoostTorqueOffset
cm848,0x0001350c,initFuelDemandFilterState,unknown,cm848_,,cm848_initFuelDemandFilterState
cm848,0x00013564,checkBoostControlCondition,unknown,cm848_,,cm848_checkBoostControlCondition
cm848,0x0001359c,processBoostControlState,unknown,cm848_,,cm848_processBoostControlState
cm848,0x00013774,processBoostProtectionConditions,unknown,cm848_,,cm848_processBoostProtectionConditions
cm848,0x0001392c,selectLoadNormalizer,unknown,cm848_,,cm848_selectLoadNormalizer
cm848,0x00013a80,processLoadNormalizerSelection,unknown,cm848_,,cm848_processLoadNormalizerSelection
cm848,0x00013aec,processBoostProtectionMode,unknown,cm848_,,cm848_processBoostProtectionMode
cm848,0x00013ca4,initBoostProtectionState,unknown,cm848_,,cm848_initBoostProtectionState
cm848,0x00013d14,calculateThrottleDerivative,unknown,cm848_,,cm848_calculateThrottleDerivative
cm848,0x00013dc8,calculateThrottleFiltered,unknown,cm848_,,cm848_calculateThrottleFiltered
cm848,0x00014080,initThrottleFilterState,mpc555,mpc555_,ram003f,mpc555_initThrottleFilterState
cm848,0x0001410c,calculateRpmLoadTables,unknown,cm848_,,cm848_calculateRpmLoadTables
cm848,0x0001429c,selectFuelDemandOverride,unknown,cm848_,,cm848_selectFuelDemandOverride
cm848,0x000142d0,selectFuelLimitOverride,unknown,cm848_,,cm848_selectFuelLimitOverride
cm848,0x00014304,setFuelStatusFlags,unknown,cm848_,,cm848_setFuelStatusFlags
cm848,0x00014374,calculateRpmLoadLimit,unknown,cm848_,,cm848_calculateRpmLoadLimit
cm848,0x00014430,selectFinalLoadLimit,unknown,cm848_,,cm848_selectFinalLoadLimit
cm848,0x0001444c,setFuelDemandVariable,unknown,cm848_,,cm848_setFuelDemandVariable
cm848,0x00014458,setFuelDemandVariable,unknown,cm848_,,cm848_setFuelDemandVariable
cm848,0x00014464,selectFuelLoadOverride,unknown,cm848_,,cm848_selectFuelLoadOverride
cm848,0x00014498,processFuelLimitCalculations,unknown,cm848_,,cm848_processFuelLimitCalculations
cm848,0x000144d0,initFuelLimitTableSizes,mpc555,mpc555_,ram003f,mpc555_initFuelLimitTableSizes
cm848,0x00014508,compareForFuelMapSelection,unknown,cm848_,,cm848_compareForFuelMapSelection
cm848,0x00014528,filterInputValue,unknown,cm848_,,cm848_filterInputValue
cm848,0x00014610,calculateFuelDemandMode1,unknown,cm848_,,cm848_calculateFuelDemandMode1
cm848,0x000149a4,calculateFuelDemandMode2,unknown,cm848_,,cm848_calculateFuelDemandMode2
cm848,0x00014d38,calculateFuelDemandTimingOffset,unknown,cm848_,,cm848_calculateFuelDemandTimingOffset
cm848,0x000150b0,calculateFuelDemandMode3,unknown,cm848_,,cm848_calculateFuelDemandMode3
cm848,0x00015444,calculateFuelDemandBlendTables,unknown,cm848_,,cm848_calculateFuelDemandBlendTables
cm848,0x00015760,lookupFuelDemandRpmTables,unknown,cm848_,,cm848_lookupFuelDemandRpmTables
cm848,0x00015a24,calculateFuelLimitSource,unknown,cm848_,,cm848_calculateFuelLimitSource
cm848,0x00015bd8,selectFuelLimitWithFiltering,unknown,cm848_,,cm848_selectFuelLimitWithFiltering
cm848,0x00015d2c,fuelDemandFilterUpdate,unknown,cm848_,,cm848_fuelDemandFilterUpdate
cm848,0x00015e08,interpolateFuelMapTable,unknown,cm848_,,cm848_interpolateFuelMapTable
cm848,0x00015f34,processFuelMapInterpolation,unknown,cm848_,,cm848_processFuelMapInterpolation
cm848,0x000160ac,calculateFuelBlendModeSelection,unknown,cm848_,,cm848_calculateFuelBlendModeSelection
cm848,0x00016408,calculateFuelBlendMode,unknown,cm848_,,cm848_calculateFuelBlendMode
cm848,0x0001640c,calculateFuelBlendMode,unknown,cm848_,,cm848_calculateFuelBlendMode
cm848,0x000164ac,processFuelDemandCalculations,unknown,cm848_,,cm848_processFuelDemandCalculations
cm848,0x000164e4,fuelDemandTableLookup,unknown,cm848_,,cm848_fuelDemandTableLookup
cm848,0x00016724,fuelDemandRpmCorrection,unknown,cm848_,,cm848_fuelDemandRpmCorrection
cm848,0x00016774,lookupProtectionFuelDemand,unknown,cm848_,,cm848_lookupProtectionFuelDemand
cm848,0x00016888,initFuelDemandTablePointers,mpc555,mpc555_,ram003f,mpc555_initFuelDemandTablePointers
cm848,0x00016a90,calculateFuelInjectionTiming,unknown,cm848_,,cm848_calculateFuelInjectionTiming
cm848,0x00016c40,calculateManifoldPressureOffset,unknown,cm848_,,cm848_calculateManifoldPressureOffset
cm848,0x00016cd4,calculateFuelDemandDelta,unknown,cm848_,,cm848_calculateFuelDemandDelta
cm848,0x00016d6c,applyFuelDemandOffset,unknown,cm848_,,cm848_applyFuelDemandOffset
cm848,0x00016e90,processFuelTimingCalculations,unknown,cm848_,,cm848_processFuelTimingCalculations
cm848,0x00016f9c,storeFuelLimitValues,unknown,cm848_,,cm848_storeFuelLimitValues
cm848,0x00016ffc,initFuelTimingTablePointers,mpc555,mpc555_,ram003f,mpc555_initFuelTimingTablePointers
cm848,0x0001702c,fuelDemandBaseCalculation,unknown,cm848_,,cm848_fuelDemandBaseCalculation
cm848,0x00017150,fuelDemandModeSelector,unknown,cm848_,,cm848_fuelDemandModeSelector
cm848,0x000172b0,fuelDemandEnableChecker,unknown,cm848_,,cm848_fuelDemandEnableChecker
cm848,0x000172e8,fuelDemandRateLimiterStateMachine,unknown,cm848_,,cm848_fuelDemandRateLimiterStateMachine
cm848,0x000173a8,fuelDemandOverrideHandler,unknown,cm848_,,cm848_fuelDemandOverrideHandler
cm848,0x00017560,fuelDemandSmoothingController,unknown,cm848_,,cm848_fuelDemandSmoothingController
cm848,0x0001782c,fuelDemandFinalCalculation,unknown,cm848_,,cm848_fuelDemandFinalCalculation
cm848,0x00017980,fuelDemandCoordinator,unknown,cm848_,,cm848_fuelDemandCoordinator
cm848,0x00017af4,initFuelDemandRateVariables,unknown,cm848_,,cm848_initFuelDemandRateVariables
cm848,0x00017b54,storeFuelDemandPreviousValues,unknown,cm848_,,cm848_storeFuelDemandPreviousValues
cm848,0x00017b84,calculateFuelFlowRate,unknown,cm848_,,cm848_calculateFuelFlowRate
cm848,0x00017d54,selectFuelFlowMode,unknown,cm848_,,cm848_selectFuelFlowMode
cm848,0x00017e54,initFuelFlowRateVariables,mpc555,mpc555_,ram003f,mpc555_initFuelFlowRateVariables
cm848,0x00017eb8,calculateOilPressureProtection,unknown,cm848_,,cm848_calculateOilPressureProtection
cm848,0x00017f50,calculateFuelFlowWithMode,unknown,cm848_,,cm848_calculateFuelFlowWithMode
cm848,0x00018070,throttlePositionProcessing,unknown,cm848_,,cm848_throttlePositionProcessing
cm848,0x0001811c,faultSeverityEvaluation,unknown,cm848_,,cm848_faultSeverityEvaluation
cm848,0x0001820c,processThrottlePositionLookups,unknown,cm848_,,cm848_processThrottlePositionLookups
cm848,0x000182e8,calculateThrottleProtectionLimit,unknown,cm848_,,cm848_calculateThrottleProtectionLimit
cm848,0x00018384,checkProtectionEnableConditions,unknown,cm848_,,cm848_checkProtectionEnableConditions
cm848,0x000184f0,checkFaultConditionThreshold,unknown,cm848_,,cm848_checkFaultConditionThreshold
cm848,0x000185cc,conditionalFirstOrderFilter,unknown,cm848_,,cm848_conditionalFirstOrderFilter
cm848,0x0001860c,processFaultIncrement,unknown,cm848_,,cm848_processFaultIncrement
cm848,0x00018780,processFaultStateWithFilter,unknown,cm848_,,cm848_processFaultStateWithFilter
cm848,0x00018904,updateFaultStatusRegisters,unknown,cm848_,,cm848_updateFaultStatusRegisters
cm848,0x00018a50,selectFaultProtectionValue,unknown,cm848_,,cm848_selectFaultProtectionValue
cm848,0x00018ac0,processFaultProtection,unknown,cm848_,,cm848_processFaultProtection
cm848,0x00018afc,initFaultProtectionVariables,mpc555,mpc555_,ram003f,mpc555_initFaultProtectionVariables
cm848,0x00018bc0,processSensorProtectionRamp,unknown,cm848_,,cm848_processSensorProtectionRamp
cm848,0x00018cfc,processSensorFaultDetection,unknown,cm848_,,cm848_processSensorFaultDetection
cm848,0x00018f1c,initSensorFaultVariables,unknown,cm848_,,cm848_initSensorFaultVariables
cm848,0x00018f8c,calculateSensorDiagnosticValue,unknown,cm848_,,cm848_calculateSensorDiagnosticValue
cm848,0x000191a0,updateSensorDiagnosticFlags,mpc555,mpc555_,ram0030,mpc555_updateSensorDiagnosticFlags
cm848,0x000191e8,processSensorMonitoringLogic,unknown,cm848_,,cm848_processSensorMonitoringLogic
cm848,0x00019390,updateEngineModeFromSensor,unknown,cm848_,,cm848_updateEngineModeFromSensor
cm848,0x0001956c,processSensorValidation,mpc555,mpc555_,ram003f,mpc555_processSensorValidation
cm848,0x000196a4,checkSensorRangeConditions,unknown,cm848_,,cm848_checkSensorRangeConditions
cm848,0x000197b4,calculateSensorBlendFactor,unknown,cm848_,,cm848_calculateSensorBlendFactor
cm848,0x00019830,processSensorBlendState,unknown,cm848_,,cm848_processSensorBlendState
cm848,0x00019900,selectSensorBlendOutput,unknown,cm848_,,cm848_selectSensorBlendOutput
cm848,0x000199f4,initSensorBlendVariables,unknown,cm848_,,cm848_initSensorBlendVariables
cm848,0x00019ac0,processSensorBlendCalculation,unknown,cm848_,,cm848_processSensorBlendCalculation
cm848,0x00019b20,sensorMonitoringMainLoop,unknown,cm848_,,cm848_sensorMonitoringMainLoop
cm848,0x00019e08,selectFuelDemandUpperLimit,unknown,cm848_,,cm848_selectFuelDemandUpperLimit
cm848,0x00019ea4,calculateFuelDemandLimits,unknown,cm848_,,cm848_calculateFuelDemandLimits
cm848,0x00019fe0,applyFuelDemandProtection,unknown,cm848_,,cm848_applyFuelDemandProtection
cm848,0x0001a1b4,processFuelDemandLimits,unknown,cm848_,,cm848_processFuelDemandLimits
cm848,0x0001a1dc,processSensorAndFuelDemand,unknown,cm848_,,cm848_processSensorAndFuelDemand
cm848,0x0001a204,initFuelDemandLimitVariables,unknown,cm848_,,cm848_initFuelDemandLimitVariables
cm848,0x0001a340,processConditionTimerA,unknown,cm848_,,cm848_processConditionTimerA
cm848,0x0001a47c,processConditionTimerB,unknown,cm848_,,cm848_processConditionTimerB
cm848,0x0001a608,processConditionTimerC,unknown,cm848_,,cm848_processConditionTimerC
cm848,0x0001a754,processConditionTimerD,unknown,cm848_,,cm848_processConditionTimerD
cm848,0x0001a980,bothConditionsTrue,unknown,cm848_,,cm848_bothConditionsTrue
cm848,0x0001a9a8,processFuelDemandFaultConditions,unknown,cm848_,,cm848_processFuelDemandFaultConditions
cm848,0x0001ae2c,initFuelDemandFaultVariables,unknown,cm848_,,cm848_initFuelDemandFaultVariables
cm848,0x0001af94,processFaultTimingConditions,unknown,cm848_,,cm848_processFaultTimingConditions
cm848,0x0001b120,updateFaultConditionState,unknown,cm848_,,cm848_updateFaultConditionState
cm848,0x0001b35c,initFaultTimingVariables,unknown,cm848_,,cm848_initFaultTimingVariables
cm848,0x0001b37c,processFaultAndFuelDemand,unknown,cm848_,,cm848_processFaultAndFuelDemand
cm848,0x0001b624,faultCounterDecrement,unknown,cm848_,,cm848_faultCounterDecrement
cm848,0x0001b69c,faultCounterIncrement,unknown,cm848_,,cm848_faultCounterIncrement
cm848,0x0001b730,sendFaultTimerMessage,unknown,cm848_,,cm848_sendFaultTimerMessage
cm848,0x0001b778,processFaultMessageTiming,unknown,cm848_,,cm848_processFaultMessageTiming
cm848,0x0001b99c,calculateColdStartFuelAdjust,unknown,cm848_,,cm848_calculateColdStartFuelAdjust
cm848,0x0001bb30,initColdStartLimits,unknown,cm848_,,cm848_initColdStartLimits
cm848,0x0001bb48,calculateColdStartRpmAdjust,unknown,cm848_,,cm848_calculateColdStartRpmAdjust
cm848,0x0001bb78,calculateColdStartFuelOffset,unknown,cm848_,,cm848_calculateColdStartFuelOffset
cm848,0x0001bc30,calculateColdStartTempTable,unknown,cm848_,,cm848_calculateColdStartTempTable
cm848,0x0001bd44,selectColdStartRpmLimit,unknown,cm848_,,cm848_selectColdStartRpmLimit
cm848,0x0001bd74,calculateIntakeAirAdjustment,unknown,cm848_,,cm848_calculateIntakeAirAdjustment
cm848,0x0001be64,checkColdStartConditions,unknown,cm848_,,cm848_checkColdStartConditions
cm848,0x0001bf44,processColdStartAdjustment,unknown,cm848_,,cm848_processColdStartAdjustment
cm848,0x0001bfc8,initColdStartTablePointers,unknown,cm848_,,cm848_initColdStartTablePointers
cm848,0x0001c080,processColdStartStateMachine,unknown,cm848_,,cm848_processColdStartStateMachine
cm848,0x0001c114,coldStartRpmTableLookup,unknown,cm848_,,cm848_coldStartRpmTableLookup
cm848,0x0001c1a4,coldStartFuelFactorLookup,unknown,cm848_,,cm848_coldStartFuelFactorLookup
cm848,0x0001c23c,selectColdStartFactor,unknown,cm848_,,cm848_selectColdStartFactor
cm848,0x0001c28c,processColdStartMainLoop,mpc555,mpc555_,ram0030,mpc555_processColdStartMainLoop
cm848,0x0001c978,initCrankingLimits,unknown,cm848_,,cm848_initCrankingLimits
cm848,0x0001c9a0,faultTimeoutHandler,unknown,cm848_,,cm848_faultTimeoutHandler
cm848,0x0001cb94,clearFaultFromActiveList,unknown,cm848_,,cm848_clearFaultFromActiveList
cm848,0x0001cd1c,activeFaultScanProcessor,unknown,cm848_,,cm848_activeFaultScanProcessor
cm848,0x0001cdc0,faultCodeLookup,unknown,cm848_,,cm848_faultCodeLookup
cm848,0x0001ce28,findFaultByTypeAndSeverity,unknown,cm848_,,cm848_findFaultByTypeAndSeverity
cm848,0x0001cea4,registerFaultInActiveList,unknown,cm848_,,cm848_registerFaultInActiveList
cm848,0x0001d01c,clearDiagnosticState,unknown,cm848_,,cm848_clearDiagnosticState
cm848,0x0001d11c,clearAllDiagnosticFaults,unknown,cm848_,,cm848_clearAllDiagnosticFaults
cm848,0x0001d224,faultTableEntryProcessor,unknown,cm848_,,cm848_faultTableEntryProcessor
cm848,0x0001d8f8,buildFaultConditionMask,unknown,cm848_,,cm848_buildFaultConditionMask
cm848,0x0001dcdc,initDiagnosticRingBuffer,unknown,cm848_,,cm848_initDiagnosticRingBuffer
cm848,0x0001dd10,markFaultForReplacement,unknown,cm848_,,cm848_markFaultForReplacement
cm848,0x0001de4c,updateFaultEntryCounters,unknown,cm848_,,cm848_updateFaultEntryCounters
cm848,0x0001dee0,resetFaultStatus,unknown,cm848_,,cm848_resetFaultStatus
cm848,0x0001df64,setFaultActiveStatus,hpcr,hpcr_,hpcr,hpcr_setFaultActiveStatus
cm848,0x0001df88,captureFreezeFrameData,hpcr,hpcr_,hpcr,hpcr_captureFreezeFrameData
cm848,0x0001e158,processDiagnosticFrame,hpcr,hpcr_,hpcr,hpcr_processDiagnosticFrame
cm848,0x0001e22c,selectFuelDemandSource,unknown,cm848_,,cm848_selectFuelDemandSource
cm848,0x0001e4d8,clearFuelDemandFlag,unknown,cm848_,,cm848_clearFuelDemandFlag
cm848,0x0001e4e8,calculateProtectionRateLimited,unknown,cm848_,,cm848_calculateProtectionRateLimited
cm848,0x0001e5a4,processProtectionSelection,unknown,cm848_,,cm848_processProtectionSelection
cm848,0x0001e810,initEngineOperatingState,unknown,cm848_,,cm848_initEngineOperatingState
cm848,0x0001e830,updateEngineTimingCompensation,unknown,cm848_,,cm848_updateEngineTimingCompensation
cm848,0x0001e870,processTorqueLimitState,unknown,cm848_,,cm848_processTorqueLimitState
cm848,0x0001ea6c,initProtectionTableSizes,unknown,cm848_,,cm848_initProtectionTableSizes
cm848,0x0001ea94,initFaultSeverityTables,unknown,cm848_,,cm848_initFaultSeverityTables
cm848,0x0001eae8,calculateFuelDemandChangeRate,unknown,cm848_,,cm848_calculateFuelDemandChangeRate
cm848,0x0001ec48,processFaultIncrement,unknown,cm848_,,cm848_processFaultIncrement
cm848,0x0001ec70,calculateDualAxisFuelLimit,unknown,cm848_,,cm848_calculateDualAxisFuelLimit
cm848,0x0001ef30,initFuelDemandTracking,unknown,cm848_,,cm848_initFuelDemandTracking
cm848,0x0001f03c,processActiveFaultList,unknown,cm848_,,cm848_processActiveFaultList
cm848,0x0001f17c,calculateFuelDemandWithTrim,unknown,cm848_,,cm848_calculateFuelDemandWithTrim
cm848,0x0001f300,initFuelDemandTableDimensions,unknown,cm848_,,cm848_initFuelDemandTableDimensions
cm848,0x0001f318,initProtectionStateWithFuelDemand,unknown,cm848_,,cm848_initProtectionStateWithFuelDemand
cm848,0x0001f34c,calculateTimingCompensation,unknown,cm848_,,cm848_calculateTimingCompensation
cm848,0x0001f40c,processTorqueLimitTiming,unknown,cm848_,,cm848_processTorqueLimitTiming
cm848,0x0001f98c,initSensorRawChannels,unknown,cm848_,,cm848_initSensorRawChannels
cm848,0x0001fd94,selectTorqueLimit,unknown,cm848_,,cm848_selectTorqueLimit
cm848,0x00020410,initTorqueLimitDefaults,unknown,cm848_,,cm848_initTorqueLimitDefaults
cm848,0x000204a8,getLimitCategoryCode,unknown,cm848_,,cm848_getLimitCategoryCode
cm848,0x00020500,calculateProtectionActivationDelay,unknown,cm848_,,cm848_calculateProtectionActivationDelay
cm848,0x00020554,calculateEffectiveFuelLimit,unknown,cm848_,,cm848_calculateEffectiveFuelLimit
cm848,0x00020860,selectTorqueLimitStateMachine,unknown,cm848_,,cm848_selectTorqueLimitStateMachine
cm848,0x000209e8,calculateLoadRateOfChange,unknown,cm848_,,cm848_calculateLoadRateOfChange
cm848,0x00020a58,calculateLoadToFuelRatio,unknown,cm848_,,cm848_calculateLoadToFuelRatio
cm848,0x00020af0,calculateOilPressureRateOfChange,unknown,cm848_,,cm848_calculateOilPressureRateOfChange
cm848,0x00020b84,updateProtectionParameters,unknown,cm848_,,cm848_updateProtectionParameters
cm848,0x00020bfc,updateProtectionInputs,unknown,cm848_,,cm848_updateProtectionInputs
cm848,0x00020c60,initProtectionDefaults,unknown,cm848_,,cm848_initProtectionDefaults
cm848,0x00020c64,processJ1939RxMessage,unknown,cm848_,,cm848_processJ1939RxMessage
cm848,0x00020d10,updateProtectionStateMachine,unknown,cm848_,,cm848_updateProtectionStateMachine
cm848,0x000212dc,initProtectionDelayDefaults,unknown,cm848_,,cm848_initProtectionDelayDefaults
cm848,0x00021314,calculateSpeedControlError,unknown,cm848_,,cm848_calculateSpeedControlError
cm848,0x0002156c,initSpeedControlTableDimensions,unknown,cm848_,,cm848_initSpeedControlTableDimensions
cm848,0x00021668,initJ1939MessageBuffers,unknown,cm848_,,cm848_initJ1939MessageBuffers
cm848,0x000216fc,processJ1939RxQueue,mpc555,mpc555_,usiu_,mpc555_processJ1939RxQueue
cm848,0x000218b0,j1939ProcessRxQueueDefault,unknown,cm848_,,cm848_j1939ProcessRxQueueDefault
cm848,0x000218dc,j1939ProcessRxQueueParam,unknown,cm848_,,cm848_j1939ProcessRxQueueParam
cm848,0x00021918,validateCalibrationMemory,unknown,cm848_,,cm848_validateCalibrationMemory
cm848,0x00021a24,registerJ1939DiagnosticHandlers,unknown,cm848_,,cm848_registerJ1939DiagnosticHandlers
cm848,0x00021ac0,initUdsServiceHandlers,unknown,cm848_,,cm848_initUdsServiceHandlers
cm848,0x00021b28,applyFuelDemandFilter,unknown,cm848_,,cm848_applyFuelDemandFilter
cm848,0x00021bf8,getHighestPriorityBit,unknown,cm848_,,cm848_getHighestPriorityBit
cm848,0x00021c3c,updateProtectionThresholdsIfLow,unknown,cm848_,,cm848_updateProtectionThresholdsIfLow
cm848,0x00021c9c,setProtectionThresholdParameters,unknown,cm848_,,cm848_setProtectionThresholdParameters
cm848,0x00021cd4,updateProtectionDiagnostics,unknown,cm848_,,cm848_updateProtectionDiagnostics
cm848,0x000220b4,initJ1939DiagnosticCallback,unknown,cm848_,,cm848_initJ1939DiagnosticCallback
cm848,0x000220e4,processJ1939DiagnosticRequest,unknown,cm848_,,cm848_processJ1939DiagnosticRequest
cm848,0x00022128,j1939DiagnosticServiceHandler,unknown,cm848_,,cm848_j1939DiagnosticServiceHandler
cm848,0x000221f0,initJ1939DiagnosticServiceHandler,unknown,cm848_,,cm848_initJ1939DiagnosticServiceHandler
cm848,0x00022220,updateGovernorTimers,unknown,cm848_,,cm848_updateGovernorTimers
cm848,0x00022318,initGovernorDerivativeTerms,unknown,cm848_,,cm848_initGovernorDerivativeTerms
cm848,0x0002232c,initGovernorControlHandler,unknown,cm848_,,cm848_initGovernorControlHandler
cm848,0x0002235c,noOperation,unknown,cm848_,,cm848_noOperation
cm848,0x0002236c,processSecurityAccessRequest,unknown,cm848_,,cm848_processSecurityAccessRequest
cm848,0x000223a0,clearGovernorDerivativeMode,unknown,cm848_,,cm848_clearGovernorDerivativeMode
cm848,0x000223f4,processGovernorControlMessage,unknown,cm848_,,cm848_processGovernorControlMessage
cm848,0x00022468,initializeGovernorDerivatives,unknown,cm848_,,cm848_initializeGovernorDerivatives
cm848,0x00022570,matchSecurityRequest,unknown,cm848_,,cm848_matchSecurityRequest
cm848,0x00022590,processGovernorSecurityAccessRequest,unknown,cm848_,,cm848_processGovernorSecurityAccessRequest
cm848,0x00022674,j1939HandlePgn65228Dm3ClearDiag,unknown,cm848_,,cm848_j1939HandlePgn65228Dm3ClearDiag
cm848,0x00022770,initPgn65228Dm3Handler,unknown,cm848_,,cm848_initPgn65228Dm3Handler
cm848,0x000227a0,j1939HandleDm1RequestMessage,unknown,cm848_,,cm848_j1939HandleDm1RequestMessage
cm848,0x00022840,initJ1939Dm1RequestHandler,unknown,cm848_,,cm848_initJ1939Dm1RequestHandler
cm848,0x00022870,j1939ProcessTorqueSpeedControl,unknown,cm848_,,cm848_j1939ProcessTorqueSpeedControl
cm848,0x00022ab8,selectTorqueLimitMode,unknown,cm848_,,cm848_selectTorqueLimitMode
cm848,0x00022bc4,initJ1939TorqueSpeedHandler,unknown,cm848_,,cm848_initJ1939TorqueSpeedHandler
cm848,0x00022d18,initJ1939VehicleSpeedHandler,unknown,cm848_,,cm848_initJ1939VehicleSpeedHandler
cm848,0x00022e3c,processGovernorSpeedControlRequest,unknown,cm848_,,cm848_processGovernorSpeedControlRequest
cm848,0x00022f90,processGovernorSpeedRequest,unknown,cm848_,,cm848_processGovernorSpeedRequest
cm848,0x00023188,j1939RegisterPgnHandler,unknown,cm848_,,cm848_j1939RegisterPgnHandler
cm848,0x000231cc,j1939DispatchPgnHandler,unknown,cm848_,,cm848_j1939DispatchPgnHandler
cm848,0x000232b4,initJ1939ProtocolHandlers,unknown,cm848_,,cm848_initJ1939ProtocolHandlers
cm848,0x000233a0,j1939HandleProprietaryCommand,unknown,cm848_,,cm848_j1939HandleProprietaryCommand
cm848,0x0002343c,initJ1939ProprietaryHandler,unknown,cm848_,,cm848_initJ1939ProprietaryHandler
cm848,0x0002346c,j1939SetupMultiFrameTransfer,unknown,cm848_,,cm848_j1939SetupMultiFrameTransfer
cm848,0x0002352c,routeGovernorHandlerByTable,unknown,cm848_,,cm848_routeGovernorHandlerByTable
cm848,0x000236b4,setGovernorHandlerDefault,unknown,cm848_,,cm848_setGovernorHandlerDefault
cm848,0x000236f0,j1939ProcessGovernorRequest,unknown,cm848_,,cm848_j1939ProcessGovernorRequest
cm848,0x00023b38,j1939DispatchAddressHandler,unknown,cm848_,,cm848_j1939DispatchAddressHandler
cm848,0x00023bb4,initJ1939AddressDispatcher,unknown,cm848_,,cm848_initJ1939AddressDispatcher
cm848,0x00023be0,sendJ1939ProprietaryStatus,unknown,cm848_,,cm848_sendJ1939ProprietaryStatus
cm848,0x00023d14,initJ1939DmHandlerBuffer,unknown,cm848_,,cm848_initJ1939DmHandlerBuffer
cm848,0x00023d3c,sendJ1939AcknowledgeMessage,unknown,cm848_,,cm848_sendJ1939AcknowledgeMessage
cm848,0x00023dbc,sendJ1939NegativeAck,unknown,cm848_,,cm848_sendJ1939NegativeAck
cm848,0x00023e2c,flushJ1939FrameBuffer,unknown,cm848_,,cm848_flushJ1939FrameBuffer
cm848,0x00023e8c,j1939HandlePgn65269AmbientConditions,unknown,cm848_,,cm848_j1939HandlePgn65269AmbientConditions
cm848,0x00023f4c,sendJ1939ErrorFrame,unknown,cm848_,,cm848_sendJ1939ErrorFrame
cm848,0x00024028,j1939BuildEngineStatusByte,unknown,cm848_,,cm848_j1939BuildEngineStatusByte
cm848,0x000240b8,prepareAndSendJ1939Frame,unknown,cm848_,,cm848_prepareAndSendJ1939Frame
cm848,0x000240c4,prepareAndSendJ1939Frame,unknown,cm848_,,cm848_prepareAndSendJ1939Frame
cm848,0x0002439c,buildDiagnosticStatusMessage,unknown,cm848_,,cm848_buildDiagnosticStatusMessage
cm848,0x00024664,initPgn65265CruiseSpeedHandler,unknown,cm848_,,cm848_initPgn65265CruiseSpeedHandler
cm848,0x00024870,j1939HandlePgn65259ComponentId,unknown,cm848_,,cm848_j1939HandlePgn65259ComponentId
cm848,0x000248dc,appendGovernorDroopDataToMessage,unknown,cm848_,,cm848_appendGovernorDroopDataToMessage
cm848,0x00024940,initPgn65259ComponentIdHandler,unknown,cm848_,,cm848_initPgn65259ComponentIdHandler
cm848,0x000249c4,sendJ1939ResponseFrame,unknown,cm848_,,cm848_sendJ1939ResponseFrame
cm848,0x00024afc,sendJ1939ExtendedResponse,unknown,cm848_,,cm848_sendJ1939ExtendedResponse
cm848,0x00024b28,j1939HandlePgn65234Dm11ClearActive,unknown,cm848_,,cm848_j1939HandlePgn65234Dm11ClearActive
cm848,0x00024b64,initPgn65234Dm11Handler,unknown,cm848_,,cm848_initPgn65234Dm11Handler
cm848,0x00024d78,processDm1FaultBroadcast,unknown,cm848_,,cm848_processDm1FaultBroadcast
cm848,0x00024dd8,initPgn65226Dm1Handler,unknown,cm848_,,cm848_initPgn65226Dm1Handler
cm848,0x00024e78,j1939HandlePgn65227Dm2PreviousDtc,unknown,cm848_,,cm848_j1939HandlePgn65227Dm2PreviousDtc
cm848,0x00025000,initPgn65227Dm2Handler,unknown,cm848_,,cm848_initPgn65227Dm2Handler
cm848,0x00025050,initPgn65227Dm2ResponseHandler,unknown,cm848_,,cm848_initPgn65227Dm2ResponseHandler
cm848,0x00025094,initPgn65229Dm4Handler,unknown,cm848_,,cm848_initPgn65229Dm4Handler
cm848,0x00025110,j1939BuildDm4FreezeFrame,unknown,cm848_,,cm848_j1939BuildDm4FreezeFrame
cm848,0x00025390,j1939HandlePgn65229Dm4FreezeFrame,unknown,cm848_,,cm848_j1939HandlePgn65229Dm4FreezeFrame
cm848,0x00025458,j1939HandlePgn65230Dm5Readiness,unknown,cm848_,,cm848_j1939HandlePgn65230Dm5Readiness
cm848,0x0002553c,initPgn65230Dm5Handler,unknown,cm848_,,cm848_initPgn65230Dm5Handler
cm848,0x000255c0,j1939SendDm1ResponseMessage,unknown,cm848_,,cm848_j1939SendDm1ResponseMessage
cm848,0x0002567c,j1939BuildEngineControlByte,unknown,cm848_,,cm848_j1939BuildEngineControlByte
cm848,0x00025884,setEngineControllerStateCode,unknown,cm848_,,cm848_setEngineControllerStateCode
cm848,0x00025a9c,transmitEngineStatusMessage,unknown,cm848_,,cm848_transmitEngineStatusMessage
cm848,0x00025d30,sendEec2WithDefaultValues,unknown,cm848_,,cm848_sendEec2WithDefaultValues
cm848,0x00025d60,initPgn61443Eec2Handler,unknown,cm848_,,cm848_initPgn61443Eec2Handler
cm848,0x00025de8,j1939SendOilPressureStatus,unknown,cm848_,,cm848_j1939SendOilPressureStatus
cm848,0x00025eb4,j1939HandlePgn65263FluidLevelPressure,unknown,cm848_,,cm848_j1939HandlePgn65263FluidLevelPressure
cm848,0x00025fd8,initPgn65263FluidLevelPressureHandler,unknown,cm848_,,cm848_initPgn65263FluidLevelPressureHandler
cm848,0x00026024,j1939HandlePgn65262EngineTemp,unknown,cm848_,,cm848_j1939HandlePgn65262EngineTemp
cm848,0x000260d4,buildEngineTempWithConditionCheck,unknown,cm848_,,cm848_buildEngineTempWithConditionCheck
cm848,0x0002619c,initPgn65262EngineTempHandler,unknown,cm848_,,cm848_initPgn65262EngineTempHandler
cm848,0x0002622c,emptyStubFunctionJ1939A,unknown,cm848_,,cm848_emptyStubFunctionJ1939A
cm848,0x00026238,j1939BuildVehicleOperatingStatus,unknown,cm848_,,cm848_j1939BuildVehicleOperatingStatus
cm848,0x000263a4,initJ1939SpeedControlMessage,unknown,cm848_,,cm848_initJ1939SpeedControlMessage
cm848,0x0002641c,j1939SendDiagnosticStatusMessage,unknown,cm848_,,cm848_j1939SendDiagnosticStatusMessage
cm848,0x000264d8,j1939HandlePgn65270InletExhaustConditions,unknown,cm848_,,cm848_j1939HandlePgn65270InletExhaustConditions
cm848,0x0002661c,initPgn65270InletExhaustHandler,unknown,cm848_,,cm848_initPgn65270InletExhaustHandler
cm848,0x00026650,j1939BuildProtocolModeStatus,unknown,cm848_,,cm848_j1939BuildProtocolModeStatus
cm848,0x000266f8,buildProtocolModeStatusMessage,unknown,cm848_,,cm848_buildProtocolModeStatusMessage
cm848,0x00026850,initPgn65256VehicleMaintenanceHandler,unknown,cm848_,,cm848_initPgn65256VehicleMaintenanceHandler
cm848,0x00026884,j1939HandlePgn65242SoftwareId,unknown,cm848_,,cm848_j1939HandlePgn65242SoftwareId
cm848,0x000268ac,initPgn65242SoftwareIdHandler,unknown,cm848_,,cm848_initPgn65242SoftwareIdHandler
cm848,0x000269f4,j1939HandlePgn65504ProprietaryA,unknown,cm848_,,cm848_j1939HandlePgn65504ProprietaryA
cm848,0x00026aa4,buildVehicleMaintenanceStatusBits,unknown,cm848_,,cm848_buildVehicleMaintenanceStatusBits
cm848,0x00026bb0,j1939HandlePgn65248VehicleDistance,unknown,cm848_,,cm848_j1939HandlePgn65248VehicleDistance
cm848,0x00026c6c,initPgn65248VehicleDistanceHandler,unknown,cm848_,,cm848_initPgn65248VehicleDistanceHandler
cm848,0x00026cf0,j1939HandlePgn65271VehicleElectrical,unknown,cm848_,,cm848_j1939HandlePgn65271VehicleElectrical
cm848,0x00026db4,j1939HandlePgn65260VehicleId,unknown,cm848_,,cm848_j1939HandlePgn65260VehicleId
cm848,0x00026dd0,emptyStubFunctionJ1939B,unknown,cm848_,,cm848_emptyStubFunctionJ1939B
cm848,0x00026ddc,initPgn65260VehicleIdHandler,unknown,cm848_,,cm848_initPgn65260VehicleIdHandler
cm848,0x00026e90,j1939SendSafetyStatusMessage,unknown,cm848_,,cm848_j1939SendSafetyStatusMessage
cm848,0x00026f7c,emptyStubFunction5,unknown,cm848_,,cm848_emptyStubFunction5
cm848,0x00026f80,j1939FormatDm1Message,unknown,cm848_,,cm848_j1939FormatDm1Message
cm848,0x00026fb8,updateGovernorTorqueLimit,unknown,cm848_,,cm848_updateGovernorTorqueLimit
cm848,0x00027118,resetGovernorState,unknown,cm848_,,cm848_resetGovernorState
cm848,0x0002715c,processGovernorModeTransition,unknown,cm848_,,cm848_processGovernorModeTransition
cm848,0x00027174,selectTorqueLimitByStateMachine,unknown,cm848_,,cm848_selectTorqueLimitByStateMachine
cm848,0x00027bc4,governorDroopCalculation,unknown,cm848_,,cm848_governorDroopCalculation
cm848,0x00027cc4,governorSpeedControl,unknown,cm848_,,cm848_governorSpeedControl
cm848,0x00027d38,processSpeedSensorCompensation,unknown,cm848_,,cm848_processSpeedSensorCompensation
cm848,0x00027e4c,updateSpeedProtectionLimits,unknown,cm848_,,cm848_updateSpeedProtectionLimits
cm848,0x00027ff8,processSpeedGovernorControl,unknown,cm848_,,cm848_processSpeedGovernorControl
cm848,0x000285e4,resetSpeedControlTracking,unknown,cm848_,,cm848_resetSpeedControlTracking
cm848,0x00028618,initSpeedProtectionParameters,unknown,cm848_,,cm848_initSpeedProtectionParameters
cm848,0x00028670,processGovernorLoadCondition,unknown,cm848_,,cm848_processGovernorLoadCondition
cm848,0x00028994,clearGovernorTimerCounters,unknown,cm848_,,cm848_clearGovernorTimerCounters
cm848,0x000289ac,resetGovernorLoadState,unknown,cm848_,,cm848_resetGovernorLoadState
cm848,0x000289d0,selectGovernorSetpointSource,unknown,cm848_,,cm848_selectGovernorSetpointSource
cm848,0x00028a14,updateGovernorSetpointParameters,unknown,cm848_,,cm848_updateGovernorSetpointParameters
cm848,0x00028abc,initGovernorTimerCountersWrapper,unknown,cm848_,,cm848_initGovernorTimerCountersWrapper
cm848,0x00028adc,initGovernorLoadStateWrapper,unknown,cm848_,,cm848_initGovernorLoadStateWrapper
cm848,0x00028b38,getGovernorOverrideSource,unknown,cm848_,,cm848_getGovernorOverrideSource
cm848,0x00028b8c,clearGovernorFilterAccumulators,unknown,cm848_,,cm848_clearGovernorFilterAccumulators
cm848,0x00028ba4,calculateSpeedRateLimiting,unknown,cm848_,,cm848_calculateSpeedRateLimiting
cm848,0x00028d30,setGovernorFilterPointer,unknown,cm848_,,cm848_setGovernorFilterPointer
cm848,0x00028d44,updateSpeedLimitFromCoolant,unknown,cm848_,,cm848_updateSpeedLimitFromCoolant
cm848,0x0002906c,calculateProtectionSpeedLimits,unknown,cm848_,,cm848_calculateProtectionSpeedLimits
cm848,0x000298a0,applySpeedLimitConstraints,unknown,cm848_,,cm848_applySpeedLimitConstraints
cm848,0x00029afc,updateGovernorSpeedLimits,unknown,cm848_,,cm848_updateGovernorSpeedLimits
cm848,0x00029b38,calculateGovernorCompensation,unknown,cm848_,,cm848_calculateGovernorCompensation
cm848,0x00029bf8,initGovernorStateVariables,unknown,cm848_,,cm848_initGovernorStateVariables
cm848,0x00029c80,initGovernorLookupDimensions,unknown,cm848_,,cm848_initGovernorLookupDimensions
cm848,0x00029c98,calculateFuelDemandFilter,unknown,cm848_,,cm848_calculateFuelDemandFilter
cm848,0x00029de0,initFuelDemandFilterDimensions,unknown,cm848_,,cm848_initFuelDemandFilterDimensions
cm848,0x00029e24,initProtectionFilterAccumulators,unknown,cm848_,,cm848_initProtectionFilterAccumulators
cm848,0x00029e50,processEngineConfigSpeedControl,unknown,cm848_,,cm848_processEngineConfigSpeedControl
cm848,0x00029f3c,absoluteValue16,unknown,cm848_,,cm848_absoluteValue16
cm848,0x00029f54,checkSensorDeviationFlags,unknown,cm848_,,cm848_checkSensorDeviationFlags
cm848,0x0002a214,processSensorDeviationOnKeyoff,unknown,cm848_,,cm848_processSensorDeviationOnKeyoff
cm848,0x0002a2b4,resetSensorDeviationTracking,unknown,cm848_,,cm848_resetSensorDeviationTracking
cm848,0x0002a2d0,calculateProtectionRpmFilter,unknown,cm848_,,cm848_calculateProtectionRpmFilter
cm848,0x0002a4b0,calculateProtectionLoadCompensation,unknown,cm848_,,cm848_calculateProtectionLoadCompensation
cm848,0x0002a918,checkProtectionParamLimit,unknown,cm848_,,cm848_checkProtectionParamLimit
cm848,0x0002ab2c,processProtectionParamDelta,unknown,cm848_,,cm848_processProtectionParamDelta
cm848,0x0002abc8,initProtectionFilterState,unknown,cm848_,,cm848_initProtectionFilterState
cm848,0x0002ac44,smoothProtectionParamTransition,unknown,cm848_,,cm848_smoothProtectionParamTransition
cm848,0x0002ad28,setProtectionParamFromRpm,unknown,cm848_,,cm848_setProtectionParamFromRpm
cm848,0x0002ad48,initProtectionSmoothingPointer,unknown,cm848_,,cm848_initProtectionSmoothingPointer
cm848,0x0002ad68,evaluateProtectionCondition,unknown,cm848_,,cm848_evaluateProtectionCondition
cm848,0x0002afd0,processProtectionControlStateMachine,unknown,cm848_,,cm848_processProtectionControlStateMachine
cm848,0x0002ba7c,updateProtectionPreviousParam,unknown,cm848_,,cm848_updateProtectionPreviousParam
cm848,0x0002bb24,initProtectionEvalState,unknown,cm848_,,cm848_initProtectionEvalState
cm848,0x0002bbe8,updateGovernorFromProtection,unknown,cm848_,,cm848_updateGovernorFromProtection
cm848,0x0002bd38,resetProtectionBypass,unknown,cm848_,,cm848_resetProtectionBypass
cm848,0x0002bd58,j1939HandlePgn65264Pto,unknown,cm848_,,cm848_j1939HandlePgn65264Pto
cm848,0x0002bf44,updateFaultOnKeyoff,unknown,cm848_,,cm848_updateFaultOnKeyoff
cm848,0x0002bf6c,calculateRpmLimitsFromProtection,unknown,cm848_,,cm848_calculateRpmLimitsFromProtection
cm848,0x0002c0fc,emptyStubFunction6,unknown,cm848_,,cm848_emptyStubFunction6
cm848,0x0002c100,initProtectionLimitVariables,unknown,cm848_,,cm848_initProtectionLimitVariables
cm848,0x0002c114,updateTorqueLimitFromProtection,unknown,cm848_,,cm848_updateTorqueLimitFromProtection
cm848,0x0002c14c,updateTorqueLimitFromThreshold,unknown,cm848_,,cm848_updateTorqueLimitFromThreshold
cm848,0x0002c180,trackFuelDemandThreshold,unknown,cm848_,,cm848_trackFuelDemandThreshold
cm848,0x0002c23c,processProtectionLimitActivation,unknown,cm848_,,cm848_processProtectionLimitActivation
cm848,0x0002c318,checkSafetyConditionsForProtection,unknown,cm848_,,cm848_checkSafetyConditionsForProtection
cm848,0x0002c3c8,processProtectionControlLogic,unknown,cm848_,,cm848_processProtectionControlLogic
cm848,0x0002c4fc,updateRpmProtectionLimits,unknown,cm848_,,cm848_updateRpmProtectionLimits
cm848,0x0002c6c4,updateProtectionEntryConditions,unknown,cm848_,,cm848_updateProtectionEntryConditions
cm848,0x0002c764,processProtectionEntry,unknown,cm848_,,cm848_processProtectionEntry
cm848,0x0002c9bc,initFuelControlModeVariables,mpc555,mpc555_,ram003f,mpc555_initFuelControlModeVariables
cm848,0x0002ca14,calculateSpeedControlLimit,unknown,cm848_,,cm848_calculateSpeedControlLimit
cm848,0x0002caa0,checkSpeedZeroCondition,unknown,cm848_,,cm848_checkSpeedZeroCondition
cm848,0x0002cb54,selectFuelControlMode,unknown,cm848_,,cm848_selectFuelControlMode
cm848,0x0002cbe8,calculateSpeedControlRampUp,unknown,cm848_,,cm848_calculateSpeedControlRampUp
cm848,0x0002cc90,calculateSpeedControlRampDown,unknown,cm848_,,cm848_calculateSpeedControlRampDown
cm848,0x0002cd38,updateSpeedControlOutputs,unknown,cm848_,,cm848_updateSpeedControlOutputs
cm848,0x0002cdb4,selectSpeedControlGains,unknown,cm848_,,cm848_selectSpeedControlGains
cm848,0x0002ce8c,processSpeedControlModeLogic,unknown,cm848_,,cm848_processSpeedControlModeLogic
cm848,0x0002cebc,calculateSpeedControlFiltered,unknown,cm848_,,cm848_calculateSpeedControlFiltered
cm848,0x0002d208,selectFuelControlModeOutput,unknown,cm848_,,cm848_selectFuelControlModeOutput
cm848,0x0002d2f8,calculateFuelControlLimits,unknown,cm848_,,cm848_calculateFuelControlLimits
cm848,0x0002d428,processFuelControlProtectionFlags,unknown,cm848_,,cm848_processFuelControlProtectionFlags
cm848,0x0002d5d8,processFuelControlOutput,unknown,cm848_,,cm848_processFuelControlOutput
cm848,0x0002d600,initProtectionModeDefaults,unknown,cm848_,,cm848_initProtectionModeDefaults
cm848,0x0002d638,initFuelControlStateVariables,unknown,cm848_,,cm848_initFuelControlStateVariables
cm848,0x0002d7a4,updateSpeedControlCounter1,unknown,cm848_,,cm848_updateSpeedControlCounter1
cm848,0x0002d88c,processSpeedControlFilter1,unknown,cm848_,,cm848_processSpeedControlFilter1
cm848,0x0002d9f4,updateSpeedControlCounter2,unknown,cm848_,,cm848_updateSpeedControlCounter2
cm848,0x0002dadc,processSpeedControlFilter2,unknown,cm848_,,cm848_processSpeedControlFilter2
cm848,0x0002dc40,initProtectionControlState,unknown,cm848_,,cm848_initProtectionControlState
cm848,0x0002e02c,clearDiagnosticConditionFlags,unknown,cm848_,,cm848_clearDiagnosticConditionFlags
cm848,0x0002e17c,processFaultCounterTimeout,unknown,cm848_,,cm848_processFaultCounterTimeout
cm848,0x0002e1f0,incrementFaultTimeoutCounter,unknown,cm848_,,cm848_incrementFaultTimeoutCounter
cm848,0x0002e250,processFaultConditionLogic,unknown,cm848_,,cm848_processFaultConditionLogic
cm848,0x0002e488,calculateFaultThresholdDelta,unknown,cm848_,,cm848_calculateFaultThresholdDelta
cm848,0x0002e4cc,processFaultThresholdCondition,unknown,cm848_,,cm848_processFaultThresholdCondition
cm848,0x0002e74c,processFaultConditionFlags,unknown,cm848_,,cm848_processFaultConditionFlags
cm848,0x0002e9c8,clearFaultStatusCounters,unknown,cm848_,,cm848_clearFaultStatusCounters
cm848,0x0002ea58,processFaultStatusCalculation,unknown,cm848_,,cm848_processFaultStatusCalculation
cm848,0x0002ed30,clearFaultStatusValues,unknown,cm848_,,cm848_clearFaultStatusValues
cm848,0x0002edc0,processFaultCondition1,unknown,cm848_,,cm848_processFaultCondition1
cm848,0x0002ef34,calculateFaultStatusValue,unknown,cm848_,,cm848_calculateFaultStatusValue
cm848,0x0002efe4,processFaultConditionMain,unknown,cm848_,,cm848_processFaultConditionMain
cm848,0x0002f154,processFaultCondition2,unknown,cm848_,,cm848_processFaultCondition2
cm848,0x0002f2c8,calculateFaultStatusOffset,unknown,cm848_,,cm848_calculateFaultStatusOffset
cm848,0x0002f3a0,processFaultStatusWord2,unknown,cm848_,,cm848_processFaultStatusWord2
cm848,0x0002f524,calculateFaultRateValue,unknown,cm848_,,cm848_calculateFaultRateValue
cm848,0x0002f5a4,processFaultStatusMain,unknown,cm848_,,cm848_processFaultStatusMain
cm848,0x0002f604,calculateDiagnosticStatusBits,unknown,cm848_,,cm848_calculateDiagnosticStatusBits
cm848,0x0002f6a0,processFaultStatusFlags,unknown,cm848_,,cm848_processFaultStatusFlags
cm848,0x0002f784,initFaultStatusFilterState,unknown,cm848_,,cm848_initFaultStatusFilterState
cm848,0x0002f860,protectionNormalHandler,unknown,cm848_,,cm848_protectionNormalHandler
cm848,0x0002f920,protectionOverloadHandler,unknown,cm848_,,cm848_protectionOverloadHandler
cm848,0x0002fe48,protectionCleanupHandler,unknown,cm848_,,cm848_protectionCleanupHandler
cm848,0x0003004c,protectionShutdownHandler,unknown,cm848_,,cm848_protectionShutdownHandler
cm848,0x00030194,protectionOutputController,unknown,cm848_,,cm848_protectionOutputController
cm848,0x00030ad4,protectionFinalizeState,unknown,cm848_,,cm848_protectionFinalizeState
cm848,0x00031320,protectionFuelDemandCheck,unknown,cm848_,,cm848_protectionFuelDemandCheck
cm848,0x0003148c,protectionTimeoutHandler,unknown,cm848_,,cm848_protectionTimeoutHandler
cm848,0x00031584,protectionWarmupHandler,unknown,cm848_,,cm848_protectionWarmupHandler
cm848,0x000316cc,protectionStatusFlagHandler,unknown,cm848_,,cm848_protectionStatusFlagHandler
cm848,0x00031d98,protectionStateTransitionCheck,unknown,cm848_,,cm848_protectionStateTransitionCheck
cm848,0x000320e0,protectionScaledLimitCalculation,unknown,cm848_,,cm848_protectionScaledLimitCalculation
cm848,0x00032250,protectionRateOfChangeCalculation,unknown,cm848_,,cm848_protectionRateOfChangeCalculation
cm848,0x0003241c,calculateProtectionFuelDemandThreshold,unknown,cm848_,,cm848_calculateProtectionFuelDemandThreshold
cm848,0x0003257c,processProtectionStateFlags,unknown,cm848_,,cm848_processProtectionStateFlags
cm848,0x00032b00,protectionThresholdMonitor,unknown,cm848_,,cm848_protectionThresholdMonitor
cm848,0x00032efc,protectionStateMachine,unknown,cm848_,,cm848_protectionStateMachine
cm848,0x000331cc,initProtectionFilterVariables,mpc555,mpc555_,ram003f,mpc555_initProtectionFilterVariables
cm848,0x00033488,evaluateProtectionModeFlags,unknown,cm848_,,cm848_evaluateProtectionModeFlags
cm848,0x000335e4,decrementProtectionTimers,unknown,cm848_,,cm848_decrementProtectionTimers
cm848,0x00033948,calculateProtectionConditions,unknown,cm848_,,cm848_calculateProtectionConditions
cm848,0x0003491c,filterProtectionLoadValue,unknown,cm848_,,cm848_filterProtectionLoadValue
cm848,0x00034a30,evaluateProtectionFaultCondition,unknown,cm848_,,cm848_evaluateProtectionFaultCondition
cm848,0x00034abc,processCalibrationTablesMain,unknown,cm848_,,cm848_processCalibrationTablesMain
cm848,0x00034b14,initProtectionSystem,unknown,cm848_,,cm848_initProtectionSystem
cm848,0x00034dd4,processProtectionFaultSeverity,unknown,cm848_,,cm848_processProtectionFaultSeverity
cm848,0x00034f4c,processProtectionRateLimitFlags,unknown,cm848_,,cm848_processProtectionRateLimitFlags
cm848,0x00035154,calculateProtectionThresholdLimit,unknown,cm848_,,cm848_calculateProtectionThresholdLimit
cm848,0x00035328,processProtectionStateMachine,unknown,cm848_,,cm848_processProtectionStateMachine
cm848,0x00035370,updateSensorBufferValues,unknown,cm848_,,cm848_updateSensorBufferValues
cm848,0x00035518,copySensorValuesToBuffer,unknown,cm848_,,cm848_copySensorValuesToBuffer
cm848,0x00035558,processSensorLookupTable5,unknown,cm848_,,cm848_processSensorLookupTable5
cm848,0x000355e4,initSensorLookupTable5,unknown,cm848_,,cm848_initSensorLookupTable5
cm848,0x00035670,calculateSensorLookupValue,unknown,cm848_,,cm848_calculateSensorLookupValue
cm848,0x000356fc,updateSensorLookupTable,unknown,cm848_,,cm848_updateSensorLookupTable
cm848,0x00035788,processSensorLookupTable4,unknown,cm848_,,cm848_processSensorLookupTable4
cm848,0x00035814,initSensorLookupTable4,unknown,cm848_,,cm848_initSensorLookupTable4
cm848,0x000358a0,processSensorLookupTable3,unknown,cm848_,,cm848_processSensorLookupTable3
cm848,0x0003592c,initSensorLookupTable3,unknown,cm848_,,cm848_initSensorLookupTable3
cm848,0x000359b8,processSensorLookupTable2,unknown,cm848_,,cm848_processSensorLookupTable2
cm848,0x00035a44,initSensorLookupTable2,unknown,cm848_,,cm848_initSensorLookupTable2
cm848,0x00035ad0,processSensorLookupTable0,unknown,cm848_,,cm848_processSensorLookupTable0
cm848,0x00035b5c,initSensorLookupTable1,unknown,cm848_,,cm848_initSensorLookupTable1
cm848,0x00035be8,processSensorLookupTable1,unknown,cm848_,,cm848_processSensorLookupTable1
cm848,0x00035c74,initSensorLookupTableInit1,unknown,cm848_,,cm848_initSensorLookupTableInit1
cm848,0x00035d00,processSensorTemperatureData,unknown,cm848_,,cm848_processSensorTemperatureData
cm848,0x00035d48,computeTemperatureDifferential,unknown,cm848_,,cm848_computeTemperatureDifferential
cm848,0x00035d70,enableSensorFilterUpdate,unknown,cm848_,,cm848_enableSensorFilterUpdate
cm848,0x00035d80,processSensorFilterCalibration,unknown,cm848_,,cm848_processSensorFilterCalibration
cm848,0x00035f14,initSensorCalibrationTables,mpc555,mpc555_,ram003f,mpc555_initSensorCalibrationTables
cm848,0x00035fa8,processFaultScanLookup,unknown,cm848_,,cm848_processFaultScanLookup
cm848,0x00036220,processMultiAxisInterpolation,unknown,cm848_,,cm848_processMultiAxisInterpolation
cm848,0x000367a4,j1939QueueEngineStatus,unknown,cm848_,,cm848_j1939QueueEngineStatus
cm848,0x0003682c,j1939SetupTransportSession,unknown,cm848_,,cm848_j1939SetupTransportSession
cm848,0x0003686c,j1939QueuePeriodicMessage2,unknown,cm848_,,cm848_j1939QueuePeriodicMessage2
cm848,0x0003691c,j1939CheckTxTimeouts,unknown,cm848_,,cm848_j1939CheckTxTimeouts
cm848,0x000369cc,j1939UpdateTxTimers,unknown,cm848_,,cm848_j1939UpdateTxTimers
cm848,0x00036b10,updateJ1939TxTimerCounter,unknown,cm848_,,cm848_updateJ1939TxTimerCounter
cm848,0x00036b68,j1939QueueStatusMessage,unknown,cm848_,,cm848_j1939QueueStatusMessage
cm848,0x00036bd8,j1939QueuePeriodicMessage1,unknown,cm848_,,cm848_j1939QueuePeriodicMessage1
cm848,0x00036c1c,j1939FormatProprietaryStatus,unknown,cm848_,,cm848_j1939FormatProprietaryStatus
cm848,0x00036cec,processJ1939PeriodicMessages,unknown,cm848_,,cm848_processJ1939PeriodicMessages
cm848,0x00036de0,initJ1939TimerBuffers,unknown,cm848_,,cm848_initJ1939TimerBuffers
cm848,0x00036f48,initJ1939StatusMessages,unknown,cm848_,,cm848_initJ1939StatusMessages
cm848,0x00037130,initPeriodicTimerChannel6,unknown,cm848_,,cm848_initPeriodicTimerChannel6
cm848,0x00037180,initPeriodicTimerChannel5,unknown,cm848_,,cm848_initPeriodicTimerChannel5
cm848,0x000371d0,initPeriodicTimerChannel4,unknown,cm848_,,cm848_initPeriodicTimerChannel4
cm848,0x00037214,initPeriodicTimerChannel1,unknown,cm848_,,cm848_initPeriodicTimerChannel1
cm848,0x00037270,initPeriodicTimerChannel2,unknown,cm848_,,cm848_initPeriodicTimerChannel2
cm848,0x000372c0,initPeriodicTimerChannel3,unknown,cm848_,,cm848_initPeriodicTimerChannel3
cm848,0x00037334,initPeriodicTimerSystem,unknown,cm848_,,cm848_initPeriodicTimerSystem
cm848,0x000373b0,calculateFuelDemandOffsetTrim,unknown,cm848_,,cm848_calculateFuelDemandOffsetTrim
cm848,0x0003744c,initFuelDemandOffsetFilter,mpc555,mpc555_,ram003f,mpc555_initFuelDemandOffsetFilter
cm848,0x00037464,j1939PeriodicTimerCallback,unknown,cm848_,,cm848_j1939PeriodicTimerCallback
cm848,0x000374b8,initJ1939PeriodicConfig,unknown,cm848_,,cm848_initJ1939PeriodicConfig
cm848,0x00037580,j1939SendPeriodicMessage,unknown,cm848_,,cm848_j1939SendPeriodicMessage
cm848,0x000375c8,processProtectionCoolantLookup,unknown,cm848_,,cm848_processProtectionCoolantLookup
cm848,0x00037658,processProtectionVoltageOffset,unknown,cm848_,,cm848_processProtectionVoltageOffset
cm848,0x000376dc,dispatchProtectionOutputMode,unknown,cm848_,,cm848_dispatchProtectionOutputMode
cm848,0x00037744,filterProtectionOutput,unknown,cm848_,,cm848_filterProtectionOutput
cm848,0x00037a40,calculateProtectionOutputDemand,unknown,cm848_,,cm848_calculateProtectionOutputDemand
cm848,0x00037c74,applyProtectionOutputDemand,unknown,cm848_,,cm848_applyProtectionOutputDemand
cm848,0x00037f28,checkProtectionOutputConditions,unknown,cm848_,,cm848_checkProtectionOutputConditions
cm848,0x00038120,processProtectionMode2,unknown,cm848_,,cm848_processProtectionMode2
cm848,0x000384d0,initProtectionFilterValues,unknown,cm848_,,cm848_initProtectionFilterValues
cm848,0x0003866c,processEngineRpmTarget,unknown,cm848_,,cm848_processEngineRpmTarget
cm848,0x00038760,processEngineRpmDerivative,unknown,cm848_,,cm848_processEngineRpmDerivative
cm848,0x00038824,initEngineRpmFilterPointers,unknown,cm848_,,cm848_initEngineRpmFilterPointers
cm848,0x00038868,setEngineRpmFromCalibration,unknown,cm848_,,cm848_setEngineRpmFromCalibration
cm848,0x0003889c,processSafetyConditionProtection,unknown,cm848_,,cm848_processSafetyConditionProtection
cm848,0x00038a98,initProtectionFilterLimits,unknown,cm848_,,cm848_initProtectionFilterLimits
cm848,0x00038ac8,processJ1939DiagnosticMessages,unknown,cm848_,,cm848_processJ1939DiagnosticMessages
cm848,0x00038c90,triggerJ1939TransmitMessage,mpc555,mpc555_,usiu_,mpc555_triggerJ1939TransmitMessage
cm848,0x00038cf0,j1939ProcessPeriodicTx,unknown,cm848_,,cm848_j1939ProcessPeriodicTx
cm848,0x00039004,processCalibrationChecksumResponse,unknown,cm848_,,cm848_processCalibrationChecksumResponse
cm848,0x00039bc0,handleJ1939MessageTimeout,unknown,cm848_,,cm848_handleJ1939MessageTimeout
cm848,0x00039c44,processUdsTransmitBuffer,unknown,cm848_,,cm848_processUdsTransmitBuffer
cm848,0x00039d18,processCanMessageIndex,unknown,cm848_,,cm848_processCanMessageIndex
cm848,0x00039e30,j1939TransmitDiagnosticResponse,unknown,cm848_,,cm848_j1939TransmitDiagnosticResponse
cm848,0x00039f54,j1939MessageResponseCallback,unknown,cm848_,,cm848_j1939MessageResponseCallback
cm848,0x0003a058,clearCanMessageState,unknown,cm848_,,cm848_clearCanMessageState
cm848,0x0003a080,resetUdsSessionState,unknown,cm848_,,cm848_resetUdsSessionState
cm848,0x0003a0cc,clearJ1939SyncFlags,unknown,cm848_,,cm848_clearJ1939SyncFlags
cm848,0x0003a100,initUdsResponseBuffer,hpcr,hpcr_,cbd_,hpcr_initUdsResponseBuffer
cm848,0x0003a290,processJ1939DM1Pending,unknown,cm848_,,cm848_processJ1939DM1Pending
cm848,0x0003a450,initJ1939MessageTables,hpcr,hpcr_,cbd_,hpcr_initJ1939MessageTables
cm848,0x0003a9a4,initJ1939BufferValues,hpcr,hpcr_,cbd_,hpcr_initJ1939BufferValues
cm848,0x0003aaf0,initJ1939BufferParams,unknown,cm848_,,cm848_initJ1939BufferParams
cm848,0x0003ab20,clearCanMessageBuffers,unknown,cm848_,,cm848_clearCanMessageBuffers
cm848,0x0003abc4,initJ1939TransmitSchedule,mpc555,mpc555_,ram002f,mpc555_initJ1939TransmitSchedule
cm848,0x0003ad04,initJ1939CommunicationSystem,unknown,cm848_,,cm848_initJ1939CommunicationSystem
cm848,0x0003ad80,j1939TransmitScheduleCallback,unknown,cm848_,,cm848_j1939TransmitScheduleCallback
cm848,0x0003adcc,processJ1939ReceivedMessages,unknown,cm848_,,cm848_processJ1939ReceivedMessages
cm848,0x0003afb8,calculateSecurityChecksum,unknown,cm848_,,cm848_calculateSecurityChecksum
cm848,0x0003afc8,validateDataWithChecksumTable,unknown,cm848_,,cm848_validateDataWithChecksumTable
cm848,0x0003b030,processUdsSecurityService,unknown,cm848_,,cm848_processUdsSecurityService
cm848,0x0003b910,processProtectionCounters,unknown,cm848_,,cm848_processProtectionCounters
cm848,0x0003b95c,decrementProtectionChannelValue,unknown,cm848_,,cm848_decrementProtectionChannelValue
cm848,0x0003bb28,selectProtectionOverrideMode,unknown,cm848_,,cm848_selectProtectionOverrideMode
cm848,0x0003bb74,indirectJumpDispatcher,unknown,cm848_,,cm848_indirectJumpDispatcher
cm848,0x0003bd14,validateCalibrationAgainstEeprom,unknown,cm848_,,cm848_validateCalibrationAgainstEeprom
cm848,0x0003bd5c,validateCalibratedParameterDelta,unknown,cm848_,,cm848_validateCalibratedParameterDelta
cm848,0x0003bd60,validateCalibratedParameterChange,unknown,cm848_,,cm848_validateCalibratedParameterChange
cm848,0x0003be7c,thunk_setByteAtOffset1,unknown,cm848_,,cm848_thunk_setByteAtOffset1
cm848,0x0003be88,setByteAtOffset1,unknown,cm848_,,cm848_setByteAtOffset1
cm848,0x0003be90,processProtectionFaultFlags,unknown,cm848_,,cm848_processProtectionFaultFlags
cm848,0x0003bedc,initProtectionChannelState,unknown,cm848_,,cm848_initProtectionChannelState
cm848,0x0003c064,processProtectionChannelConfig,unknown,cm848_,,cm848_processProtectionChannelConfig
cm848,0x0003c090,evaluateProtectionChannelInput,unknown,cm848_,,cm848_evaluateProtectionChannelInput
cm848,0x0003c18c,selectProtectionChannelMode,unknown,cm848_,,cm848_selectProtectionChannelMode
cm848,0x0003c1d4,updateProtectionChannelOutput,unknown,cm848_,,cm848_updateProtectionChannelOutput
cm848,0x0003c1d8,finalizeProtectionChannelState,unknown,cm848_,,cm848_finalizeProtectionChannelState
cm848,0x0003c26c,processEngineRpmMonitoring,unknown,cm848_,,cm848_processEngineRpmMonitoring
cm848,0x0003c33c,configureOutputChannelFlags,unknown,cm848_,,cm848_configureOutputChannelFlags
cm848,0x0003c5f0,processProtectionStateChange,unknown,cm848_,,cm848_processProtectionStateChange
cm848,0x0003c62c,updateProtectionModeState,unknown,cm848_,,cm848_updateProtectionModeState
cm848,0x0003c6b0,processProtectionTimingCounter,unknown,cm848_,,cm848_processProtectionTimingCounter
cm848,0x0003c6ec,evaluateProtectionTimerThreshold,unknown,cm848_,,cm848_evaluateProtectionTimerThreshold
cm848,0x0003c8bc,checkProtectionVoltageInput,unknown,cm848_,,cm848_checkProtectionVoltageInput
cm848,0x0003c8ec,validateBatteryVoltageInput,hpcr,hpcr_,fuel_rail+cbd_,hpcr_validateBatteryVoltageInput
cm848,0x0003c928,processVoltageProtectionState,hpcr,hpcr_,fuel_rail,hpcr_processVoltageProtectionState
cm848,0x0003ca90,initFuelDemandFilterPointers,mpc555,mpc555_,ram003f,mpc555_initFuelDemandFilterPointers
cm848,0x0003caec,evaluateVoltageThresholds,unknown,cm848_,,cm848_evaluateVoltageThresholds
cm848,0x0003cbd4,calculateProtectionUnitConversion,unknown,cm848_,,cm848_calculateProtectionUnitConversion
cm848,0x0003cc10,storePressureConversionResult,unknown,cm848_,,cm848_storePressureConversionResult
cm848,0x0003ccb4,calculateFuelDemandLimit,unknown,cm848_,,cm848_calculateFuelDemandLimit
cm848,0x0003ccd4,calculateFuelDemandLimitState,unknown,cm848_,,cm848_calculateFuelDemandLimitState
cm848,0x0003cefc,trackFuelDemandMinimum,unknown,cm848_,,cm848_trackFuelDemandMinimum
cm848,0x0003cf40,initFuelDemandTrackingState,mpc555,mpc555_,ram003f,mpc555_initFuelDemandTrackingState
cm848,0x0003cf68,processFaultPendingFlags,unknown,cm848_,,cm848_processFaultPendingFlags
cm848,0x0003d070,processOperatingModeFlags,unknown,cm848_,,cm848_processOperatingModeFlags
cm848,0x0003d204,processFuelDemandEnableFlag,unknown,cm848_,,cm848_processFuelDemandEnableFlag
cm848,0x0003d3b8,processCalibration12FuelDemand,unknown,cm848_,,cm848_processCalibration12FuelDemand
cm848,0x0003d5fc,initFuelDemandLimits,unknown,cm848_,,cm848_initFuelDemandLimits
cm848,0x0003d618,j1939InitTransmitBuffer,mpc555,mpc555_,ram0030,mpc555_j1939InitTransmitBuffer
cm848,0x0003d68c,configurePeriodicTimer,unknown,cm848_,,cm848_configurePeriodicTimer
cm848,0x0003d904,j1939ConfigureMultiFrame,mpc555,mpc555_,ram0030,mpc555_j1939ConfigureMultiFrame
cm848,0x0003da60,j1939QueueTransmitMessage,unknown,cm848_,,cm848_j1939QueueTransmitMessage
cm848,0x0003dbc0,j1939ProcessTransmitQueue,unknown,cm848_,,cm848_j1939ProcessTransmitQueue
cm848,0x0003dcf4,triggerJ1939TransmitQueueProcess,unknown,cm848_,,cm848_triggerJ1939TransmitQueueProcess
cm848,0x0003dd28,initQsmcmQspiModule,mpc555,mpc555_,ram0030+ram002f,mpc555_initQsmcmQspiModule
cm848,0x0003dd88,clearEngineConditionCounter,unknown,cm848_,,cm848_clearEngineConditionCounter
cm848,0x0003dd98,processEngineConditionFlags,unknown,cm848_,,cm848_processEngineConditionFlags
cm848,0x0003dfb8,calculateFuelDemandValue,unknown,cm848_,,cm848_calculateFuelDemandValue
cm848,0x0003e210,setFuelDemandActiveFlag,unknown,cm848_,,cm848_setFuelDemandActiveFlag
cm848,0x0003e230,initFuelDemandFilterState,unknown,cm848_,,cm848_initFuelDemandFilterState
cm848,0x0003e2bc,processTorqueLimitConfig,unknown,cm848_,,cm848_processTorqueLimitConfig
cm848,0x0003e400,initTorqueLimitState,unknown,cm848_,,cm848_initTorqueLimitState
cm848,0x0003e42c,calculateTorqueCurveValue,unknown,cm848_,,cm848_calculateTorqueCurveValue
cm848,0x0003e520,initTorqueCurveState,unknown,cm848_,,cm848_initTorqueCurveState
cm848,0x0003e578,clearFuelDemandState,unknown,cm848_,,cm848_clearFuelDemandState
cm848,0x0003e5ac,dispatchFuelDemandCallback,unknown,cm848_,,cm848_dispatchFuelDemandCallback
cm848,0x0003e5f0,registerFuelDemandCallback,unknown,cm848_,,cm848_registerFuelDemandCallback
cm848,0x0003e620,processFuelDemandCallback,unknown,cm848_,,cm848_processFuelDemandCallback
cm848,0x0003e7c0,registerFuelDemandCallback2,unknown,cm848_,,cm848_registerFuelDemandCallback2
cm848,0x0003e7f0,processFuelDemandCallback2,unknown,cm848_,,cm848_processFuelDemandCallback2
cm848,0x0003e8d8,processFuelDemandTimeout,unknown,cm848_,,cm848_processFuelDemandTimeout
cm848,0x0003e914,transitionFuelDemandStateImmediate,unknown,cm848_,,cm848_transitionFuelDemandStateImmediate
cm848,0x0003e96c,processSensorInputFiltering,unknown,cm848_,,cm848_processSensorInputFiltering
cm848,0x0003e974,calculateTorqueLimitType1,unknown,cm848_,,cm848_calculateTorqueLimitType1
cm848,0x0003e984,calculateTorqueLimits,unknown,cm848_,,cm848_calculateTorqueLimits
cm848,0x0003e994,calculateTorqueLimitType2,unknown,cm848_,,cm848_calculateTorqueLimitType2
cm848,0x0003eca4,initThermalProtectionFilters,mpc555,mpc555_,ram003f,mpc555_initThermalProtectionFilters
cm848,0x0003eccc,setThermalProtectionMode5,unknown,cm848_,,cm848_setThermalProtectionMode5
cm848,0x0003ecdc,evaluateThermalProtectionActive,unknown,cm848_,,cm848_evaluateThermalProtectionActive
cm848,0x0003eea8,calculateThermalLimitValue,unknown,cm848_,,cm848_calculateThermalLimitValue
cm848,0x0003f054,processThermalDelayTimer,unknown,cm848_,,cm848_processThermalDelayTimer
cm848,0x0003f0b8,processThermalRecovery,unknown,cm848_,,cm848_processThermalRecovery
cm848,0x0003f154,processThermalProtectionState,unknown,cm848_,,cm848_processThermalProtectionState
cm848,0x0003f218,calculateThermalFuelLimit,unknown,cm848_,,cm848_calculateThermalFuelLimit
cm848,0x0003f2b0,processThermalProtection,unknown,cm848_,,cm848_processThermalProtection
cm848,0x0003f35c,applyThermalFuelLimit,unknown,cm848_,,cm848_applyThermalFuelLimit
cm848,0x0003f38c,initThermalProtectionState,unknown,cm848_,,cm848_initThermalProtectionState
cm848,0x0003f3f0,processEngineLoadData,unknown,cm848_,,cm848_processEngineLoadData
cm848,0x0003f6fc,resetEngineLoadTracker,unknown,cm848_,,cm848_resetEngineLoadTracker
cm848,0x0003f734,processEngineLoadFilters,unknown,cm848_,,cm848_processEngineLoadFilters
cm848,0x0003f9c4,initEngineLoadFilterState,unknown,cm848_,,cm848_initEngineLoadFilterState
cm848,0x0003fa5c,calculateTimerFrequencyConversion,mpc555,mpc555_,ram0030,mpc555_calculateTimerFrequencyConversion
cm848,0x0003fad4,initTpuBConfiguration,mpc555,mpc555_,ram0030,mpc555_initTpuBConfiguration
cm848,0x0003fba4,initEngineLoadProtection,unknown,cm848_,,cm848_initEngineLoadProtection
cm848,0x0003fc24,processEngineLoadCalculation,unknown,cm848_,,cm848_processEngineLoadCalculation
cm848,0x000400b8,processFuelRateConfig,unknown,cm848_,,cm848_processFuelRateConfig
cm848,0x000402d4,dispatchCalibrationBlockHandlers,unknown,cm848_,,cm848_dispatchCalibrationBlockHandlers
cm848,0x000403e4,checkDiagnosticFuelOverride,unknown,cm848_,,cm848_checkDiagnosticFuelOverride
cm848,0x0004043c,processProtectionRampControl,unknown,cm848_,,cm848_processProtectionRampControl
cm848,0x00040828,initFuelFilterCoefficients,unknown,cm848_,,cm848_initFuelFilterCoefficients
cm848,0x00040844,calculateFuelRateFromRpm,unknown,cm848_,,cm848_calculateFuelRateFromRpm
cm848,0x0004091c,calculateProtectionFuelLimit,unknown,cm848_,,cm848_calculateProtectionFuelLimit
cm848,0x00040938,protectionFuelRateStep,unknown,cm848_,,cm848_protectionFuelRateStep
cm848,0x00040978,protectionFuelRateRamp,unknown,cm848_,,cm848_protectionFuelRateRamp
cm848,0x000409b0,processTimingTableLookup,unknown,cm848_,,cm848_processTimingTableLookup
cm848,0x00040d40,initFuelRateFromCapability,unknown,cm848_,,cm848_initFuelRateFromCapability
cm848,0x00040d74,validateFuelRateTarget,unknown,cm848_,,cm848_validateFuelRateTarget
cm848,0x00040dd4,copyProtectionRampValue,unknown,cm848_,,cm848_copyProtectionRampValue
cm848,0x00040de8,processTorqueLimitBounded,unknown,cm848_,,cm848_processTorqueLimitBounded
cm848,0x00040e4c,processGovernorFuelRate,unknown,cm848_,,cm848_processGovernorFuelRate
cm848,0x00040f80,processProtectionRampTimer,unknown,cm848_,,cm848_processProtectionRampTimer
cm848,0x000411b0,calculateProtectionLevelLimit,unknown,cm848_,,cm848_calculateProtectionLevelLimit
cm848,0x00041368,processProtectionSystemBit3,unknown,cm848_,,cm848_processProtectionSystemBit3
cm848,0x00041938,processProtectionSystemBit4,unknown,cm848_,,cm848_processProtectionSystemBit4
cm848,0x00041a10,applyMinimumProtectionLimit,unknown,cm848_,,cm848_applyMinimumProtectionLimit
cm848,0x00041a40,processGovernorErrorState,unknown,cm848_,,cm848_processGovernorErrorState
cm848,0x00041b24,processTemperatureCompensationMode,unknown,cm848_,,cm848_processTemperatureCompensationMode
cm848,0x00041be4,processTemperatureTrim,unknown,cm848_,,cm848_processTemperatureTrim
cm848,0x00041fd4,processFuelEfficiencyTrim,unknown,cm848_,,cm848_processFuelEfficiencyTrim
cm848,0x0004218c,processTimingDispatcher,unknown,cm848_,,cm848_processTimingDispatcher
cm848,0x000421c8,initProtectionEventStates,unknown,cm848_,,cm848_initProtectionEventStates
cm848,0x000422c0,processSpeedControlLimits,unknown,cm848_,,cm848_processSpeedControlLimits
cm848,0x00042438,initEngineSpeedTracking,unknown,cm848_,,cm848_initEngineSpeedTracking
cm848,0x00042488,processSystemStatusLimits,unknown,cm848_,,cm848_processSystemStatusLimits
cm848,0x0004256c,processGovernorSpeedSetpoint,unknown,cm848_,,cm848_processGovernorSpeedSetpoint
cm848,0x0004271c,enableProtectionRateLimit,unknown,cm848_,,cm848_enableProtectionRateLimit
cm848,0x0004272c,applyProtectionControlLimit,unknown,cm848_,,cm848_applyProtectionControlLimit
cm848,0x00042770,setProtectionControlValue,unknown,cm848_,,cm848_setProtectionControlValue
cm848,0x00042784,copyProtectionAccumulator,unknown,cm848_,,cm848_copyProtectionAccumulator
cm848,0x0004279c,applyProtectionTorqueLimit,unknown,cm848_,,cm848_applyProtectionTorqueLimit
cm848,0x000427cc,applySpeedControlProtectionLimit,unknown,cm848_,,cm848_applySpeedControlProtectionLimit
cm848,0x0004280c,processProtectionLimits,unknown,cm848_,,cm848_processProtectionLimits
cm848,0x0004285c,initProtectionTorqueLimit,unknown,cm848_,,cm848_initProtectionTorqueLimit
cm848,0x00042894,setEngineOperatingMode1,unknown,cm848_,,cm848_setEngineOperatingMode1
cm848,0x000428d4,setEngineOperatingMode5,unknown,cm848_,,cm848_setEngineOperatingMode5
cm848,0x00042918,resetEngineOperatingMode,unknown,cm848_,,cm848_resetEngineOperatingMode
cm848,0x00042978,dispatchModeHandlers,unknown,cm848_,,cm848_dispatchModeHandlers
cm848,0x000429a0,initProtectionParameter1,unknown,cm848_,,cm848_initProtectionParameter1
cm848,0x00042a2c,processProtectionParameter1,unknown,cm848_,,cm848_processProtectionParameter1
cm848,0x00042ab8,initProtectionParameter2,unknown,cm848_,,cm848_initProtectionParameter2
cm848,0x00042b44,processProtectionParameter2,unknown,cm848_,,cm848_processProtectionParameter2
cm848,0x00042bd0,hpcr_cbdFillAccelerationBuffers,hpcr,hpcr_,cbd_+hpcr,hpcr_cbdFillAccelerationBuffers
cm848,0x00042cfc,processLoadThrottle,hpcr,hpcr_,cbd_,hpcr_processLoadThrottle
cm848,0x00042d78,hpcr_cbdCalculateCylinderTrims,hpcr,hpcr_,cbd_+hpcr,hpcr_cbdCalculateCylinderTrims
cm848,0x00043a5c,hpcr_cbdInitFilterState,hpcr,hpcr_,cbd_+hpcr,hpcr_cbdInitFilterState
cm848,0x00043ac0,processTimingCalibration,hpcr,hpcr_,cbd_,hpcr_processTimingCalibration
cm848,0x00043d68,clearTimingCalibrationData,hpcr,hpcr_,cbd_,hpcr_clearTimingCalibrationData
cm848,0x00043ddc,resetEngineTimingAccumulators,mpc555,mpc555_,ram0030,mpc555_resetEngineTimingAccumulators
cm848,0x00044374,updateSensorDiagnosticFlags,mpc555,mpc555_,ram0030,mpc555_updateSensorDiagnosticFlags
cm848,0x00044aa4,setEngineRunState3,unknown,cm848_,,cm848_setEngineRunState3
cm848,0x00044ae0,evaluateProtectionThresholds,mpc555,mpc555_,ram0030,mpc555_evaluateProtectionThresholds
cm848,0x00044b54,initEngineCrankSequence,mpc555,mpc555_,ram0030,mpc555_initEngineCrankSequence
cm848,0x00044bf4,processProtectionConditions,mpc555,mpc555_,ram0030,mpc555_processProtectionConditions
cm848,0x00044cc8,setEngineCrankState1,unknown,cm848_,,cm848_setEngineCrankState1
cm848,0x00044d20,setEngineRunState1,unknown,cm848_,,cm848_setEngineRunState1
cm848,0x00044d70,engineRunState4Handler,unknown,cm848_,,cm848_engineRunState4Handler
cm848,0x00044dd0,engineRunState3Handler,unknown,cm848_,,cm848_engineRunState3Handler
cm848,0x00044e3c,engineRunState4Conditional,unknown,cm848_,,cm848_engineRunState4Conditional
cm848,0x00044eac,engineRunState4Handler2,unknown,cm848_,,cm848_engineRunState4Handler2
cm848,0x00044f0c,protectionOverrideEvaluator,unknown,cm848_,,cm848_protectionOverrideEvaluator
cm848,0x00044fa8,processEngineSyncPulses,hpcr,hpcr_,hpcr,hpcr_processEngineSyncPulses
cm848,0x00045478,updateEngineRunState,mpc555,mpc555_,ram0030,mpc555_updateEngineRunState
cm848,0x000457d0,updateEngineCrankState,mpc555,mpc555_,ram0030,mpc555_updateEngineCrankState
cm848,0x00045ecc,calculateFuelDemandWithConditions,unknown,cm848_,,cm848_calculateFuelDemandWithConditions
cm848,0x0004665c,initRpmSetpointFilters,unknown,cm848_,,cm848_initRpmSetpointFilters
cm848,0x000466a8,calculateGovernorOutput,unknown,cm848_,,cm848_calculateGovernorOutput
cm848,0x00046cf8,initFuelFilterStates,mpc555,mpc555_,ram003f,mpc555_initFuelFilterStates
cm848,0x00046dc8,updateEngineStatusWord,mpc555,mpc555_,ram0030,mpc555_updateEngineStatusWord
cm848,0x00046f64,clearTimingAccumulators,unknown,cm848_,,cm848_clearTimingAccumulators
cm848,0x00046f7c,calculateTimingWithTables,unknown,cm848_,,cm848_calculateTimingWithTables
cm848,0x00046fb4,interpolateFuelTableValue,unknown,cm848_,,cm848_interpolateFuelTableValue
cm848,0x00047140,calculateEngineTimingInterpolation,unknown,cm848_,,cm848_calculateEngineTimingInterpolation
cm848,0x00047178,processDualAxisLookup,unknown,cm848_,,cm848_processDualAxisLookup
cm848,0x00047394,calculateEngineFaultTiming,unknown,cm848_,,cm848_calculateEngineFaultTiming
cm848,0x000473cc,validateSyncCount,unknown,cm848_,,cm848_validateSyncCount
cm848,0x000476d4,checkEngineSyncPulse,unknown,cm848_,,cm848_checkEngineSyncPulse
cm848,0x00047784,clearTimingDataAndFilters,mpc555,mpc555_,ram003f,mpc555_clearTimingDataAndFilters
cm848,0x00047838,protectionRecoveryHandler,unknown,cm848_,,cm848_protectionRecoveryHandler
cm848,0x00047978,protectionModeSelector,unknown,cm848_,,cm848_protectionModeSelector
cm848,0x00047a88,protectionStateHandler,unknown,cm848_,,cm848_protectionStateHandler
cm848,0x00047bd0,calculateEngineTimingOffset,unknown,cm848_,,cm848_calculateEngineTimingOffset
cm848,0x00048fd8,advanceSyncPointer,unknown,cm848_,,cm848_advanceSyncPointer
cm848,0x00049004,resetEngineSyncState,unknown,cm848_,,cm848_resetEngineSyncState
cm848,0x0004922c,filterEngineSensorValue,unknown,cm848_,,cm848_filterEngineSensorValue
cm848,0x00049264,processEnginePositionDiagnostics,unknown,cm848_,,cm848_processEnginePositionDiagnostics
cm848,0x00049a54,updateEngineDiagnosticCounters,unknown,cm848_,,cm848_updateEngineDiagnosticCounters
cm848,0x00049df0,protectionInputValidator,unknown,cm848_,,cm848_protectionInputValidator
cm848,0x00049edc,protectionSensorFaultHandler,unknown,cm848_,,cm848_protectionSensorFaultHandler
cm848,0x0004a114,checkProtectionFaultConditions,unknown,cm848_,,cm848_checkProtectionFaultConditions
cm848,0x0004a258,initEngineDiagnosticData,unknown,cm848_,,cm848_initEngineDiagnosticData
cm848,0x0004a2f8,calculateTpuTimingPeriod,mpc555,mpc555_,ram0030,mpc555_calculateTpuTimingPeriod
cm848,0x0004a37c,initTpuTimingInterrupts,mpc555,mpc555_,ram0030,mpc555_initTpuTimingInterrupts
cm848,0x0004a490,processEnginePositionData,unknown,cm848_,,cm848_processEnginePositionData
cm848,0x0004a4c8,processCommunicationDiagnostic,unknown,cm848_,,cm848_processCommunicationDiagnostic
cm848,0x0004a748,updateEnginePositionErrors,unknown,cm848_,,cm848_updateEnginePositionErrors
cm848,0x0004a7ac,filterEnginePositionDelta,unknown,cm848_,,cm848_filterEnginePositionDelta
cm848,0x0004a858,initEnginePositionState,unknown,cm848_,,cm848_initEnginePositionState
cm848,0x0004a8cc,updateEnginePosition,unknown,cm848_,,cm848_updateEnginePosition
cm848,0x0004a968,updateProtectionBitFlags,unknown,cm848_,,cm848_updateProtectionBitFlags
cm848,0x0004aaac,protectionFaultEvaluator,unknown,cm848_,,cm848_protectionFaultEvaluator
cm848,0x0004ac3c,evaluateProtectionSyncFaults,mpc555,mpc555_,ram0030,mpc555_evaluateProtectionSyncFaults
cm848,0x0004ac74,evaluateProtectionSyncStateConditional,unknown,cm848_,,cm848_evaluateProtectionSyncStateConditional
cm848,0x0004ad8c,initTimingFilterStates,unknown,cm848_,,cm848_initTimingFilterStates
cm848,0x0004ae20,calculateEngineTimingData,unknown,cm848_,,cm848_calculateEngineTimingData
cm848,0x0004b5b8,updateEngineStatusFlags,unknown,cm848_,,cm848_updateEngineStatusFlags
cm848,0x0004b6cc,calculateFuel2DTableLookup,unknown,cm848_,,cm848_calculateFuel2DTableLookup
cm848,0x0004b9ac,applyProtectionLimit,unknown,cm848_,,cm848_applyProtectionLimit
cm848,0x0004ba48,processMemoryScanValidation,unknown,cm848_,,cm848_processMemoryScanValidation
cm848,0x0004ba80,evaluateConditionDescriptor,unknown,cm848_,,cm848_evaluateConditionDescriptor
cm848,0x0004bd00,copyRomToRamBuffer,unknown,cm848_,,cm848_copyRomToRamBuffer
cm848,0x0004bd3c,protectionEnableCheck,unknown,cm848_,,cm848_protectionEnableCheck
cm848,0x0004bd5c,protectionConditionMonitor,unknown,cm848_,,cm848_protectionConditionMonitor
cm848,0x0004bd74,initOutputChannels,unknown,cm848_,,cm848_initOutputChannels
cm848,0x0004be4c,sensorCalibrationCheck,unknown,cm848_,,cm848_sensorCalibrationCheck
cm848,0x0004bf90,validateMemoryBlockChecksum,unknown,cm848_,,cm848_validateMemoryBlockChecksum
cm848,0x0004bfc8,validateEepromAddress,unknown,cm848_,,cm848_validateEepromAddress
cm848,0x0004c070,updateProtectionTimers,unknown,cm848_,,cm848_updateProtectionTimers
cm848,0x0004c0a8,enqueueToCircularBuffer,unknown,cm848_,,cm848_enqueueToCircularBuffer
cm848,0x0004c188,protectionConfigSelector,unknown,cm848_,,cm848_protectionConfigSelector
cm848,0x0004c2d4,protectionLimitCalculator,unknown,cm848_,,cm848_protectionLimitCalculator
cm848,0x0004c69c,initProtectionLimitVariables,unknown,cm848_,,cm848_initProtectionLimitVariables
cm848,0x0004c6d4,initProtectionLimitStateVariant,unknown,cm848_,,cm848_initProtectionLimitStateVariant
cm848,0x0004c734,j1939ProtectionConfigResponse,unknown,cm848_,,cm848_j1939ProtectionConfigResponse
cm848,0x0004c7ec,j1939ProtectionDataResponse,unknown,cm848_,,cm848_j1939ProtectionDataResponse
cm848,0x0004c8d8,validateSensorData,unknown,cm848_,,cm848_validateSensorData
cm848,0x0004cb64,initSensorValidationSystem,unknown,cm848_,,cm848_initSensorValidationSystem
cm848,0x0004cb6c,configureOutputChannels,unknown,cm848_,,cm848_configureOutputChannels
cm848,0x0004cb84,configureOutputChannelsStateParam,unknown,cm848_,,cm848_configureOutputChannelsStateParam
cm848,0x0004cb90,configureOutputChannelsAltState,unknown,cm848_,,cm848_configureOutputChannelsAltState
cm848,0x0004cd50,getProtectionSyncState,unknown,cm848_,,cm848_getProtectionSyncState
cm848,0x0004ce78,initSensorRetryCounters,unknown,cm848_,,cm848_initSensorRetryCounters
cm848,0x0004ce9c,miosChannel11Enable,unknown,cm848_,,cm848_miosChannel11Enable
cm848,0x0004cec4,miosChannel11ReadStatus,unknown,cm848_,,cm848_miosChannel11ReadStatus
cm848,0x0004cef0,miosChannel11SetPwm,unknown,cm848_,,cm848_miosChannel11SetPwm
cm848,0x0004cf1c,miosChannel12Enable,unknown,cm848_,,cm848_miosChannel12Enable
cm848,0x0004cf44,miosChannel12ReadStatus,unknown,cm848_,,cm848_miosChannel12ReadStatus
cm848,0x0004cf70,miosChannel12SetPwm,unknown,cm848_,,cm848_miosChannel12SetPwm
cm848,0x0004cf9c,miosChannel13Enable,unknown,cm848_,,cm848_miosChannel13Enable
cm848,0x0004cfc4,miosChannel13ReadStatus,unknown,cm848_,,cm848_miosChannel13ReadStatus
cm848,0x0004cff0,miosChannel13SetPwm,unknown,cm848_,,cm848_miosChannel13SetPwm
cm848,0x0004d01c,miosChannel14Enable,unknown,cm848_,,cm848_miosChannel14Enable
cm848,0x0004d044,miosChannel14ReadStatus,unknown,cm848_,,cm848_miosChannel14ReadStatus
cm848,0x0004d070,miosChannel14SetPwm,unknown,cm848_,,cm848_miosChannel14SetPwm
cm848,0x0004d09c,miosChannel15Enable,unknown,cm848_,,cm848_miosChannel15Enable
cm848,0x0004d0c4,miosChannel15ReadStatus,unknown,cm848_,,cm848_miosChannel15ReadStatus
cm848,0x0004d0f0,miosChannel15SetPwm,unknown,cm848_,,cm848_miosChannel15SetPwm
cm848,0x0004d11c,miosChannel27Enable,unknown,cm848_,,cm848_miosChannel27Enable
cm848,0x0004d144,miosChannel27ReadStatus,unknown,cm848_,,cm848_miosChannel27ReadStatus
cm848,0x0004d170,miosChannel27SetPwm,unknown,cm848_,,cm848_miosChannel27SetPwm
cm848,0x0004d19c,miosChannel28Enable,unknown,cm848_,,cm848_miosChannel28Enable
cm848,0x0004d1c4,miosChannel28ReadStatus,unknown,cm848_,,cm848_miosChannel28ReadStatus
cm848,0x0004d1f0,miosChannel28SetPwm,unknown,cm848_,,cm848_miosChannel28SetPwm
cm848,0x0004d21c,miosChannel29Enable,unknown,cm848_,,cm848_miosChannel29Enable
cm848,0x0004d244,miosChannel29ReadStatus,unknown,cm848_,,cm848_miosChannel29ReadStatus
cm848,0x0004d270,miosChannel29SetPwm,unknown,cm848_,,cm848_miosChannel29SetPwm
cm848,0x0004d29c,miosChannel30Enable,unknown,cm848_,,cm848_miosChannel30Enable
cm848,0x0004d2c4,miosChannel30ReadStatus,unknown,cm848_,,cm848_miosChannel30ReadStatus
cm848,0x0004d2f0,miosChannel30SetPwm,unknown,cm848_,,cm848_miosChannel30SetPwm
cm848,0x0004d31c,miosChannel31Enable,unknown,cm848_,,cm848_miosChannel31Enable
cm848,0x0004d344,miosChannel31ReadStatus,unknown,cm848_,,cm848_miosChannel31ReadStatus
cm848,0x0004d370,miosChannel31SetPwm,unknown,cm848_,,cm848_miosChannel31SetPwm
cm848,0x0004d39c,miosTimer0InitPeriod,unknown,cm848_,,cm848_miosTimer0InitPeriod
cm848,0x0004d3c4,miosTimer0ScaleByPercent,unknown,cm848_,,cm848_miosTimer0ScaleByPercent
cm848,0x0004d3f0,miosTimer0SetValue,unknown,cm848_,,cm848_miosTimer0SetValue
cm848,0x0004d41c,miosTimer1InitPeriod,unknown,cm848_,,cm848_miosTimer1InitPeriod
cm848,0x0004d444,miosTimer1ScaleByPercent,unknown,cm848_,,cm848_miosTimer1ScaleByPercent
cm848,0x0004d470,miosTimer1SetValue,unknown,cm848_,,cm848_miosTimer1SetValue
cm848,0x0004d49c,miosTimer2InitPeriod,unknown,cm848_,,cm848_miosTimer2InitPeriod
cm848,0x0004d4c4,miosTimer2ScaleByPercent,unknown,cm848_,,cm848_miosTimer2ScaleByPercent
cm848,0x0004d4f0,miosTimer2SetValue,unknown,cm848_,,cm848_miosTimer2SetValue
cm848,0x0004d51c,miosTimer3InitPeriod,unknown,cm848_,,cm848_miosTimer3InitPeriod
cm848,0x0004d544,miosTimer3ScaleByPercent,unknown,cm848_,,cm848_miosTimer3ScaleByPercent
cm848,0x0004d570,miosTimer3SetValue,unknown,cm848_,,cm848_miosTimer3SetValue
cm848,0x0004d59c,miosTimer16InitPeriod,unknown,cm848_,,cm848_miosTimer16InitPeriod
cm848,0x0004d5c4,miosTimer16ScaleByPercent,unknown,cm848_,,cm848_miosTimer16ScaleByPercent
cm848,0x0004d5d4,miosTimer16ScaleOutput,unknown,cm848_,,cm848_miosTimer16ScaleOutput
cm848,0x0004d5f0,miosTimer16SetValue,unknown,cm848_,,cm848_miosTimer16SetValue
cm848,0x0004d5fc,miosTimer16SetOutput,unknown,cm848_,,cm848_miosTimer16SetOutput
cm848,0x0004d61c,miosTimer17InitPeriod,unknown,cm848_,,cm848_miosTimer17InitPeriod
cm848,0x0004d628,miosTimer17InitPeriodAlt,unknown,cm848_,,cm848_miosTimer17InitPeriodAlt
cm848,0x0004d644,miosTimer17ScaleByPercent,unknown,cm848_,,cm848_miosTimer17ScaleByPercent
cm848,0x0004d654,miosTimer17ScaleDefault,unknown,cm848_,,cm848_miosTimer17ScaleDefault
cm848,0x0004d670,miosTimer17SetValue,unknown,cm848_,,cm848_miosTimer17SetValue
cm848,0x0004d67c,miosTimer17SetValueAlt,unknown,cm848_,,cm848_miosTimer17SetValueAlt
cm848,0x0004d69c,miosTimer18InitPeriod,unknown,cm848_,,cm848_miosTimer18InitPeriod
cm848,0x0004d6a8,miosTimer18InitPeriodAlt,unknown,cm848_,,cm848_miosTimer18InitPeriodAlt
cm848,0x0004d6c4,miosTimer18ScaleByPercent,unknown,cm848_,,cm848_miosTimer18ScaleByPercent
cm848,0x0004d6d4,miosTimer18ScaleDefault,unknown,cm848_,,cm848_miosTimer18ScaleDefault
cm848,0x0004d6f0,miosTimer18SetValue,unknown,cm848_,,cm848_miosTimer18SetValue
cm848,0x0004d6fc,miosTimer18SetValueAlt,unknown,cm848_,,cm848_miosTimer18SetValueAlt
cm848,0x0004d71c,miosTimer19InitPeriod,unknown,cm848_,,cm848_miosTimer19InitPeriod
cm848,0x0004d728,miosTimer19InitPeriodAlt,unknown,cm848_,,cm848_miosTimer19InitPeriodAlt
cm848,0x0004d744,miosTimer19ScaleByPercent,unknown,cm848_,,cm848_miosTimer19ScaleByPercent
cm848,0x0004d754,miosTimer19ScaleDefault,unknown,cm848_,,cm848_miosTimer19ScaleDefault
cm848,0x0004d770,miosTimer19SetValue,unknown,cm848_,,cm848_miosTimer19SetValue
cm848,0x0004d77c,miosTimer19SetValueAlt,unknown,cm848_,,cm848_miosTimer19SetValueAlt
cm848,0x0004d79c,tpuChannel0Reset,unknown,cm848_,,cm848_tpuChannel0Reset
cm848,0x0004d7a8,miosTimer20Configure,unknown,cm848_,,cm848_miosTimer20Configure
cm848,0x0004d7c0,tpuChannel0SetDuty,unknown,cm848_,,cm848_tpuChannel0SetDuty
cm848,0x0004d7e8,tpuChannel0Configure,unknown,cm848_,,cm848_tpuChannel0Configure
cm848,0x0004d810,tpuChannel1Reset,unknown,cm848_,,cm848_tpuChannel1Reset
cm848,0x0004d834,tpuChannel1SetDuty,unknown,cm848_,,cm848_tpuChannel1SetDuty
cm848,0x0004d85c,tpuChannel1Configure,unknown,cm848_,,cm848_tpuChannel1Configure
cm848,0x0004d884,tpuChannel2Reset,unknown,cm848_,,cm848_tpuChannel2Reset
cm848,0x0004d8a8,tpuChannel2SetDuty,unknown,cm848_,,cm848_tpuChannel2SetDuty
cm848,0x0004d8d0,tpuChannel2Configure,unknown,cm848_,,cm848_tpuChannel2Configure
cm848,0x0004d8f8,tpuChannel3Reset,unknown,cm848_,,cm848_tpuChannel3Reset
cm848,0x0004d91c,tpuChannel3SetDuty,unknown,cm848_,,cm848_tpuChannel3SetDuty
cm848,0x0004d944,tpuChannel3Configure,unknown,cm848_,,cm848_tpuChannel3Configure
cm848,0x0004d96c,tpuChannel4Reset,unknown,cm848_,,cm848_tpuChannel4Reset
cm848,0x0004d990,tpuChannel4SetDuty,unknown,cm848_,,cm848_tpuChannel4SetDuty
cm848,0x0004d9b8,tpuChannel4Configure,unknown,cm848_,,cm848_tpuChannel4Configure
cm848,0x0004d9e0,tpuChannel5Reset,unknown,cm848_,,cm848_tpuChannel5Reset
cm848,0x0004da04,tpuChannel5SetDuty,unknown,cm848_,,cm848_tpuChannel5SetDuty
cm848,0x0004da2c,tpuChannel5Configure,unknown,cm848_,,cm848_tpuChannel5Configure
cm848,0x0004da54,tpuChannel6Reset,unknown,cm848_,,cm848_tpuChannel6Reset
cm848,0x0004da78,tpuChannel6SetDuty,unknown,cm848_,,cm848_tpuChannel6SetDuty
cm848,0x0004daa0,tpuChannel6Configure,unknown,cm848_,,cm848_tpuChannel6Configure
cm848,0x0004dac8,tpuChannel7Reset,unknown,cm848_,,cm848_tpuChannel7Reset
cm848,0x0004daec,tpuChannel7SetDuty,unknown,cm848_,,cm848_tpuChannel7SetDuty
cm848,0x0004db14,tpuChannel7Configure,unknown,cm848_,,cm848_tpuChannel7Configure
cm848,0x0004db3c,tpuChannel8Reset,unknown,cm848_,,cm848_tpuChannel8Reset
cm848,0x0004db60,tpuChannel8SetDuty,unknown,cm848_,,cm848_tpuChannel8SetDuty
cm848,0x0004db88,tpuChannel8Configure,unknown,cm848_,,cm848_tpuChannel8Configure
cm848,0x0004dbb0,tpuChannel9Reset,unknown,cm848_,,cm848_tpuChannel9Reset
cm848,0x0004dbd4,tpuChannel9SetDuty,unknown,cm848_,,cm848_tpuChannel9SetDuty
cm848,0x0004dbfc,tpuChannel9Configure,unknown,cm848_,,cm848_tpuChannel9Configure
cm848,0x0004dc24,tpuChannel10Reset,unknown,cm848_,,cm848_tpuChannel10Reset
cm848,0x0004dc48,tpuChannel10SetDuty,unknown,cm848_,,cm848_tpuChannel10SetDuty
cm848,0x0004dc70,tpuChannel10Configure,unknown,cm848_,,cm848_tpuChannel10Configure
cm848,0x0004dc98,tpuChannel11Reset,unknown,cm848_,,cm848_tpuChannel11Reset
cm848,0x0004dcbc,tpuChannel11SetDuty,unknown,cm848_,,cm848_tpuChannel11SetDuty
cm848,0x0004dce4,tpuChannel11Configure,unknown,cm848_,,cm848_tpuChannel11Configure
cm848,0x0004dd0c,tpuChannel12Reset,unknown,cm848_,,cm848_tpuChannel12Reset
cm848,0x0004dd30,tpuChannel12SetDuty,unknown,cm848_,,cm848_tpuChannel12SetDuty
cm848,0x0004dd58,tpuChannel12Configure,unknown,cm848_,,cm848_tpuChannel12Configure
cm848,0x0004dd80,tpuChannel13Reset,unknown,cm848_,,cm848_tpuChannel13Reset
cm848,0x0004dda4,tpuChannel13SetDuty,unknown,cm848_,,cm848_tpuChannel13SetDuty
cm848,0x0004ddcc,tpuChannel13Configure,unknown,cm848_,,cm848_tpuChannel13Configure
cm848,0x0004ddf4,tpuChannel14Reset,unknown,cm848_,,cm848_tpuChannel14Reset
cm848,0x0004de18,tpuChannel14SetDuty,unknown,cm848_,,cm848_tpuChannel14SetDuty
cm848,0x0004de40,tpuChannel14Configure,unknown,cm848_,,cm848_tpuChannel14Configure
cm848,0x0004de68,tpuChannel15Reset,unknown,cm848_,,cm848_tpuChannel15Reset
cm848,0x0004de8c,tpuChannel15SetDuty,unknown,cm848_,,cm848_tpuChannel15SetDuty
cm848,0x0004deb4,tpuChannel15Configure,unknown,cm848_,,cm848_tpuChannel15Configure
cm848,0x0004dedc,disableMiosResetTpu14_10,unknown,cm848_,,cm848_disableMiosResetTpu14_10
cm848,0x0004df0c,setMiosDutyCycle14,unknown,cm848_,,cm848_setMiosDutyCycle14
cm848,0x0004df40,configureTpuChannel10Alt,unknown,cm848_,,cm848_configureTpuChannel10Alt
cm848,0x0004df68,setTpuDutyWithTrack10,unknown,cm848_,,cm848_setTpuDutyWithTrack10
cm848,0x0004df98,resetMiosTpuChannel29_11,mpc555,mpc555_,ram0030,mpc555_resetMiosTpuChannel29_11
cm848,0x0004e0c0,disableMiosResetTpu11_4,unknown,cm848_,,cm848_disableMiosResetTpu11_4
cm848,0x0004e0f0,setMiosDutyCycle11,unknown,cm848_,,cm848_setMiosDutyCycle11
cm848,0x0004e124,configureTpuChannel4Alt,unknown,cm848_,,cm848_configureTpuChannel4Alt
cm848,0x0004e14c,setTpuDutyWithTrack4,unknown,cm848_,,cm848_setTpuDutyWithTrack4
cm848,0x0004e180,disableMiosResetTpu13_6,unknown,cm848_,,cm848_disableMiosResetTpu13_6
cm848,0x0004e1b0,setMiosDutyCycle13,unknown,cm848_,,cm848_setMiosDutyCycle13
cm848,0x0004e1e4,configureTpuChannel6Alt,unknown,cm848_,,cm848_configureTpuChannel6Alt
cm848,0x0004e20c,setTpuDutyWithTrack6,unknown,cm848_,,cm848_setTpuDutyWithTrack6
cm848,0x0004e240,disableMiosResetTpu12_7,unknown,cm848_,,cm848_disableMiosResetTpu12_7
cm848,0x0004e270,setMiosDutyCycle12,unknown,cm848_,,cm848_setMiosDutyCycle12
cm848,0x0004e2a4,configureTpuChannel7Alt,unknown,cm848_,,cm848_configureTpuChannel7Alt
cm848,0x0004e2cc,setTpuDutyWithTrack7,unknown,cm848_,,cm848_setTpuDutyWithTrack7
cm848,0x0004e300,tpuOutput0Enable,unknown,cm848_,,cm848_tpuOutput0Enable
cm848,0x0004e324,tpuOutput0Disable,unknown,cm848_,,cm848_tpuOutput0Disable
cm848,0x0004e34c,tpuOutput0SetPeriod,unknown,cm848_,,cm848_tpuOutput0SetPeriod
cm848,0x0004e374,tpuOutput1Enable,unknown,cm848_,,cm848_tpuOutput1Enable
cm848,0x0004e398,tpuOutput1Disable,unknown,cm848_,,cm848_tpuOutput1Disable
cm848,0x0004e3c0,tpuOutput1SetPeriod,unknown,cm848_,,cm848_tpuOutput1SetPeriod
cm848,0x0004e3e8,tpuOutput2Enable,unknown,cm848_,,cm848_tpuOutput2Enable
cm848,0x0004e40c,tpuOutput2Disable,unknown,cm848_,,cm848_tpuOutput2Disable
cm848,0x0004e434,tpuOutput2SetPeriod,unknown,cm848_,,cm848_tpuOutput2SetPeriod
cm848,0x0004e45c,tpuOutput3Enable,unknown,cm848_,,cm848_tpuOutput3Enable
cm848,0x0004e480,tpuOutput3Disable,unknown,cm848_,,cm848_tpuOutput3Disable
cm848,0x0004e4a8,tpuOutput3SetPeriod,unknown,cm848_,,cm848_tpuOutput3SetPeriod
cm848,0x0004e4d0,tpuOutput4Enable,unknown,cm848_,,cm848_tpuOutput4Enable
cm848,0x0004e4f4,tpuOutput4Disable,unknown,cm848_,,cm848_tpuOutput4Disable
cm848,0x0004e51c,tpuOutput4SetPeriod,unknown,cm848_,,cm848_tpuOutput4SetPeriod
cm848,0x0004e544,tpuOutput5Enable,unknown,cm848_,,cm848_tpuOutput5Enable
cm848,0x0004e568,tpuOutput5Disable,unknown,cm848_,,cm848_tpuOutput5Disable
cm848,0x0004e590,tpuOutput5SetPeriod,unknown,cm848_,,cm848_tpuOutput5SetPeriod
cm848,0x0004e5b8,tpuOutput6Enable,unknown,cm848_,,cm848_tpuOutput6Enable
cm848,0x0004e5dc,tpuOutput6Disable,unknown,cm848_,,cm848_tpuOutput6Disable
cm848,0x0004e604,tpuOutput6SetPeriod,unknown,cm848_,,cm848_tpuOutput6SetPeriod
cm848,0x0004e62c,tpuOutput7Enable,unknown,cm848_,,cm848_tpuOutput7Enable
cm848,0x0004e650,tpuOutput7Disable,unknown,cm848_,,cm848_tpuOutput7Disable
cm848,0x0004e678,tpuOutput7SetPeriod,unknown,cm848_,,cm848_tpuOutput7SetPeriod
cm848,0x0004e6a0,tpuOutput8Enable,unknown,cm848_,,cm848_tpuOutput8Enable
cm848,0x0004e6c4,tpuOutput8Disable,unknown,cm848_,,cm848_tpuOutput8Disable
cm848,0x0004e6ec,tpuOutput8SetPeriod,unknown,cm848_,,cm848_tpuOutput8SetPeriod
cm848,0x0004e714,tpuOutput9Enable,unknown,cm848_,,cm848_tpuOutput9Enable
cm848,0x0004e738,tpuOutput9Disable,unknown,cm848_,,cm848_tpuOutput9Disable
cm848,0x0004e760,tpuOutput9SetPeriod,unknown,cm848_,,cm848_tpuOutput9SetPeriod
cm848,0x0004e788,tpuOutput10Enable,unknown,cm848_,,cm848_tpuOutput10Enable
cm848,0x0004e7ac,tpuOutput10Disable,unknown,cm848_,,cm848_tpuOutput10Disable
cm848,0x0004e7d4,tpuOutput10SetPeriod,unknown,cm848_,,cm848_tpuOutput10SetPeriod
cm848,0x0004e7fc,tpuOutput11Enable,unknown,cm848_,,cm848_tpuOutput11Enable
cm848,0x0004e820,tpuOutput11Disable,unknown,cm848_,,cm848_tpuOutput11Disable
cm848,0x0004e848,tpuOutput11SetPeriod,unknown,cm848_,,cm848_tpuOutput11SetPeriod
cm848,0x0004e870,tpuOutput12Enable,unknown,cm848_,,cm848_tpuOutput12Enable
cm848,0x0004e894,tpuOutput12Disable,unknown,cm848_,,cm848_tpuOutput12Disable
cm848,0x0004e8bc,tpuOutput12SetPeriod,unknown,cm848_,,cm848_tpuOutput12SetPeriod
cm848,0x0004e8e4,tpuOutput13Enable,unknown,cm848_,,cm848_tpuOutput13Enable
cm848,0x0004e908,tpuOutput13Disable,unknown,cm848_,,cm848_tpuOutput13Disable
cm848,0x0004e930,tpuOutput13SetPeriod,unknown,cm848_,,cm848_tpuOutput13SetPeriod
cm848,0x0004e958,tpuOutput14Enable,unknown,cm848_,,cm848_tpuOutput14Enable
cm848,0x0004e97c,tpuOutput14Disable,unknown,cm848_,,cm848_tpuOutput14Disable
cm848,0x0004e9a4,tpuOutput14SetPeriod,unknown,cm848_,,cm848_tpuOutput14SetPeriod
cm848,0x0004e9cc,tpuOutput15Enable,unknown,cm848_,,cm848_tpuOutput15Enable
cm848,0x0004e9f0,tpuOutput15Disable,unknown,cm848_,,cm848_tpuOutput15Disable
cm848,0x0004ea18,tpuOutput15SetPeriod,unknown,cm848_,,cm848_tpuOutput15SetPeriod
cm848,0x0004ea78,orBitsInArray,unknown,cm848_,,cm848_orBitsInArray
cm848,0x0004eabc,clearBitsInArray,unknown,cm848_,,cm848_clearBitsInArray
cm848,0x0004eac8,checkProtectionWarningBitState,unknown,cm848_,,cm848_checkProtectionWarningBitState
cm848,0x0004eb00,checkProtectionBitWarningState,unknown,cm848_,,cm848_checkProtectionBitWarningState
cm848,0x0004eb48,updateEngineCycleOutputs,mpc555,mpc555_,ram0030,mpc555_updateEngineCycleOutputs
cm848,0x0004eeb8,initProtectionAndOutputCycle,hpcr,hpcr_,injectorpulse+hpcr,hpcr_initProtectionAndOutputCycle
cm848,0x0004ef24,setEngineProtectionFault,unknown,cm848_,,cm848_setEngineProtectionFault
cm848,0x0004ef74,clearProtectionFault,unknown,cm848_,,cm848_clearProtectionFault
cm848,0x0004efac,dispatchSyncUpdateByFlag,unknown,cm848_,,cm848_dispatchSyncUpdateByFlag
cm848,0x0004f000,triggerProtectionEvent,unknown,cm848_,,cm848_triggerProtectionEvent
cm848,0x0004f038,clearEventFlag,unknown,cm848_,,cm848_clearEventFlag
cm848,0x0004f050,protectionFlagManager,unknown,cm848_,,cm848_protectionFlagManager
cm848,0x0004f088,conditionalSyncFlagUpdate,unknown,cm848_,,cm848_conditionalSyncFlagUpdate
cm848,0x0004f0dc,checkProtectionModeFlags,unknown,cm848_,,cm848_checkProtectionModeFlags
cm848,0x0004f190,protectionAlarmHandler,unknown,cm848_,,cm848_protectionAlarmHandler
cm848,0x0004f2b0,processProtectionFaultsAndTiming,unknown,cm848_,,cm848_processProtectionFaultsAndTiming
cm848,0x0004f2ec,protectionWarningHandler,hpcr,hpcr_,injector_pulse,hpcr_protectionWarningHandler
cm848,0x0004f324,evaluateHardwareTimerState,hpcr,hpcr_,injector_pulse,hpcr_evaluateHardwareTimerState
cm848,0x000535e8,processJ1939TxBufferSend,mpc555,mpc555_,toucan+ram0030,mpc555_processJ1939TxBufferSend
cm848,0x00053720,queueCanReceiveMessage,mpc555,mpc555_,ram0030,mpc555_queueCanReceiveMessage
cm848,0x00053858,sendJ1939SingleFrame,mpc555,mpc555_,toucan,mpc555_sendJ1939SingleFrame
cm848,0x00053890,enqueueCanTransmitFrame,mpc555,mpc555_,toucan,mpc555_enqueueCanTransmitFrame
cm848,0x00053a34,validateDiagnosticResponseWrapper,unknown,cm848_,,cm848_validateDiagnosticResponseWrapper
cm848,0x00053a4c,lookupJ1939SourceAddressIndex,unknown,cm848_,,cm848_lookupJ1939SourceAddressIndex
cm848,0x00053aa8,handleCanMailboxTransmitComplete,unknown,cm848_,,cm848_handleCanMailboxTransmitComplete
cm848,0x00053ae0,handleCanMailboxTransmitRange,unknown,cm848_,,cm848_handleCanMailboxTransmitRange
cm848,0x00053b28,writeCanControllerTxMailbox,unknown,cm848_,,cm848_writeCanControllerTxMailbox
cm848,0x00053b68,canTransmitInterruptHandler,mpc555,mpc555_,ram0030,mpc555_canTransmitInterruptHandler
cm848,0x00053c60,emptyStub3,unknown,cm848_,,cm848_emptyStub3
cm848,0x00053c64,emptyStub4,unknown,cm848_,,cm848_emptyStub4
cm848,0x00053c68,findJ1939MessageEntry,unknown,cm848_,,cm848_findJ1939MessageEntry
cm848,0x00053cd8,addCoolantCalEntry,unknown,cm848_,,cm848_addCoolantCalEntry
cm848,0x00053d3c,addCoolantCalEntry,unknown,cm848_,,cm848_addCoolantCalEntry
cm848,0x00053d74,setDefaultCalibrationValue,unknown,cm848_,,cm848_setDefaultCalibrationValue
cm848,0x00053d84,addCoolantCalEntryAlt,unknown,cm848_,,cm848_addCoolantCalEntryAlt
cm848,0x00053dc8,processCoolantCalEntries,unknown,cm848_,,cm848_processCoolantCalEntries
cm848,0x00053fa8,removeCoolantCalEntryByParams,unknown,cm848_,,cm848_removeCoolantCalEntryByParams
cm848,0x00053fe0,removeCalibrationListEntry,unknown,cm848_,,cm848_removeCalibrationListEntry
cm848,0x00054064,removeCoolantCalEntry,unknown,cm848_,,cm848_removeCoolantCalEntry
cm848,0x00054100,miosInterruptDispatcher,mpc555,mpc555_,ram0030,mpc555_miosInterruptDispatcher
cm848,0x0005419c,infiniteLoopHalt,mpc555,mpc555_,usiu_,mpc555_infiniteLoopHalt
cm848,0x000541f4,enableSchedulerMiosOutput,mpc555,mpc555_,ram0030+ram002f,mpc555_enableSchedulerMiosOutput
cm848,0x00054220,emptyStubFunction,unknown,cm848_,,cm848_emptyStubFunction
cm848,0x00054224,checkRpmOverspeedProtection,unknown,cm848_,,cm848_checkRpmOverspeedProtection
cm848,0x00054380,systemStartupInitialization,mpc555,mpc555_,ram0030+usiu_+ram002f,mpc555_systemStartupInitialization
cm848,0x000544c4,exceptionHandler,hpcr,hpcr_,hpcr,hpcr_exceptionHandler
cm848,0x00054e10,miosSetChannelDutyCycle,unknown,cm848_,,cm848_miosSetChannelDutyCycle
cm848,0x00054eac,miosChannelDisable,unknown,cm848_,,cm848_miosChannelDisable
cm848,0x00054eb8,miosChannelEnable,unknown,cm848_,,cm848_miosChannelEnable
cm848,0x00054ec4,miosReadChannelStatus,mpc555,mpc555_,ram0030,mpc555_miosReadChannelStatus
cm848,0x00054f48,miosSetPwmOutput,mpc555,mpc555_,ram0030,mpc555_miosSetPwmOutput
cm848,0x00054f80,miosInitChannelPeriod,unknown,cm848_,,cm848_miosInitChannelPeriod
cm848,0x00054f8c,scalePwmByPercent,unknown,cm848_,,cm848_scalePwmByPercent
cm848,0x00054fb8,miosSetChannelValue,unknown,cm848_,,cm848_miosSetChannelValue
cm848,0x00055020,tpuResetChannel,mpc555,mpc555_,ram0030,mpc555_tpuResetChannel
cm848,0x00055178,tpuSetChannelDuty,unknown,cm848_,,cm848_tpuSetChannelDuty
cm848,0x000551e4,tpuConfigureChannel,unknown,cm848_,,cm848_tpuConfigureChannel
cm848,0x00055294,tpuEnableChannelOutput,mpc555,mpc555_,ram0030,mpc555_tpuEnableChannelOutput
cm848,0x000553ec,tpuDisableChannelOutput,unknown,cm848_,,cm848_tpuDisableChannelOutput
cm848,0x00055458,tpuSetChannelPeriod,unknown,cm848_,,cm848_tpuSetChannelPeriod
cm848,0x000555cc,copyDataBuffer,unknown,cm848_,,cm848_copyDataBuffer
cm848,0x0005573c,processSecurityCodeConversion,unknown,cm848_,,cm848_processSecurityCodeConversion
cm848,0x0005576c,validateSecurityCode,unknown,cm848_,,cm848_validateSecurityCode
cm848,0x0005586c,processEngineRpmDiagnostic,unknown,cm848_,,cm848_processEngineRpmDiagnostic
cm848,0x00055a40,dispatchCalibrationFunctions,unknown,cm848_,,cm848_dispatchCalibrationFunctions
cm848,0x00055c1c,initTpuConfiguration,mpc555,mpc555_,ram0030+ram002f,mpc555_initTpuConfiguration
cm848,0x00055d2c,tpuBInterruptDispatcher,mpc555,mpc555_,ram0030,mpc555_tpuBInterruptDispatcher
cm848,0x00055de4,tpuAInterruptDispatcher,mpc555,mpc555_,ram0030,mpc555_tpuAInterruptDispatcher
cm848,0x00055e9c,emptyStubFunction,unknown,cm848_,,cm848_emptyStubFunction
cm848,0x00055ed0,calculateCrc16,unknown,cm848_,,cm848_calculateCrc16
cm848,0x00055f24,linearInterpolate1D,unknown,cm848_,,cm848_linearInterpolate1D
cm848,0x00056184,extendedDivisionWithRemainder,unknown,cm848_,,cm848_extendedDivisionWithRemainder
cm848,0x00056260,signedDivisionWithSaturation,unknown,cm848_,,cm848_signedDivisionWithSaturation
cm848,0x000562fc,clampedDivisionWithBounds,unknown,cm848_,,cm848_clampedDivisionWithBounds
cm848,0x0005632c,noOperation2,unknown,cm848_,,cm848_noOperation2
cm848,0x000563e4,noOperation2,unknown,cm848_,,cm848_noOperation2
cm848,0x000563e8,saturatingDivision16,unknown,cm848_,,cm848_saturatingDivision16
cm848,0x0005644c,signedFirstOrderFilter,unknown,cm848_,,cm848_signedFirstOrderFilter
cm848,0x0005647c,signedFilterWithWeight,unknown,cm848_,,cm848_signedFilterWithWeight
cm848,0x00056488,signedFilterWithWeight,unknown,cm848_,,cm848_signedFilterWithWeight
cm848,0x000564c0,secondOrderFilter,unknown,cm848_,,cm848_secondOrderFilter
cm848,0x000564f0,multiplyAccumulateFixed32,unknown,cm848_,,cm848_multiplyAccumulateFixed32
cm848,0x000565c4,filterWithWeight,unknown,cm848_,,cm848_filterWithWeight
cm848,0x000565d0,filterWithWeight,unknown,cm848_,,cm848_filterWithWeight
cm848,0x00056638,lookupTableByIndex,unknown,cm848_,,cm848_lookupTableByIndex
cm848,0x000566cc,dualAxisTableInterpolation,unknown,cm848_,,cm848_dualAxisTableInterpolation
cm848,0x000566fc,interpolateWithIndex,unknown,cm848_,,cm848_interpolateWithIndex
cm848,0x00056c80,ringBufferWriteByte,unknown,cm848_,,cm848_ringBufferWriteByte
cm848,0x00056d38,ringBufferInit,unknown,cm848_,,cm848_ringBufferInit
cm848,0x00056d58,memcpyBytes,unknown,cm848_,,cm848_memcpyBytes
cm848,0x00056d88,delayMicroseconds,unknown,cm848_,,cm848_delayMicroseconds
cm848,0x00056db8,waitForTimeBaseTicks,unknown,cm848_,,cm848_waitForTimeBaseTicks
cm848,0x00056e0c,delayMicroseconds2,unknown,cm848_,,cm848_delayMicroseconds2
cm848,0x00056e3c,waitForTimeBaseDelay,unknown,cm848_,,cm848_waitForTimeBaseDelay
cm848,0x00056e90,unsignedDivision64by32,unknown,cm848_,,cm848_unsignedDivision64by32
cm848,0x000570f0,signedDivision32,unknown,cm848_,,cm848_signedDivision32
cm848,0x00057120,signedDivision64,unknown,cm848_,,cm848_signedDivision64
cm848,0x000571b0,unsignedDivision32,unknown,cm848_,,cm848_unsignedDivision32
cm848,0x000571e0,unsignedDivision64Wrapper,unknown,cm848_,,cm848_unsignedDivision64Wrapper
cm848,0x00057204,mathMultiplyDivide32,unknown,cm848_,,cm848_mathMultiplyDivide32
cm848,0x00057498,conditionalMultiplyDivide,unknown,cm848_,,cm848_conditionalMultiplyDivide
cm848,0x00057524,calibrationTableLookup1D,unknown,cm848_,,cm848_calibrationTableLookup1D
cm848,0x0005759c,saveRegistersToStack,unknown,cm848_,,cm848_saveRegistersToStack
cm848,0x000575a0,calibrationTableLookup2D,unknown,cm848_,,cm848_calibrationTableLookup2D
cm848,0x0006432c,invalidInstructionData,unknown,cm848_,,cm848_invalidInstructionData
cm848,0x003fa2f0,initCanMailboxFilters_ram,unknown,cm848_,,cm848_initCanMailboxFilters_ram
cm848,0x003fa5a0,initFlashMemoryConfig_ram,unknown,cm848_,,cm848_initFlashMemoryConfig_ram
cm848,0x003fab3c,can2TransmitInterruptHandler_ram,unknown,cm848_,,cm848_can2TransmitInterruptHandler_ram
cm848,0x003fae3c,dispatchCanMessageHandlers_ram,unknown,cm848_,,cm848_dispatchCanMessageHandlers_ram
cm848,0x003fb528,getServiceDataOffset_ram,unknown,cm848_,,cm848_getServiceDataOffset_ram
cm848,0x003fb54c,validateServiceDataLength_ram,unknown,cm848_,,cm848_validateServiceDataLength_ram
cm848,0x003fc094,processJ1939QueueStatus_ram,unknown,cm848_,,cm848_processJ1939QueueStatus_ram
cm848,0x003fc0d8,initDiagnosticBuffers_ram,unknown,cm848_,,cm848_initDiagnosticBuffers_ram
cm848,0x003fc380,serialReceiveHandler_ram,unknown,cm848_,,cm848_serialReceiveHandler_ram
cm848,0x003fc484,serialTransmitHandler_ram,unknown,cm848_,,cm848_serialTransmitHandler_ram
cm848,0x003fc580,validateSerialChecksum_ram,unknown,cm848_,,cm848_validateSerialChecksum_ram
cm848,0x003fc62c,initSerialTransmit_ram,unknown,cm848_,,cm848_initSerialTransmit_ram
cm848,0x003fc688,eepromPollReady,unknown,cm848_,,cm848_eepromPollReady
cm848,0x003fc6f4,eepromCheckStatus,unknown,cm848_,,cm848_eepromCheckStatus
cm848,0x003fc77c,eepromWaitCycle,unknown,cm848_,,cm848_eepromWaitCycle
cm848,0x003fc874,processMainLoop_ram,unknown,cm848_,,cm848_processMainLoop_ram
cm848,0x003fc9ec,sendEepromVersionResponse_ram,unknown,cm848_,,cm848_sendEepromVersionResponse_ram
cm848,0x003fca7c,handleEepromDiagnosticResponse_ram,unknown,cm848_,,cm848_handleEepromDiagnosticResponse_ram
cm848,0x003fcb24,processEepromDataTransfer_ram,unknown,cm848_,,cm848_processEepromDataTransfer_ram
cm848,0x003fd070,processSensorFilterChain_ram,unknown,cm848_,,cm848_processSensorFilterChain_ram
cm848,0x003fd1ac,processSensorWithOverride_ram,unknown,cm848_,,cm848_processSensorWithOverride_ram
cm848,0x003fd1d8,watchdogTimerTick_ram,unknown,cm848_,,cm848_watchdogTimerTick_ram
cm848,0x003fd284,watchdogTimerTick_midEntry_ram,unknown,cm848_,,cm848_watchdogTimerTick_midEntry_ram
cm848,0x003fd298,sensorFaultThresholdCheck_ram,unknown,cm848_,,cm848_sensorFaultThresholdCheck_ram
cm848,0x003fd544,eepromCompleteOperation,unknown,cm848_,,cm848_eepromCompleteOperation
cm848,0x003fd6d8,initQspiHardware_ram,unknown,cm848_,,cm848_initQspiHardware_ram
cm848,0x003fd994,systemHaltLoop_ram,unknown,cm848_,,cm848_systemHaltLoop_ram
cm848,0x00500004,sensorChannel0_init,unknown,cm848_,,cm848_sensorChannel0_init
cm848,0x00500090,sensorChannel0_process,unknown,cm848_,,cm848_sensorChannel0_process
cm848,0x0050011c,sensorChannel1_init,unknown,cm848_,,cm848_sensorChannel1_init
cm848,0x005001a8,sensorChannel1_process,unknown,cm848_,,cm848_sensorChannel1_process
cm848,0x00500234,sensorChannelConfigInit,unknown,cm848_,,cm848_sensorChannelConfigInit
cm848,0x00500a4c,updateSensorChannelWithConfig,unknown,cm848_,,cm848_updateSensorChannelWithConfig
cm848,0x005011c4,sensorChannelCalibration_init,unknown,cm848_,,cm848_sensorChannelCalibration_init
cm848,0x00501250,sensorChannelCalibration_process,unknown,cm848_,,cm848_sensorChannelCalibration_process
cm848,0x005012dc,sensorChannelTypeB_configInit,unknown,cm848_,,cm848_sensorChannelTypeB_configInit
cm848,0x00501b4c,updateSensorChannelTypeB,unknown,cm848_,,cm848_updateSensorChannelTypeB
cm848,0x005022cc,evaluateSensorChannelStatus,mpc555,mpc555_,ram003f,mpc555_evaluateSensorChannelStatus
cm848,0x0050241c,updateSensorModeState,unknown,cm848_,,cm848_updateSensorModeState
cm848,0x00502464,processSensorInterpolationMode,unknown,cm848_,,cm848_processSensorInterpolationMode
cm848,0x00502af4,limitFuelDemandValue,unknown,cm848_,,cm848_limitFuelDemandValue
cm848,0x00502b24,clearBufferInitFlag,unknown,cm848_,,cm848_clearBufferInitFlag
cm848,0x00502b34,initSensorBufferValues,mpc555,mpc555_,ram003f,mpc555_initSensorBufferValues
cm848,0x00502b6c,filterAndInterpolateSensor,unknown,cm848_,,cm848_filterAndInterpolateSensor
cm848,0x00502eb8,initAndFilterSensor,unknown,cm848_,,cm848_initAndFilterSensor
cm848,0x00503074,initGovernorModeState,unknown,cm848_,,cm848_initGovernorModeState
cm848,0x005031b4,clearProtectionModeVariables,unknown,cm848_,,cm848_clearProtectionModeVariables
cm848,0x005033a0,evaluateSpeedControlTiming,unknown,cm848_,,cm848_evaluateSpeedControlTiming
cm848,0x00503604,evaluateSpeedModeConditions,unknown,cm848_,,cm848_evaluateSpeedModeConditions
cm848,0x0050370c,evaluateFuelConditionFlags,unknown,cm848_,,cm848_evaluateFuelConditionFlags
cm848,0x00503790,normalizeSpeedValue,unknown,cm848_,,cm848_normalizeSpeedValue
cm848,0x00503960,resetSpeedControlState,unknown,cm848_,,cm848_resetSpeedControlState
cm848,0x00503964,processSpeedControlPipeline,unknown,cm848_,,cm848_processSpeedControlPipeline
cm848,0x0050398c,initSpeedControlSystem,unknown,cm848_,,cm848_initSpeedControlSystem
cm848,0x005039b4,interpolateSpeedControl6Point,unknown,cm848_,,cm848_interpolateSpeedControl6Point
cm848,0x00503b2c,initializeSpeedIntegratorStates,unknown,cm848_,,cm848_initializeSpeedIntegratorStates
cm848,0x00503b54,calculateLoadNormalizationDelta,unknown,cm848_,,cm848_calculateLoadNormalizationDelta
cm848,0x00503cbc,calculateSpeedFilterTerm,unknown,cm848_,,cm848_calculateSpeedFilterTerm
cm848,0x00503ed0,calculateSpeedOffsetTerm,unknown,cm848_,,cm848_calculateSpeedOffsetTerm
cm848,0x00503f60,calculateSpeedFilterCoefficients,unknown,cm848_,,cm848_calculateSpeedFilterCoefficients
cm848,0x00503f84,interpolateSpeedControlOutput,unknown,cm848_,,cm848_interpolateSpeedControlOutput
cm848,0x00504110,initializeSpeedControlOutputs,unknown,cm848_,,cm848_initializeSpeedControlOutputs
cm848,0x00504130,calculateFuelTimingGain,mpc555,mpc555_,ram003f,mpc555_calculateFuelTimingGain
cm848,0x005041bc,interpolateFuelTrimPrimary,unknown,cm848_,,cm848_interpolateFuelTrimPrimary
cm848,0x0050422c,calculateFuelScaleMultiplier,unknown,cm848_,,cm848_calculateFuelScaleMultiplier
cm848,0x005043b4,interpolateFuelTrimSecondary,unknown,cm848_,,cm848_interpolateFuelTrimSecondary
cm848,0x00504528,calculateFuelTrimAdjustments,unknown,cm848_,,cm848_calculateFuelTrimAdjustments
cm848,0x00504654,calculatePressureRatio,unknown,cm848_,,cm848_calculatePressureRatio
cm848,0x00504754,initPressureBufferValues,mpc555,mpc555_,ram003f,mpc555_initPressureBufferValues
cm848,0x0050477c,selectMaximumPressureValue,unknown,cm848_,,cm848_selectMaximumPressureValue
cm848,0x00504938,clearPressureAccumulator,unknown,cm848_,,cm848_clearPressureAccumulator
cm848,0x00504948,processFuelControlCoordinator,unknown,cm848_,,cm848_processFuelControlCoordinator
cm848,0x00504994,interpolateBoostTrimCalibration,unknown,cm848_,,cm848_interpolateBoostTrimCalibration
cm848,0x00504b0c,interpolateBoostTrimTable,unknown,cm848_,,cm848_interpolateBoostTrimTable
cm848,0x00504d38,interpolateFuelTrimTable,unknown,cm848_,,cm848_interpolateFuelTrimTable
cm848,0x00504eb0,interpolateCoolantTrimTable,unknown,cm848_,,cm848_interpolateCoolantTrimTable
cm848,0x005050f4,processPressureAndTemperatureTrim,unknown,cm848_,,cm848_processPressureAndTemperatureTrim
cm848,0x00505260,packFuelControlStatusFlags,unknown,cm848_,,cm848_packFuelControlStatusFlags
cm848,0x0050530c,calculateFuelBlendMode,unknown,cm848_,,cm848_calculateFuelBlendMode
cm848,0x005053d0,clearFuelBlendFactor1,unknown,cm848_,,cm848_clearFuelBlendFactor1
cm848,0x005053e0,updateFuelTrimAccumulator,unknown,cm848_,,cm848_updateFuelTrimAccumulator
cm848,0x00505574,clearFuelAccumulatorBuffers,unknown,cm848_,,cm848_clearFuelAccumulatorBuffers
cm848,0x005055a0,validatePressureEnableConditions,unknown,cm848_,,cm848_validatePressureEnableConditions
cm848,0x00505600,evaluateEngineSpeedMode,unknown,cm848_,,cm848_evaluateEngineSpeedMode
cm848,0x005056f8,evaluateCoolantTemperatureMode,unknown,cm848_,,cm848_evaluateCoolantTemperatureMode
cm848,0x005057dc,initPressureBufferPointer,unknown,cm848_,,cm848_initPressureBufferPointer
cm848,0x005057ec,evaluateEngineLoadConditions,unknown,cm848_,,cm848_evaluateEngineLoadConditions
cm848,0x005058a8,calculateFuelConsumptionRate,unknown,cm848_,,cm848_calculateFuelConsumptionRate
cm848,0x005059ec,evaluateThrottleSensorConditions,mpc555,mpc555_,ram003f,mpc555_evaluateThrottleSensorConditions
cm848,0x00505b3c,processThrottlePositionState,unknown,cm848_,,cm848_processThrottlePositionState
cm848,0x00505b84,selectSpeedControlFromSensorFlags,unknown,cm848_,,cm848_selectSpeedControlFromSensorFlags
cm848,0x00505bd8,updateSpeedControlState,unknown,cm848_,,cm848_updateSpeedControlState
cm848,0x00505c20,transferEepromData,unknown,cm848_,,cm848_transferEepromData
cm848,0x00505d94,initEepromTransferState,unknown,cm848_,,cm848_initEepromTransferState
cm848,0x00505df0,processDiagnosticDataTransfer,unknown,cm848_,,cm848_processDiagnosticDataTransfer
cm848,0x00505f98,processProtectionParameterData,unknown,cm848_,,cm848_processProtectionParameterData
cm848,0x0050638c,processFuelBlendCalculations,unknown,cm848_,,cm848_processFuelBlendCalculations
cm848,0x00506780,incrementFuelAndSpeedCounters,unknown,cm848_,,cm848_incrementFuelAndSpeedCounters
cm848,0x005067bc,restoreFuelAndSpeedCounters,unknown,cm848_,,cm848_restoreFuelAndSpeedCounters
cm848,0x005067e0,calculateSignedRatioDivision,unknown,cm848_,,cm848_calculateSignedRatioDivision
cm848,0x00506968,calculateDivisionWithReset,unknown,cm848_,,cm848_calculateDivisionWithReset
cm848,0x00506a3c,calculateTimingFloorDivision,unknown,cm848_,,cm848_calculateTimingFloorDivision
cm848,0x00506a64,calculateTimingFloorDivisionB,unknown,cm848_,,cm848_calculateTimingFloorDivisionB
cm848,0x00506ad4,calculateTimingOffsetWithFilter,unknown,cm848_,,cm848_calculateTimingOffsetWithFilter
cm848,0x00506b34,calculateFuelTimingWithFilter,unknown,cm848_,,cm848_calculateFuelTimingWithFilter
cm848,0x00506cd4,interpolateFuelTimingWithCheck,unknown,cm848_,,cm848_interpolateFuelTimingWithCheck
cm848,0x00506e18,selectFuelTimingSourceByFlag,unknown,cm848_,,cm848_selectFuelTimingSourceByFlag
cm848,0x00506e28,selectFuelTimingMode,unknown,cm848_,,cm848_selectFuelTimingMode
cm848,0x00506e64,updateFuelTimingInterpolation,unknown,cm848_,,cm848_updateFuelTimingInterpolation
cm848,0x00506ec0,filterPressureAdjustmentWithFlags,unknown,cm848_,,cm848_filterPressureAdjustmentWithFlags
cm848,0x00506f68,evaluatePressureRampConditions,unknown,cm848_,,cm848_evaluatePressureRampConditions
cm848,0x00507040,processPressureRampControl,unknown,cm848_,,cm848_processPressureRampControl
cm848,0x005071b8,clearPressureModeFlags,unknown,cm848_,,cm848_clearPressureModeFlags
cm848,0x005071dc,clearPressureModeFlagAtOffset,unknown,cm848_,,cm848_clearPressureModeFlagAtOffset
cm848,0x005071f4,calculatePressureDeltaAndUpdate,unknown,cm848_,,cm848_calculatePressureDeltaAndUpdate
cm848,0x00507264,initPressureControlState,unknown,cm848_,,cm848_initPressureControlState
cm848,0x00507340,interpolateLoadNormalizationMap,unknown,cm848_,,cm848_interpolateLoadNormalizationMap
cm848,0x005073f4,interpolateTemperatureScale,unknown,cm848_,,cm848_interpolateTemperatureScale
cm848,0x005074a8,updateLoadAndTemperatureScales,unknown,cm848_,,cm848_updateLoadAndTemperatureScales
cm848,0x00507504,interpolateAuxiliaryParameter,unknown,cm848_,,cm848_interpolateAuxiliaryParameter
cm848,0x00507548,interpolateFuelInjectionParam,unknown,cm848_,,cm848_interpolateFuelInjectionParam
cm848,0x00507644,updateFuelInjectionMinimumValues,unknown,cm848_,,cm848_updateFuelInjectionMinimumValues
cm848,0x005076cc,processFuelInjectionControl,unknown,cm848_,,cm848_processFuelInjectionControl
cm848,0x005077fc,calculateInjectionScaledDivision,unknown,cm848_,,cm848_calculateInjectionScaledDivision
cm848,0x005078f0,dispatchMultiPhaseStateMachine,hpcr,hpcr_,hpcr,hpcr_dispatchMultiPhaseStateMachine
cm848,0x005079fc,calculateRampAdjustment,unknown,cm848_,,cm848_calculateRampAdjustment
cm848,0x00507a20,adjustParameterWithRampLimit,unknown,cm848_,,cm848_adjustParameterWithRampLimit
cm848,0x00507a6c,interpolate2DTable,unknown,cm848_,,cm848_interpolate2DTable
cm848,0x00507acc,initProtectionLimiterState,unknown,cm848_,,cm848_initProtectionLimiterState
cm848,0x00507b68,evaluateFlagCondition,unknown,cm848_,,cm848_evaluateFlagCondition
cm848,0x00507c1c,emptyStub_reserved507c1c,unknown,cm848_,,cm848_emptyStub_reserved507c1c
cm848,0x00507c44,dispatchByParamMode,unknown,cm848_,,cm848_dispatchByParamMode
cm848,0x00507ddc,evaluatehpcr_CbdSensorActivation,hpcr,hpcr_,hpcr,hpcr_evaluatehpcr_CbdSensorActivation
cm848,0x00507e20,processLimitPriorityConditions,unknown,cm848_,,cm848_processLimitPriorityConditions
cm848,0x00507f9c,clearProtectionStatusFlags,unknown,cm848_,,cm848_clearProtectionStatusFlags
cm848,0x00507fd8,evaluateLimitConditionByFlag,unknown,cm848_,,cm848_evaluateLimitConditionByFlag
cm848,0x005080b4,checkLimitBoundaryCondition,unknown,cm848_,,cm848_checkLimitBoundaryCondition
cm848,0x00508160,iterateAndApplyLimitConditions,unknown,cm848_,,cm848_iterateAndApplyLimitConditions
cm848,0x005082b8,calculateTorqueLimiterRamp,unknown,cm848_,,cm848_calculateTorqueLimiterRamp
cm848,0x005082f0,processSensorBitmapConditions,unknown,cm848_,,cm848_processSensorBitmapConditions
cm848,0x00508490,initTorqueLimitState,unknown,cm848_,,cm848_initTorqueLimitState
cm848,0x00508a94,resetFuelEfficiencyTrimState,unknown,cm848_,,cm848_resetFuelEfficiencyTrimState
cm848,0x00508b8c,setFuelEfficiencyTrimFlag,unknown,cm848_,,cm848_setFuelEfficiencyTrimFlag
cm848,0x00508bb8,clearBoostRequestFlag,unknown,cm848_,,cm848_clearBoostRequestFlag
cm848,0x00508bd0,evaluateBoundaryCondition,unknown,cm848_,,cm848_evaluateBoundaryCondition
cm848,0x00508de8,clearSensorChannelFaultBits,unknown,cm848_,,cm848_clearSensorChannelFaultBits
cm848,0x00508e78,updateSensorBitmapAndPointer,unknown,cm848_,,cm848_updateSensorBitmapAndPointer
cm848,0x00508f0c,calculateSubtractionWithProduct,unknown,cm848_,,cm848_calculateSubtractionWithProduct
cm848,0x00508f24,handleEventCaptureAndSnapshot,unknown,cm848_,,cm848_handleEventCaptureAndSnapshot
cm848,0x005091ec,calculatePrimaryFuelAdjustment,unknown,cm848_,,cm848_calculatePrimaryFuelAdjustment
cm848,0x005094c0,initFuelAdjustmentState,unknown,cm848_,,cm848_initFuelAdjustmentState
cm848,0x00509510,evaluateDiagnosticLoadConditions,mpc555,mpc555_,ram003f,mpc555_evaluateDiagnosticLoadConditions
cm848,0x00509848,copyBufferAndUpdateJ1939Addresses,unknown,cm848_,,cm848_copyBufferAndUpdateJ1939Addresses
cm848,0x00509894,updateOutputControlMask,unknown,cm848_,,cm848_updateOutputControlMask
cm848,0x00509990,updateOutputControlMaskIndex4,unknown,cm848_,,cm848_updateOutputControlMaskIndex4
cm848,0x005099b8,updateOutputControlMaskIndex5,unknown,cm848_,,cm848_updateOutputControlMaskIndex5
cm848,0x005099e0,registerOutputControlOperations,unknown,cm848_,,cm848_registerOutputControlOperations
cm848,0x00509a2c,emptyStub_noOp,unknown,cm848_,,cm848_emptyStub_noOp
cm848,0x00509a44,clearBitmapFlag,unknown,cm848_,,cm848_clearBitmapFlag
cm848,0x00509a7c,storeIndirectValue,unknown,cm848_,,cm848_storeIndirectValue
cm848,0x00509a84,clearTertiaryBitmapFlag,unknown,cm848_,,cm848_clearTertiaryBitmapFlag
cm848,0x00509ac4,clearSecondaryBitmapFlag,unknown,cm848_,,cm848_clearSecondaryBitmapFlag
cm848,0x00509b04,isAnyPrimaryFlagSet,unknown,cm848_,,cm848_isAnyPrimaryFlagSet
cm848,0x00509b44,checkTertiaryBitmapFlagStatus,unknown,cm848_,,cm848_checkTertiaryBitmapFlagStatus
cm848,0x00509b5c,pollUntilConditionMet,unknown,cm848_,,cm848_pollUntilConditionMet
cm848,0x00509b74,searchArrayForNonZero,unknown,cm848_,,cm848_searchArrayForNonZero
cm848,0x00509b84,isAnySecondaryFlagSet,unknown,cm848_,,cm848_isAnySecondaryFlagSet
cm848,0x00509bc4,setBitmapFlag,unknown,cm848_,,cm848_setBitmapFlag
cm848,0x00509c00,setPrimaryBitmapFlag,unknown,cm848_,,cm848_setPrimaryBitmapFlag
cm848,0x00509c3c,setSecondaryBitmapFlag,unknown,cm848_,,cm848_setSecondaryBitmapFlag
cm848,0x00509c78,handleIdleSpeedControlFlag,unknown,cm848_,,cm848_handleIdleSpeedControlFlag
cm848,0x00509d78,processBoostPressureOffset,unknown,cm848_,,cm848_processBoostPressureOffset
cm848,0x00509e60,updateIdleControlStateAndBitmap,unknown,cm848_,,cm848_updateIdleControlStateAndBitmap
cm848,0x00509f78,detectEngineStateTransition,unknown,cm848_,,cm848_detectEngineStateTransition
cm848,0x0050a14c,evaluateIdleDiagCondition,unknown,cm848_,,cm848_evaluateIdleDiagCondition
cm848,0x0050a228,evaluateIdleCondition,unknown,cm848_,,cm848_evaluateIdleCondition
cm848,0x0050a3ac,processIdleControlLoop,unknown,cm848_,,cm848_processIdleControlLoop
cm848,0x0050a680,resetIdleStateFlags,unknown,cm848_,,cm848_resetIdleStateFlags
cm848,0x0050a854,idleDiagnosticProcessor,unknown,cm848_,,cm848_idleDiagnosticProcessor
cm848,0x0050a9c8,idleControlMaster,unknown,cm848_,,cm848_idleControlMaster
cm848,0x0050aba8,resetGovernorDiagnosticState,unknown,cm848_,,cm848_resetGovernorDiagnosticState
cm848,0x0050ac04,processServiceRequest,unknown,cm848_,,cm848_processServiceRequest
cm848,0x0050ad1c,validateServiceRequestAddress,unknown,cm848_,,cm848_validateServiceRequestAddress
cm848,0x0050ae4c,returnZeroStub,unknown,cm848_,,cm848_returnZeroStub
cm848,0x0050ae5c,emptyStub_reserved50ae5c,unknown,cm848_,,cm848_emptyStub_reserved50ae5c
cm848,0x0050ae64,readParameterWithOffset,unknown,cm848_,,cm848_readParameterWithOffset
cm848,0x0050aec0,emptyStub_phaseGroupA,unknown,cm848_,,cm848_emptyStub_phaseGroupA
cm848,0x0050aed4,readParameterByteOffset,unknown,cm848_,,cm848_readParameterByteOffset
cm848,0x0050af44,readParameterDwordOffset,unknown,cm848_,,cm848_readParameterDwordOffset
cm848,0x0050afac,readParameterWordOffset,unknown,cm848_,,cm848_readParameterWordOffset
cm848,0x0050b038,readParameterDwordDualOffset,unknown,cm848_,,cm848_readParameterDwordDualOffset
cm848,0x0050b0b4,readParameterDwordImmediate,unknown,cm848_,,cm848_readParameterDwordImmediate
cm848,0x0050b120,readParameterDwordImmediateDual,unknown,cm848_,,cm848_readParameterDwordImmediateDual
cm848,0x0050b184,registerReadServiceHandlers,unknown,cm848_,,cm848_registerReadServiceHandlers
cm848,0x0050b2bc,getServiceDataLength,unknown,cm848_,,cm848_getServiceDataLength
cm848,0x0050b2e0,validateDiagnosticServiceRequest,unknown,cm848_,,cm848_validateDiagnosticServiceRequest
cm848,0x0050b554,processIdleControlStateUpdate,mpc555,mpc555_,ram003f,mpc555_processIdleControlStateUpdate
cm848,0x0050b58c,extractJ1939MessageFields,mpc555,mpc555_,ram003f,mpc555_extractJ1939MessageFields
cm848,0x0050b5b4,updateIdleStateVariables,mpc555,mpc555_,ram003f,mpc555_updateIdleStateVariables
cm848,0x0050b634,emptyStub_reserved50b634,unknown,cm848_,,cm848_emptyStub_reserved50b634
cm848,0x0050ba78,registerDiagnosticDataRecords,unknown,cm848_,,cm848_registerDiagnosticDataRecords
cm848,0x0050bb18,enqueueDiagnosticRecord,unknown,cm848_,,cm848_enqueueDiagnosticRecord
cm848,0x0050bb98,initDiagnosticBuffer,unknown,cm848_,,cm848_initDiagnosticBuffer
cm848,0x0050bca0,processDiagnosticStateChanges,unknown,cm848_,,cm848_processDiagnosticStateChanges
cm848,0x0050bfc4,prepareParameterResponseFrame,unknown,cm848_,,cm848_prepareParameterResponseFrame
cm848,0x0050bff4,sendParameterCanResponse,unknown,cm848_,,cm848_sendParameterCanResponse
cm848,0x0050c0ac,registerWriteServiceHandlers,unknown,cm848_,,cm848_registerWriteServiceHandlers
cm848,0x0050c0d8,processResponseFrame,unknown,cm848_,,cm848_processResponseFrame
cm848,0x0050c27c,writeParameterWithOffset,unknown,cm848_,,cm848_writeParameterWithOffset
cm848,0x0050c2ec,writeParameterDwordOffset,unknown,cm848_,,cm848_writeParameterDwordOffset
cm848,0x0050c354,writeParameterWordOffset,unknown,cm848_,,cm848_writeParameterWordOffset
cm848,0x0050c3e0,writeParameterDwordDualOffset,unknown,cm848_,,cm848_writeParameterDwordDualOffset
cm848,0x0050c45c,writeParameterDwordImmediate,unknown,cm848_,,cm848_writeParameterDwordImmediate
cm848,0x0050c4c8,writeParameterDwordImmediateDual,unknown,cm848_,,cm848_writeParameterDwordImmediateDual
cm848,0x0050c52c,registerWriteServiceDispatch,unknown,cm848_,,cm848_registerWriteServiceDispatch
cm848,0x0050c598,j1939TransportProtocolRequestHandler,unknown,cm848_,,cm848_j1939TransportProtocolRequestHandler
cm848,0x0050c640,j1939TransportContinueTransmit,unknown,cm848_,,cm848_j1939TransportContinueTransmit
cm848,0x0050c8c4,processJ1939DataBlock,unknown,cm848_,,cm848_processJ1939DataBlock
cm848,0x0050c8ec,validateJ1939PacketBounds,unknown,cm848_,,cm848_validateJ1939PacketBounds
cm848,0x0050c968,sendJ1939StatusMessage,unknown,cm848_,,cm848_sendJ1939StatusMessage
cm848,0x0050ca00,j1939SendStatusMessage,unknown,cm848_,,cm848_j1939SendStatusMessage
cm848,0x0050caa8,prepareJ1939StatusData,unknown,cm848_,,cm848_prepareJ1939StatusData
cm848,0x0050cb3c,j1939ProcessIncomingMessage,unknown,cm848_,,cm848_j1939ProcessIncomingMessage
cm848,0x0050cc54,j1939ProcessDataContinuation,unknown,cm848_,,cm848_j1939ProcessDataContinuation
cm848,0x0050cdf0,j1939ProcessAcknowledge,unknown,cm848_,,cm848_j1939ProcessAcknowledge
cm848,0x0050ce58,j1939ProcessAbort,unknown,cm848_,,cm848_j1939ProcessAbort
cm848,0x0050cefc,j1939DispatchMessageByType,unknown,cm848_,,cm848_j1939DispatchMessageByType
cm848,0x0050cf6c,processTransmitBufferData,unknown,cm848_,,cm848_processTransmitBufferData
cm848,0x0050d0f0,j1939TransmitDataFrames,unknown,cm848_,,cm848_j1939TransmitDataFrames
cm848,0x0050d284,j1939DecrementTimeout,unknown,cm848_,,cm848_j1939DecrementTimeout
cm848,0x0050d2b8,j1939ProcessTransmitQueue,unknown,cm848_,,cm848_j1939ProcessTransmitQueue
cm848,0x0050d334,allocateDiagnosticBuffer,unknown,cm848_,,cm848_allocateDiagnosticBuffer
cm848,0x0050d3ac,registerJ1939MessageHandlers,unknown,cm848_,,cm848_registerJ1939MessageHandlers
cm848,0x0050d430,getMemoryRegionAccessCode,unknown,cm848_,,cm848_getMemoryRegionAccessCode
cm848,0x0050d510,filterGovernorState,mpc555,mpc555_,ram003f,mpc555_filterGovernorState
cm848,0x0050d60c,calculateGovernorSpeedFiltered,unknown,cm848_,,cm848_calculateGovernorSpeedFiltered
cm848,0x0050d688,calculateGovernorSpeedOutput,unknown,cm848_,,cm848_calculateGovernorSpeedOutput
cm848,0x0050d728,captureCrankPositionState,unknown,cm848_,,cm848_captureCrankPositionState
cm848,0x0050d758,initiateGovernorMode,unknown,cm848_,,cm848_initiateGovernorMode
cm848,0x0050d784,checkGovernorModeAndCaptureCrank,unknown,cm848_,,cm848_checkGovernorModeAndCaptureCrank
cm848,0x0050d854,interpolateSpeedParameter,unknown,cm848_,,cm848_interpolateSpeedParameter
cm848,0x0050d864,interpolateSpeedProtectionTable,unknown,cm848_,,cm848_interpolateSpeedProtectionTable
cm848,0x0050da60,setOperationalModeState,unknown,cm848_,,cm848_setOperationalModeState
cm848,0x0050daac,storeOperationalModeValue,unknown,cm848_,,cm848_storeOperationalModeValue
cm848,0x0050db00,calculateSpeedRatio,unknown,cm848_,,cm848_calculateSpeedRatio
cm848,0x0050dba8,computeSpeedRatioLimit,unknown,cm848_,,cm848_computeSpeedRatioLimit
cm848,0x0050dcac,calculateAlternateSpeedRatio,unknown,cm848_,,cm848_calculateAlternateSpeedRatio
cm848,0x0050dd40,emptyStub_reserved50dd40,unknown,cm848_,,cm848_emptyStub_reserved50dd40
cm848,0x0050dd4c,processFaultCountdownTimers,unknown,cm848_,,cm848_processFaultCountdownTimers
cm848,0x0050de54,processFaultCountdownTimer2,unknown,cm848_,,cm848_processFaultCountdownTimer2
cm848,0x0050e000,processOperatingConditionFlags,unknown,cm848_,,cm848_processOperatingConditionFlags
cm848,0x0050e0a0,processFuelBlendFaultTimer,unknown,cm848_,,cm848_processFuelBlendFaultTimer
cm848,0x0050e170,clearSensorDiagnosticFlag,unknown,cm848_,,cm848_clearSensorDiagnosticFlag
cm848,0x0050e1e0,checkFuelLimitCondition,unknown,cm848_,,cm848_checkFuelLimitCondition
cm848,0x0050e2bc,evaluateFaultStatusWord,unknown,cm848_,,cm848_evaluateFaultStatusWord
cm848,0x0050e414,resetFaultStatusWord,unknown,cm848_,,cm848_resetFaultStatusWord
cm848,0x0050e4a0,calculateFuelDemandScaling,unknown,cm848_,,cm848_calculateFuelDemandScaling
cm848,0x0050e4c4,calculateFuelDemandScaleFactor,unknown,cm848_,,cm848_calculateFuelDemandScaleFactor
cm848,0x0050e610,calculateSpeedInterpolationResults,unknown,cm848_,,cm848_calculateSpeedInterpolationResults
cm848,0x0050e754,interpolateFuelDemandTable,unknown,cm848_,,cm848_interpolateFuelDemandTable
cm848,0x0050e768,interpolateFuelDemandTable,unknown,cm848_,,cm848_interpolateFuelDemandTable
cm848,0x0050e7f4,calculateSpeedInterpolationParams,unknown,cm848_,,cm848_calculateSpeedInterpolationParams
cm848,0x0050e938,selectFuelDemandMode,unknown,cm848_,,cm848_selectFuelDemandMode
cm848,0x0050e970,evaluateFuelModeSelection,unknown,cm848_,,cm848_evaluateFuelModeSelection
cm848,0x0050ea88,selectFuelModeOutputValue,unknown,cm848_,,cm848_selectFuelModeOutputValue
cm848,0x0050eaa8,selectFuelModeOutput,unknown,cm848_,,cm848_selectFuelModeOutput
cm848,0x0050eaf0,processFuelModeSelection,unknown,cm848_,,cm848_processFuelModeSelection
cm848,0x0050eb5c,calculateFuelLimitAdjustment,unknown,cm848_,,cm848_calculateFuelLimitAdjustment
cm848,0x0050ebf0,processFuelLimitAdjustments,unknown,cm848_,,cm848_processFuelLimitAdjustments
cm848,0x0050ec08,updateFuelFilterCounters,unknown,cm848_,,cm848_updateFuelFilterCounters
cm848,0x0050edbc,determineFuelLimitMode,unknown,cm848_,,cm848_determineFuelLimitMode
cm848,0x0050ee24,calculateFuelFilterAndPeak,unknown,cm848_,,cm848_calculateFuelFilterAndPeak
cm848,0x0050ee44,interpolateFuelLimitValues,unknown,cm848_,,cm848_interpolateFuelLimitValues
cm848,0x0050ee68,processFuelFilterPeakOutput,unknown,cm848_,,cm848_processFuelFilterPeakOutput
cm848,0x0050f060,adjustFuelParameter,unknown,cm848_,,cm848_adjustFuelParameter
cm848,0x0050f16c,processFuelCalibration,unknown,cm848_,,cm848_processFuelCalibration
cm848,0x0050f4c0,initFuelConditionPointers,unknown,cm848_,,cm848_initFuelConditionPointers
cm848,0x0050f4e0,evaluateFuelConditionDelta,unknown,cm848_,,cm848_evaluateFuelConditionDelta
cm848,0x0050f680,evaluateSpeedThresholdCondition,unknown,cm848_,,cm848_evaluateSpeedThresholdCondition
cm848,0x0050f6c4,evaluateConditionPair,unknown,cm848_,,cm848_evaluateConditionPair
cm848,0x0050f728,calculateFuelCounterState,unknown,cm848_,,cm848_calculateFuelCounterState
cm848,0x0050f8a4,processFuelFaultMonitoring,unknown,cm848_,,cm848_processFuelFaultMonitoring
cm848,0x0050f938,initializeFuelFaultVariables,unknown,cm848_,,cm848_initializeFuelFaultVariables
cm848,0x0050f9ec,updateFaultCounterWithFlag,unknown,cm848_,,cm848_updateFaultCounterWithFlag
cm848,0x0050fb00,calculateWeightedFuelParameter,unknown,cm848_,,cm848_calculateWeightedFuelParameter
cm848,0x0050fbf8,calculateFuelStatusWithFilter,unknown,cm848_,,cm848_calculateFuelStatusWithFilter
cm848,0x0050fc8c,processFaultStatusThresholds,unknown,cm848_,,cm848_processFaultStatusThresholds
cm848,0x0050fd38,calculateWeightedFuelValue,unknown,cm848_,,cm848_calculateWeightedFuelValue
cm848,0x0050fe54,calculateFuelStatusParameters,unknown,cm848_,,cm848_calculateFuelStatusParameters
cm848,0x0050ff28,filterAndAccumulatePressureSquared,unknown,cm848_,,cm848_filterAndAccumulatePressureSquared
cm848,0x00510058,evaluateSensorDeviationCondition,unknown,cm848_,,cm848_evaluateSensorDeviationCondition
cm848,0x005101cc,updateChannelProtectionCondition,unknown,cm848_,,cm848_updateChannelProtectionCondition
cm848,0x0051027c,evaluateProtectionLatchState,unknown,cm848_,,cm848_evaluateProtectionLatchState
cm848,0x005102d4,processProtectionEventConditions,unknown,cm848_,,cm848_processProtectionEventConditions
cm848,0x005103ac,evaluateProtectionConditions,unknown,cm848_,,cm848_evaluateProtectionConditions
cm848,0x00510520,updateChannelProtectionStatus,unknown,cm848_,,cm848_updateChannelProtectionStatus
cm848,0x00510624,clearSensorStatusFlags,unknown,cm848_,,cm848_clearSensorStatusFlags
cm848,0x00510668,auxSensorChannel26_init,unknown,cm848_,,cm848_auxSensorChannel26_init
cm848,0x005106f4,auxSensorChannel26_process,unknown,cm848_,,cm848_auxSensorChannel26_process
cm848,0x00510780,auxSensorChannel28_init,unknown,cm848_,,cm848_auxSensorChannel28_init
cm848,0x0051080c,auxSensorChannel28_process,unknown,cm848_,,cm848_auxSensorChannel28_process
cm848,0x00510898,auxSensorChannel29_init,unknown,cm848_,,cm848_auxSensorChannel29_init
cm848,0x00510924,auxSensorChannel29_process,unknown,cm848_,,cm848_auxSensorChannel29_process
cm848,0x00510978,auxSensor29_process,unknown,cm848_,,cm848_auxSensor29_process
cm848,0x005109b0,crankshaftSensor_init,unknown,cm848_,,cm848_crankshaftSensor_init
cm848,0x005109bc,crankshaftSensor_initB,unknown,cm848_,,cm848_crankshaftSensor_initB
cm848,0x00510a3c,crankshaftSensor_process,unknown,cm848_,,cm848_crankshaftSensor_process
cm848,0x00510a48,crankshaftSensor_processB,unknown,cm848_,,cm848_crankshaftSensor_processB
cm848,0x00510ac8,auxSensorChannel103_init,unknown,cm848_,,cm848_auxSensorChannel103_init
cm848,0x00510ad4,auxSensorChannel103_init,unknown,cm848_,,cm848_auxSensorChannel103_init
cm848,0x00510b54,updateAuxSensorChannelState,unknown,cm848_,,cm848_updateAuxSensorChannelState
cm848,0x00510b60,auxSensorChannel103_process,unknown,cm848_,,cm848_auxSensorChannel103_process
cm848,0x00510be0,initEventFlag26Handler,unknown,cm848_,,cm848_initEventFlag26Handler
cm848,0x00510bec,initEventFlag26State,unknown,cm848_,,cm848_initEventFlag26State
cm848,0x00510c4c,processEventFlag26Logic,unknown,cm848_,,cm848_processEventFlag26Logic
cm848,0x00510c78,processEventFlag26Counter,unknown,cm848_,,cm848_processEventFlag26Counter
cm848,0x00510d04,emptyStub_reserved510d04,unknown,cm848_,,cm848_emptyStub_reserved510d04
cm848,0x00510d24,evaluateSpeedSyncCondition,unknown,cm848_,,cm848_evaluateSpeedSyncCondition
cm848,0x00510d90,evaluateMultichannelDemandCondition,unknown,cm848_,,cm848_evaluateMultichannelDemandCondition
cm848,0x00510e1c,evaluateSpeedSyncSystemState,unknown,cm848_,,cm848_evaluateSpeedSyncSystemState
cm848,0x00510ea8,evaluateMultichannelStateConditions,unknown,cm848_,,cm848_evaluateMultichannelStateConditions
cm848,0x00510f34,processMultichannelRampRate,unknown,cm848_,,cm848_processMultichannelRampRate
cm848,0x005115a4,processEventFlag26Dispatcher,unknown,cm848_,,cm848_processEventFlag26Dispatcher
cm848,0x005115e8,updateProtectionLockoutState,unknown,cm848_,,cm848_updateProtectionLockoutState
cm848,0x00511810,updateEngineProtectionMode,mpc555,mpc555_,ram003f,mpc555_updateEngineProtectionMode
cm848,0x005118f8,processProtectionHysteresis,unknown,cm848_,,cm848_processProtectionHysteresis
cm848,0x0051193c,updateProtectionHysteresisCounter,unknown,cm848_,,cm848_updateProtectionHysteresisCounter
cm848,0x00511b64,setMultichannelStateTableEntry,unknown,cm848_,,cm848_setMultichannelStateTableEntry
cm848,0x00511b80,updateDiagnosticTorqueLimitState,unknown,cm848_,,cm848_updateDiagnosticTorqueLimitState
cm848,0x00511ddc,updateTransmissionTorqueControl,unknown,cm848_,,cm848_updateTransmissionTorqueControl
cm848,0x00511ea8,processDynamicControlState,unknown,cm848_,,cm848_processDynamicControlState
cm848,0x00511ed4,processDynamicControlStateB,unknown,cm848_,,cm848_processDynamicControlStateB
cm848,0x00512130,incrementDynamicControlCounter,unknown,cm848_,,cm848_incrementDynamicControlCounter
cm848,0x005122a0,protectionModeState2Handler,unknown,cm848_,,cm848_protectionModeState2Handler
cm848,0x00512324,evaluateEmissionCondition,unknown,cm848_,,cm848_evaluateEmissionCondition
cm848,0x005123d0,selectStateCodeByCondition,unknown,cm848_,,cm848_selectStateCodeByCondition
cm848,0x00512408,updateFilteredPressureValue,unknown,cm848_,,cm848_updateFilteredPressureValue
cm848,0x00512484,updatePressureDifferenceAccumulator,unknown,cm848_,,cm848_updatePressureDifferenceAccumulator
cm848,0x00512524,protectionModeState4Handler,unknown,cm848_,,cm848_protectionModeState4Handler
cm848,0x00512554,storeDynamicStateValue,unknown,cm848_,,cm848_storeDynamicStateValue
cm848,0x005125c8,protectionModeState3Handler,unknown,cm848_,,cm848_protectionModeState3Handler
cm848,0x0051265c,selectNextProtectionModeState,unknown,cm848_,,cm848_selectNextProtectionModeState
cm848,0x00512678,evaluateProtectionModeState,unknown,cm848_,,cm848_evaluateProtectionModeState
cm848,0x0051270c,checkProtectionModeConditions,unknown,cm848_,,cm848_checkProtectionModeConditions
cm848,0x005129b0,getProtectionControlMode,unknown,cm848_,,cm848_getProtectionControlMode
cm848,0x00512b1c,detectEngineProtectionThreshold,unknown,cm848_,,cm848_detectEngineProtectionThreshold
cm848,0x00512bc4,selectAlternateStateCode,unknown,cm848_,,cm848_selectAlternateStateCode
cm848,0x00512ca0,evaluateProtectionMainState,unknown,cm848_,,cm848_evaluateProtectionMainState
cm848,0x00512eac,evaluateProtectionConditionFlags,mpc555,mpc555_,ram003f,mpc555_evaluateProtectionConditionFlags
cm848,0x00512ff4,calculateProtectionIntegrator,unknown,cm848_,,cm848_calculateProtectionIntegrator
cm848,0x005130f4,accumulateGovernorThresholdCounts,unknown,cm848_,,cm848_accumulateGovernorThresholdCounts
cm848,0x00513200,emptyStub_reserved513200,unknown,cm848_,,cm848_emptyStub_reserved513200
cm848,0x00513208,checkGovernorThresholdCrossing,unknown,cm848_,,cm848_checkGovernorThresholdCrossing
cm848,0x00513348,monitorGovernorMultiChannelThresholds,unknown,cm848_,,cm848_monitorGovernorMultiChannelThresholds
cm848,0x005134e8,setProtectionConditionFlags,unknown,cm848_,,cm848_setProtectionConditionFlags
cm848,0x00513548,evaluateGovernorThresholds,unknown,cm848_,,cm848_evaluateGovernorThresholds
cm848,0x0051356c,calculateGovernorSpeedError,unknown,cm848_,,cm848_calculateGovernorSpeedError
cm848,0x005135a4,calculateGovernorTorqueLimitAndMode,unknown,cm848_,,cm848_calculateGovernorTorqueLimitAndMode
cm848,0x005136dc,interpolateGovernorModeLimit,unknown,cm848_,,cm848_interpolateGovernorModeLimit
cm848,0x00513790,applyCrankPositionHysteresis,unknown,cm848_,,cm848_applyCrankPositionHysteresis
cm848,0x0051386c,interpolateGovernorModeByIndex,unknown,cm848_,,cm848_interpolateGovernorModeByIndex
cm848,0x005138f4,interpolateBoostPressureLimit,unknown,cm848_,,cm848_interpolateBoostPressureLimit
cm848,0x005139f8,initializeGovernorState,unknown,cm848_,,cm848_initializeGovernorState
cm848,0x00513b48,evaluateGovernorMode,unknown,cm848_,,cm848_evaluateGovernorMode
cm848,0x00513c78,updateEventFlagConditional,unknown,cm848_,,cm848_updateEventFlagConditional
cm848,0x00513cf4,updateEventFlag11Handler,unknown,cm848_,,cm848_updateEventFlag11Handler
cm848,0x00513ddc,updateEventFlag53,unknown,cm848_,,cm848_updateEventFlag53
cm848,0x00513f5c,copyByteValuesToShorts,unknown,cm848_,,cm848_copyByteValuesToShorts
cm848,0x00513fe0,evaluateSpeedControlDiagnostics,unknown,cm848_,,cm848_evaluateSpeedControlDiagnostics
cm848,0x00514048,processSpeedControlCalculation,unknown,cm848_,,cm848_processSpeedControlCalculation
cm848,0x00514108,processSpeedControlCalculationB,unknown,cm848_,,cm848_processSpeedControlCalculationB
cm848,0x00514394,processSpeedControlCalculationC,unknown,cm848_,,cm848_processSpeedControlCalculationC
cm848,0x00514f5c,calculateSpeedErrorAccumulator,unknown,cm848_,,cm848_calculateSpeedErrorAccumulator
cm848,0x0051524c,evaluateSpeedControlActivationConditions,unknown,cm848_,,cm848_evaluateSpeedControlActivationConditions
cm848,0x005154e8,applySpeedControlOutputLimits,unknown,cm848_,,cm848_applySpeedControlOutputLimits
cm848,0x00515798,evaluateSpeedControlIntegration,unknown,cm848_,,cm848_evaluateSpeedControlIntegration
cm848,0x005157c0,initSpeedControlDiagnosticState,unknown,cm848_,,cm848_initSpeedControlDiagnosticState
cm848,0x00515964,evaluateSpeedCorrectionFactor,unknown,cm848_,,cm848_evaluateSpeedCorrectionFactor
cm848,0x00515bac,configureTimerChannelA,mpc555,mpc555_,ram0030,mpc555_configureTimerChannelA
cm848,0x00515bd4,configureTimerChannelB,mpc555,mpc555_,ram0030,mpc555_configureTimerChannelB
cm848,0x00515d78,validateSpeedCorrectionFlag,unknown,cm848_,,cm848_validateSpeedCorrectionFlag
cm848,0x00515dac,initSpeedControlIntegratorState,unknown,cm848_,,cm848_initSpeedControlIntegratorState
cm848,0x00515e60,evaluateSpeedNormalizationFactor,mpc555,mpc555_,ram0030,mpc555_evaluateSpeedNormalizationFactor
cm848,0x00516014,initOilPressureState,unknown,cm848_,,cm848_initOilPressureState
cm848,0x00516040,updateOilPressureFilter,unknown,cm848_,,cm848_updateOilPressureFilter
cm848,0x00516164,resetOilPressureDebounce,unknown,cm848_,,cm848_resetOilPressureDebounce
cm848,0x0051617c,updateOilPressureHysteresis,unknown,cm848_,,cm848_updateOilPressureHysteresis
cm848,0x005161c0,processOilPressureHysteresis,unknown,cm848_,,cm848_processOilPressureHysteresis
cm848,0x0051626c,updateOilPressureOutputFilter,unknown,cm848_,,cm848_updateOilPressureOutputFilter
cm848,0x005162ec,initOilPressureProtection,unknown,cm848_,,cm848_initOilPressureProtection
cm848,0x00516338,calculateOilPressureRate,unknown,cm848_,,cm848_calculateOilPressureRate
cm848,0x00516420,resetOilPressureTimeout,unknown,cm848_,,cm848_resetOilPressureTimeout
cm848,0x00516430,processOilPressureIntegration,unknown,cm848_,,cm848_processOilPressureIntegration
cm848,0x005165fc,resetProtectionRateLimit,unknown,cm848_,,cm848_resetProtectionRateLimit
cm848,0x0051660c,initOilPressureStateAndLimits,unknown,cm848_,,cm848_initOilPressureStateAndLimits
cm848,0x00516680,updateProtectionRateLimitState,unknown,cm848_,,cm848_updateProtectionRateLimitState
cm848,0x0051679c,updateOilPressureCyclicProcess,unknown,cm848_,,cm848_updateOilPressureCyclicProcess
cm848,0x00516804,evaluateBoostPressureBlending,unknown,cm848_,,cm848_evaluateBoostPressureBlending
cm848,0x005169e4,clearEventFlag36Handler,unknown,cm848_,,cm848_clearEventFlag36Handler
cm848,0x00516a20,initEventFlag54State,unknown,cm848_,,cm848_initEventFlag54State
cm848,0x00516a48,initCoolantTemperatureProtectionState,unknown,cm848_,,cm848_initCoolantTemperatureProtectionState
cm848,0x00516b88,interpolateCoolantProtectionValue,unknown,cm848_,,cm848_interpolateCoolantProtectionValue
cm848,0x00516bb0,interpolateCoolantTable,unknown,cm848_,,cm848_interpolateCoolantTable
cm848,0x00516c18,activateCoolantProtectionEvents,unknown,cm848_,,cm848_activateCoolantProtectionEvents
cm848,0x00516d0c,updateCoolantEventFlags,unknown,cm848_,,cm848_updateCoolantEventFlags
cm848,0x00516df8,processCoolantEventTransition,unknown,cm848_,,cm848_processCoolantEventTransition
cm848,0x00516e5c,clearCoolantProtectionEvents,unknown,cm848_,,cm848_clearCoolantProtectionEvents
cm848,0x00516f58,processCoolantProtectionEntry,unknown,cm848_,,cm848_processCoolantProtectionEntry
cm848,0x0051714c,selectCoolantProtectionPath1,unknown,cm848_,,cm848_selectCoolantProtectionPath1
cm848,0x005171b4,selectCoolantProtectionPath2,unknown,cm848_,,cm848_selectCoolantProtectionPath2
cm848,0x0051730c,processProtectionStateTransition,unknown,cm848_,,cm848_processProtectionStateTransition
cm848,0x00517648,resetProtectionEventFlags,unknown,cm848_,,cm848_resetProtectionEventFlags
cm848,0x0051775c,executeCoolantProtectionPhase4,unknown,cm848_,,cm848_executeCoolantProtectionPhase4
cm848,0x00517b34,evaluateCoolantTemperatureTransition,unknown,cm848_,,cm848_evaluateCoolantTemperatureTransition
cm848,0x00517f20,selectCoolantLoadReference,unknown,cm848_,,cm848_selectCoolantLoadReference
cm848,0x00517f48,selectCoolantProtectionReference,unknown,cm848_,,cm848_selectCoolantProtectionReference
cm848,0x00517fa0,updateCoolantTemperatureReference,unknown,cm848_,,cm848_updateCoolantTemperatureReference
cm848,0x00518124,processCoolantProtectionCycleState,unknown,cm848_,,cm848_processCoolantProtectionCycleState
cm848,0x00518324,processProtectionStateSwitch,unknown,cm848_,,cm848_processProtectionStateSwitch
cm848,0x005183b4,handleProtectionStateSwitchCase,unknown,cm848_,,cm848_handleProtectionStateSwitchCase
cm848,0x00518538,processDiagnosticModeFlags,unknown,cm848_,,cm848_processDiagnosticModeFlags
cm848,0x005185b4,unsignedDivisionWrap64,unknown,cm848_,,cm848_unsignedDivisionWrap64
cm848,0x005185dc,convertTemperatureCelsiusToDisplayFormat,unknown,cm848_,,cm848_convertTemperatureCelsiusToDisplayFormat
cm848,0x0051862c,divideEngineParameterBy61525,unknown,cm848_,,cm848_divideEngineParameterBy61525
cm848,0x00518668,updateControlModeAndBuffer,unknown,cm848_,,cm848_updateControlModeAndBuffer
cm848,0x00518680,copyProtectionStateBuffer,unknown,cm848_,,cm848_copyProtectionStateBuffer
cm848,0x005186a8,wrapperCallControlMode,unknown,cm848_,,cm848_wrapperCallControlMode
cm848,0x005186cc,convertTemperatureToScale,unknown,cm848_,,cm848_convertTemperatureToScale
cm848,0x0051871c,convertSensorToPercentage,unknown,cm848_,,cm848_convertSensorToPercentage
cm848,0x00518744,clampAndConvertByteValue,unknown,cm848_,,cm848_clampAndConvertByteValue
cm848,0x00518760,useFixedConstantValue,unknown,cm848_,,cm848_useFixedConstantValue
cm848,0x0051876c,convertDiscreteDigitalValue,unknown,cm848_,,cm848_convertDiscreteDigitalValue
cm848,0x00519318,emptyCommandHandler,unknown,cm848_,,cm848_emptyCommandHandler
cm848,0x0051931c,processDisplayCommandState,unknown,cm848_,,cm848_processDisplayCommandState
cm848,0x005196f0,processFaultListEntry,unknown,cm848_,,cm848_processFaultListEntry
cm848,0x0051972c,processFaultListEntryB,unknown,cm848_,,cm848_processFaultListEntryB
cm848,0x00519870,initOilTemperatureEventFlag35,unknown,cm848_,,cm848_initOilTemperatureEventFlag35
cm848,0x005198b0,updateOilTemperatureDebounceState,unknown,cm848_,,cm848_updateOilTemperatureDebounceState
cm848,0x00519a18,initOilTemperatureProtectionThreshold,unknown,cm848_,,cm848_initOilTemperatureProtectionThreshold
cm848,0x00519c04,initOilTemperatureConditionState,mpc555,mpc555_,ram003f,mpc555_initOilTemperatureConditionState
cm848,0x00519c64,initOilTemperatureState,unknown,cm848_,,cm848_initOilTemperatureState
cm848,0x00519c84,storeIndirectValueB,unknown,cm848_,,cm848_storeIndirectValueB
cm848,0x00519c94,evaluateOilTemperatureLoadCondition,unknown,cm848_,,cm848_evaluateOilTemperatureLoadCondition
cm848,0x00519cc4,evaluateProtectionStepCondition,unknown,cm848_,,cm848_evaluateProtectionStepCondition
cm848,0x00519e2c,updateProtectionActiveFlag,unknown,cm848_,,cm848_updateProtectionActiveFlag
cm848,0x0051a0a8,processOilTempSensorRange,unknown,cm848_,,cm848_processOilTempSensorRange
cm848,0x0051a234,evaluateOilTemperatureSensorDiagnostics,unknown,cm848_,,cm848_evaluateOilTemperatureSensorDiagnostics
cm848,0x0051a464,evaluateEmissionControlAdjustment,mpc555,mpc555_,ram003f,mpc555_evaluateEmissionControlAdjustment
cm848,0x0051a648,processEmissionControlState,unknown,cm848_,,cm848_processEmissionControlState
cm848,0x0051a75c,updateCalibrationPhaseCounter,unknown,cm848_,,cm848_updateCalibrationPhaseCounter
cm848,0x0051a878,updateCalibrationPhaseFlags,unknown,cm848_,,cm848_updateCalibrationPhaseFlags
cm848,0x0051aae4,evaluateThermalFailsafeConditions,unknown,cm848_,,cm848_evaluateThermalFailsafeConditions
cm848,0x0051ab50,evaluateThermalPhaseConditions,unknown,cm848_,,cm848_evaluateThermalPhaseConditions
cm848,0x0051ab70,evaluateThermalPhaseConditionsB,unknown,cm848_,,cm848_evaluateThermalPhaseConditionsB
cm848,0x0051aecc,evaluateThermalInjectionTimingRange,unknown,cm848_,,cm848_evaluateThermalInjectionTimingRange
cm848,0x0051aef8,monitorThermalProtectionState,unknown,cm848_,,cm848_monitorThermalProtectionState
cm848,0x0051b158,updateThermalLockoutTimer,unknown,cm848_,,cm848_updateThermalLockoutTimer
cm848,0x0051b56c,setProtectionInhibitFlag,unknown,cm848_,,cm848_setProtectionInhibitFlag
cm848,0x0051b58c,checkAndDispatchCommand,unknown,cm848_,,cm848_checkAndDispatchCommand
cm848,0x0051b608,accumulateWithClamp,unknown,cm848_,,cm848_accumulateWithClamp
cm848,0x0051b658,computeClampedDelta,unknown,cm848_,,cm848_computeClampedDelta
cm848,0x0051b6a8,evaluateExhaustTemperatureDiagnostics,unknown,cm848_,,cm848_evaluateExhaustTemperatureDiagnostics
cm848,0x0051b978,processComplexControlLoop,unknown,cm848_,,cm848_processComplexControlLoop
cm848,0x0051babc,processComplexControlLoopB,unknown,cm848_,,cm848_processComplexControlLoopB
cm848,0x0051bed0,updateProtectionModeAndDispatch,unknown,cm848_,,cm848_updateProtectionModeAndDispatch
cm848,0x0051bfc4,updateExhaustTemperatureProtectionMode,unknown,cm848_,,cm848_updateExhaustTemperatureProtectionMode
cm848,0x0051c278,clampProtectionLimit,unknown,cm848_,,cm848_clampProtectionLimit
cm848,0x0051c2b4,calculateWarmupProtectionLimit,unknown,cm848_,,cm848_calculateWarmupProtectionLimit
cm848,0x0051c2d0,calculateWarmupProtectionLimitB,unknown,cm848_,,cm848_calculateWarmupProtectionLimitB
cm848,0x0051c3d8,calculateWarmupProtectionLimitC,unknown,cm848_,,cm848_calculateWarmupProtectionLimitC
cm848,0x0051c534,calculateDeltaWarmupCompensation,unknown,cm848_,,cm848_calculateDeltaWarmupCompensation
cm848,0x0051c5dc,processWarmupTimerDecrement,unknown,cm848_,,cm848_processWarmupTimerDecrement
cm848,0x0051c6c0,updateWarmupProtectionMode,unknown,cm848_,,cm848_updateWarmupProtectionMode
cm848,0x0051c974,initWarmupStateAndTimers,unknown,cm848_,,cm848_initWarmupStateAndTimers
cm848,0x0051ca00,lookupParameterPointer,unknown,cm848_,,cm848_lookupParameterPointer
cm848,0x0051cad4,selectDataPointerByBitFlag,unknown,cm848_,,cm848_selectDataPointerByBitFlag
cm848,0x0051cb54,nullParameterHandler,unknown,cm848_,,cm848_nullParameterHandler
cm848,0x0051cd88,dispatchByJumpTable,unknown,cm848_,,cm848_dispatchByJumpTable
cm848,0x0051d190,addWithMask16,unknown,cm848_,,cm848_addWithMask16
cm848,0x0051d1a8,getCommandAddressFromMemory,unknown,cm848_,,cm848_getCommandAddressFromMemory
cm848,0x0051d1c8,getActiveQueueFlags,unknown,cm848_,,cm848_getActiveQueueFlags
cm848,0x0051d224,lookupParameterByCommandAndOffset,unknown,cm848_,,cm848_lookupParameterByCommandAndOffset
cm848,0x0051d2f8,executeStateTransitionMode,unknown,cm848_,,cm848_executeStateTransitionMode
cm848,0x0051d36c,dispatchByCommandCode,unknown,cm848_,,cm848_dispatchByCommandCode
cm848,0x0051d3fc,initCommandDispatchMode,unknown,cm848_,,cm848_initCommandDispatchMode
cm848,0x0051d42c,processProtectionTimerState,unknown,cm848_,,cm848_processProtectionTimerState
cm848,0x0051d458,processCommandQueueStep,mpc555,mpc555_,ram0030,mpc555_processCommandQueueStep
cm848,0x0051d58c,processCommandQueueStateMachine,mpc555,mpc555_,ram0030,mpc555_processCommandQueueStateMachine
cm848,0x0051d624,initCommandQueueState,unknown,cm848_,,cm848_initCommandQueueState
cm848,0x0051d644,resetModeState,mpc555,mpc555_,ram0030,mpc555_resetModeState
cm848,0x0051d69c,activateCommandQueueExecution,mpc555,mpc555_,ram0030,mpc555_activateCommandQueueExecution
cm848,0x0051d6f8,syncCfgValuesToEeprom,unknown,cm848_,,cm848_syncCfgValuesToEeprom
cm848,0x0051d70c,syncDiagnosticsTemperatureToEeprom,unknown,cm848_,,cm848_syncDiagnosticsTemperatureToEeprom
cm848,0x0051d7c0,initCommandDispatchExecution,unknown,cm848_,,cm848_initCommandDispatchExecution
cm848,0x0051d808,handleCommandDispatchMode,unknown,cm848_,,cm848_handleCommandDispatchMode
cm848,0x0051d810,handleCommandF5toF8,unknown,cm848_,,cm848_handleCommandF5toF8
cm848,0x0051d840,dispatchByOffsetTable,unknown,cm848_,,cm848_dispatchByOffsetTable
cm848,0x0051d86c,handleCommand253State,unknown,cm848_,,cm848_handleCommand253State
cm848,0x0051d8c8,wrapperProcessCommandQueue,unknown,cm848_,,cm848_wrapperProcessCommandQueue
cm848,0x0051d958,validateCommandState,unknown,cm848_,,cm848_validateCommandState
cm848,0x0051d9a0,emptyStateHandler,unknown,cm848_,,cm848_emptyStateHandler
cm848,0x0051d9c0,commandStateHandler1,unknown,cm848_,,cm848_commandStateHandler1
cm848,0x0051d9d4,commandStateHandler2,unknown,cm848_,,cm848_commandStateHandler2
cm848,0x0051d9dc,commandStateHandler3,unknown,cm848_,,cm848_commandStateHandler3
cm848,0x0051d9fc,commandStateHandler4,unknown,cm848_,,cm848_commandStateHandler4
cm848,0x0051da10,commandStateHandler5,unknown,cm848_,,cm848_commandStateHandler5
cm848,0x0051da24,commandStateHandler6,unknown,cm848_,,cm848_commandStateHandler6
cm848,0x0051da38,commandStateHandler7,unknown,cm848_,,cm848_commandStateHandler7
cm848,0x0051da4c,resetStateAndDispatch,unknown,cm848_,,cm848_resetStateAndDispatch
cm848,0x0051da58,initiateCommandDispatch,unknown,cm848_,,cm848_initiateCommandDispatch
cm848,0x0051da7c,executeQueuedCommand,unknown,cm848_,,cm848_executeQueuedCommand
cm848,0x0051da94,processParameterTableLookup,unknown,cm848_,,cm848_processParameterTableLookup
cm848,0x0051dad4,lookupAndDispatchCommand,unknown,cm848_,,cm848_lookupAndDispatchCommand
cm848,0x0051db0c,lookupCommandCodeFromTable,unknown,cm848_,,cm848_lookupCommandCodeFromTable
cm848,0x0051db98,clearFilterStateVariables,unknown,cm848_,,cm848_clearFilterStateVariables
cm848,0x0051dbc8,buildStatusFlags,unknown,cm848_,,cm848_buildStatusFlags
cm848,0x0051dc34,packFaultCountersToWords,unknown,cm848_,,cm848_packFaultCountersToWords
cm848,0x0051dcb0,dispatchByCommandState,unknown,cm848_,,cm848_dispatchByCommandState
cm848,0x0051df70,dispatchCommand245,unknown,cm848_,,cm848_dispatchCommand245
cm848,0x0051df9c,dispatchCommand250,unknown,cm848_,,cm848_dispatchCommand250
cm848,0x0051dfc8,dispatchCommand251,unknown,cm848_,,cm848_dispatchCommand251
cm848,0x0051dff4,dispatchCommand252,unknown,cm848_,,cm848_dispatchCommand252
cm848,0x0051e020,dispatchCommand253,unknown,cm848_,,cm848_dispatchCommand253
cm848,0x0051e04c,initEventTimerProcessingMode,unknown,cm848_,,cm848_initEventTimerProcessingMode
cm848,0x0051e07c,cancelEventTimer,unknown,cm848_,,cm848_cancelEventTimer
cm848,0x0051e100,cancelAllEventTimers,unknown,cm848_,,cm848_cancelAllEventTimers
cm848,0x0051e210,tickEventTimer,unknown,cm848_,,cm848_tickEventTimer
cm848,0x0051e2cc,processEventTimerTick,unknown,cm848_,,cm848_processEventTimerTick
cm848,0x0051e480,triggerDiagnosticEvent,unknown,cm848_,,cm848_triggerDiagnosticEvent
cm848,0x0051e500,processEventTimerState,unknown,cm848_,,cm848_processEventTimerState
cm848,0x0051eadc,initCommandExecutionMode,unknown,cm848_,,cm848_initCommandExecutionMode
cm848,0x0051eb0c,processCommandSwitch,unknown,cm848_,,cm848_processCommandSwitch
cm848,0x005200e4,processCommandResponseReset,unknown,cm848_,,cm848_processCommandResponseReset
cm848,0x00520208,decrementCountdownTimer,unknown,cm848_,,cm848_decrementCountdownTimer
cm848,0x00520240,initCommandSequence,unknown,cm848_,,cm848_initCommandSequence
cm848,0x00520270,resetStateCounters,unknown,cm848_,,cm848_resetStateCounters
cm848,0x005202b0,initializeCommandState,unknown,cm848_,,cm848_initializeCommandState
cm848,0x00520318,initProcessDiagnosticStatus,unknown,cm848_,,cm848_initProcessDiagnosticStatus
cm848,0x00520348,processDiagnosticStatusPackage,unknown,cm848_,,cm848_processDiagnosticStatusPackage
cm848,0x005206c4,initProcessResetCommand,unknown,cm848_,,cm848_initProcessResetCommand
cm848,0x00520700,processResetCommand,hpcr,hpcr_,cbd_,hpcr_processResetCommand
cm848,0x005212e0,initProcessEepromWrite,unknown,cm848_,,cm848_initProcessEepromWrite
cm848,0x0052131c,processEepromWriteCommand,unknown,cm848_,,cm848_processEepromWriteCommand
cm848,0x00521474,initCommandAndDispatch,unknown,cm848_,,cm848_initCommandAndDispatch
cm848,0x005214f4,initProcessParameterRead,unknown,cm848_,,cm848_initProcessParameterRead
cm848,0x00521530,processParameterReadCommand,unknown,cm848_,,cm848_processParameterReadCommand
cm848,0x0052164c,initWriteParameterByAddress,unknown,cm848_,,cm848_initWriteParameterByAddress
cm848,0x00521688,writeParameterByLookup,mpc555,mpc555_,ram003f,mpc555_writeParameterByLookup
cm848,0x005216cc,processParameterWriteCommand,unknown,cm848_,,cm848_processParameterWriteCommand
cm848,0x00521758,initReadDiagnosticValue,unknown,cm848_,,cm848_initReadDiagnosticValue
cm848,0x00521788,readDiagnosticValue,unknown,cm848_,,cm848_readDiagnosticValue
cm848,0x00521928,processEngineSpeedResponse,unknown,cm848_,,cm848_processEngineSpeedResponse
cm848,0x005219f0,initProcessChecksumValidation,unknown,cm848_,,cm848_initProcessChecksumValidation
cm848,0x00521a2c,decrementTimeout,unknown,cm848_,,cm848_decrementTimeout
cm848,0x00521a54,processChecksumValidation,unknown,cm848_,,cm848_processChecksumValidation
cm848,0x00521c30,initProcessSecurityCommand,unknown,cm848_,,cm848_initProcessSecurityCommand
cm848,0x00521c60,completeCommandExecution,unknown,cm848_,,cm848_completeCommandExecution
cm848,0x00521ca0,writeEepromWithRetry,unknown,cm848_,,cm848_writeEepromWithRetry
cm848,0x00521d44,processSecurityCommand,unknown,cm848_,,cm848_processSecurityCommand
cm848,0x00521e10,buildParameterValuePacket8,unknown,cm848_,,cm848_buildParameterValuePacket8
cm848,0x00521f00,buildParameterValuePacketAA,unknown,cm848_,,cm848_buildParameterValuePacketAA
cm848,0x00522018,initReadSensorChannelStatus,unknown,cm848_,,cm848_initReadSensorChannelStatus
cm848,0x00522054,lookupParameterTableEntry,unknown,cm848_,,cm848_lookupParameterTableEntry
cm848,0x00522074,lookupSensorParameterEntry,unknown,cm848_,,cm848_lookupSensorParameterEntry
cm848,0x0052209c,checkSensorActiveStatus,unknown,cm848_,,cm848_checkSensorActiveStatus
cm848,0x00522118,readSensorChannelStatus,unknown,cm848_,,cm848_readSensorChannelStatus
cm848,0x00522260,validateResponseChecksum,unknown,cm848_,,cm848_validateResponseChecksum
cm848,0x00522398,updateEngineRunningCounter,unknown,cm848_,,cm848_updateEngineRunningCounter
cm848,0x0052261c,updateSystemEnableFlag,unknown,cm848_,,cm848_updateSystemEnableFlag
cm848,0x0052269c,synchronizeEnableState,unknown,cm848_,,cm848_synchronizeEnableState
cm848,0x00522700,updateDiagnosticStateWithFlag,unknown,cm848_,,cm848_updateDiagnosticStateWithFlag
cm848,0x00522750,processOperatingStateTransition,unknown,cm848_,,cm848_processOperatingStateTransition
cm848,0x00522788,conditionalSyncEnableState,unknown,cm848_,,cm848_conditionalSyncEnableState
cm848,0x005227ac,evaluateOperatingStateConditions,unknown,cm848_,,cm848_evaluateOperatingStateConditions
cm848,0x005229c0,updateSystemEnableFlagConditional,unknown,cm848_,,cm848_updateSystemEnableFlagConditional
cm848,0x00522a04,clearEnableStateBit10,unknown,cm848_,,cm848_clearEnableStateBit10
cm848,0x00522b64,evaluateOperatingStateTransition,unknown,cm848_,,cm848_evaluateOperatingStateTransition
cm848,0x00522d34,updateEngineLoadDiagnostics,unknown,cm848_,,cm848_updateEngineLoadDiagnostics
cm848,0x00523068,updateProtectionErrorFiltered,unknown,cm848_,,cm848_updateProtectionErrorFiltered
cm848,0x005230f4,calculateProtectionCounterValue,unknown,cm848_,,cm848_calculateProtectionCounterValue
cm848,0x00523148,calculateEngineLoadProtection,unknown,cm848_,,cm848_calculateEngineLoadProtection
cm848,0x00523444,interpolateBoostPressureMap,unknown,cm848_,,cm848_interpolateBoostPressureMap
cm848,0x005234f8,updateEepromConfigBits,unknown,cm848_,,cm848_updateEepromConfigBits
cm848,0x00523688,toggleEepromDataSource,unknown,cm848_,,cm848_toggleEepromDataSource
cm848,0x00523748,clearTorqueProtectionState,unknown,cm848_,,cm848_clearTorqueProtectionState
cm848,0x00523750,initFuelCorrectionState,unknown,cm848_,,cm848_initFuelCorrectionState
cm848,0x00523760,initFuelCorrectionStateB,unknown,cm848_,,cm848_initFuelCorrectionStateB
cm848,0x00523790,lookupByteFromTable,unknown,cm848_,,cm848_lookupByteFromTable
cm848,0x00523798,lookupByteFromTableB,unknown,cm848_,,cm848_lookupByteFromTableB
cm848,0x005237b0,computeByteChecksum,unknown,cm848_,,cm848_computeByteChecksum
cm848,0x005237ec,computeAndStoreChecksum,unknown,cm848_,,cm848_computeAndStoreChecksum
cm848,0x00523858,computeProtectionFuelLimit,unknown,cm848_,,cm848_computeProtectionFuelLimit
cm848,0x00523884,generateChecksumWithSeed,unknown,cm848_,,cm848_generateChecksumWithSeed
cm848,0x00523924,initializeChecksumStorage,unknown,cm848_,,cm848_initializeChecksumStorage
cm848,0x00523a74,applyTorqueLimitProtection,unknown,cm848_,,cm848_applyTorqueLimitProtection
cm848,0x00523b4c,validateEepromDataIntegrity,mpc555,mpc555_,ram0030,mpc555_validateEepromDataIntegrity
cm848,0x00523b5c,processProtectionCounterToggle,mpc555,mpc555_,ram0030,mpc555_processProtectionCounterToggle
cm848,0x00523f4c,processIdleSpeedControl,unknown,cm848_,,cm848_processIdleSpeedControl
cm848,0x00523f60,processStateTransitionLogic,unknown,cm848_,,cm848_processStateTransitionLogic
cm848,0x00524180,calculateFuelInjectionTiming,unknown,cm848_,,cm848_calculateFuelInjectionTiming
cm848,0x005242f8,calculateTimingAdjustmentRegion,unknown,cm848_,,cm848_calculateTimingAdjustmentRegion
cm848,0x00524360,calculateProtectionAdjustment,unknown,cm848_,,cm848_calculateProtectionAdjustment
cm848,0x00524594,calculateProtectionAdjustmentB,unknown,cm848_,,cm848_calculateProtectionAdjustmentB
cm848,0x005246b0,updateProtectionLimitsB,unknown,cm848_,,cm848_updateProtectionLimitsB
cm848,0x005246d8,updateProtectionLimits,unknown,cm848_,,cm848_updateProtectionLimits
cm848,0x005246e0,updateProtectionLimitsC,unknown,cm848_,,cm848_updateProtectionLimitsC
cm848,0x00524858,calculateTimingPeriod,unknown,cm848_,,cm848_calculateTimingPeriod
cm848,0x00524920,interpolateTableWrapper,unknown,cm848_,,cm848_interpolateTableWrapper
cm848,0x005249bc,calculateScaledValue,unknown,cm848_,,cm848_calculateScaledValue
cm848,0x005249e0,updateFuelDemandCalculation,unknown,cm848_,,cm848_updateFuelDemandCalculation
cm848,0x00524cac,calculateTimingAdvanceRate,unknown,cm848_,,cm848_calculateTimingAdvanceRate
cm848,0x00524d20,calculateTimingCorrection,unknown,cm848_,,cm848_calculateTimingCorrection
cm848,0x00524dd0,initializeTimingState,unknown,cm848_,,cm848_initializeTimingState
cm848,0x00524df4,initializeTimingStateB,unknown,cm848_,,cm848_initializeTimingStateB
cm848,0x005250f0,updateInjectionTiming,mpc555,mpc555_,ram003f,mpc555_updateInjectionTiming
cm848,0x005251e4,updateInjectionTimingB,unknown,cm848_,,cm848_updateInjectionTimingB
cm848,0x00525504,updateInjectionTimingC,unknown,cm848_,,cm848_updateInjectionTimingC
cm848,0x00525a40,processGovernorSpeedLimit,unknown,cm848_,,cm848_processGovernorSpeedLimit
cm848,0x00525de4,processGovernorSpeedLimitB,unknown,cm848_,,cm848_processGovernorSpeedLimitB
cm848,0x00525e54,processGovernorSpeedLimitC,unknown,cm848_,,cm848_processGovernorSpeedLimitC
cm848,0x00526000,calculateEngineSpeedLimitTorque,unknown,cm848_,,cm848_calculateEngineSpeedLimitTorque
cm848,0x0052614c,evaluateSpeedDerateConditions,unknown,cm848_,,cm848_evaluateSpeedDerateConditions
cm848,0x005262e8,updateSpeedBandConditions,unknown,cm848_,,cm848_updateSpeedBandConditions
cm848,0x005263a8,updateSpeedBandConditionsB,unknown,cm848_,,cm848_updateSpeedBandConditionsB
cm848,0x005263e0,processSpeedWindowComparison,unknown,cm848_,,cm848_processSpeedWindowComparison
cm848,0x00526414,processSpeedWindowComparisonB,unknown,cm848_,,cm848_processSpeedWindowComparisonB
cm848,0x005264d4,processSpeedWindowComparisonC,unknown,cm848_,,cm848_processSpeedWindowComparisonC
cm848,0x00526510,setBoostDiagnosticFlag,unknown,cm848_,,cm848_setBoostDiagnosticFlag
cm848,0x00526560,processTurboBoostDataB,unknown,cm848_,,cm848_processTurboBoostDataB
cm848,0x005265ac,processTurboBoostData,unknown,cm848_,,cm848_processTurboBoostData
cm848,0x005266fc,processTurboBoostDiagnostic,unknown,cm848_,,cm848_processTurboBoostDiagnostic
cm848,0x005267b4,clearBoostDiagnosticFlag,unknown,cm848_,,cm848_clearBoostDiagnosticFlag
cm848,0x005267e0,clearTurboSensorFaultStatus,unknown,cm848_,,cm848_clearTurboSensorFaultStatus
cm848,0x005267f4,clearSensorBitmapOnRun,unknown,cm848_,,cm848_clearSensorBitmapOnRun
cm848,0x0052686c,updateEngineSpeedGainCalculation,unknown,cm848_,,cm848_updateEngineSpeedGainCalculation
cm848,0x005268d0,calculateTimingTrimOffset,mpc555,mpc555_,ram0030,mpc555_calculateTimingTrimOffset
cm848,0x005268e8,processTpuVoltageChannel,mpc555,mpc555_,ram0030,mpc555_processTpuVoltageChannel
cm848,0x00526c3c,processVariableTimingControl,mpc555,mpc555_,ram0030,mpc555_processVariableTimingControl
cm848,0x00526c80,clearHardwareRegisterBits,mpc555,mpc555_,ram0030,mpc555_clearHardwareRegisterBits
cm848,0x00526cb8,initHardwareRegisterSet2,mpc555,mpc555_,ram0030,mpc555_initHardwareRegisterSet2
cm848,0x00526f08,updatehpcr_CbdDiagnosticState,hpcr,hpcr_,cbd_+hpcr,hpcr_updatehpcr_CbdDiagnosticState
cm848,0x00527050,updatehpcr_CbdDiagnosticStateB,hpcr,hpcr_,cbd_+hpcr,hpcr_updatehpcr_CbdDiagnosticStateB
cm848,0x00527524,accumulateTimingOffset,unknown,cm848_,,cm848_accumulateTimingOffset
cm848,0x005275c4,evaluateTimingModifiers,unknown,cm848_,,cm848_evaluateTimingModifiers
cm848,0x00527860,signedDivision64Wrapper,unknown,cm848_,,cm848_signedDivision64Wrapper
cm848,0x005278ac,interpolateCbdTable4Point,unknown,cm848_,,cm848_interpolateCbdTable4Point
cm848,0x00527958,interpolateWithIndexWrapper,unknown,cm848_,,cm848_interpolateWithIndexWrapper
cm848,0x0052796c,interpolateConditionalByMode,unknown,cm848_,,cm848_interpolateConditionalByMode
cm848,0x005279d8,interpolateConditionalByMode2,unknown,cm848_,,cm848_interpolateConditionalByMode2
cm848,0x00527c90,interpolatehpcr_CbdTable,hpcr,hpcr_,cbd_+hpcr,hpcr_interpolatehpcr_CbdTable
cm848,0x00527fbc,updateVehicleSpeedFilter,hpcr,hpcr_,cbd_+hpcr,hpcr_updateVehicleSpeedFilter
cm848,0x0052801c,hpcr_initAndProcessCbdState,hpcr,hpcr_,hpcr,hpcr_initAndProcessCbdState
cm848,0x005280f4,calculatehpcr_CbdAngleOffset,hpcr,hpcr_,cbd_+hpcr,hpcr_calculatehpcr_CbdAngleOffset
cm848,0x00528368,applyhpcr_CbdCylinderTiming,hpcr,hpcr_,cbd_+hpcr,hpcr_applyhpcr_CbdCylinderTiming
cm848,0x00528474,initRamVariable48,mpc555,mpc555_,ram0030,mpc555_initRamVariable48
cm848,0x00528564,systemHalt,hpcr,hpcr_,cbd_,hpcr_systemHalt
cm848,0x005285c0,setUpLookupTableAndInterpolate,mpc555,mpc555_,ram0030,mpc555_setUpLookupTableAndInterpolate
cm848,0x0052877c,processThrottlePosition,hpcr,hpcr_,cbd_,hpcr_processThrottlePosition
cm848,0x005289d4,initHardwareRegisters,mpc555,mpc555_,ram0030,mpc555_initHardwareRegisters
cm848,0x00528b90,initThrottleDiagnosticState,unknown,cm848_,,cm848_initThrottleDiagnosticState
cm848,0x00528c28,calculateLoadBasedFuelTrim,unknown,cm848_,,cm848_calculateLoadBasedFuelTrim
cm848,0x00528e70,computehpcr_CbdAngleCorrection,hpcr,hpcr_,cbd_+hpcr,hpcr_computehpcr_CbdAngleCorrection
cm848,0x0052903c,hpcr_adjustCbdAngleForProtection,hpcr,hpcr_,cbd_+hpcr,hpcr_adjustCbdAngleForProtection
cm848,0x00529068,hpcr_adjustCbdAngleParams,hpcr,hpcr_,hpcr,hpcr_adjustCbdAngleParams
cm848,0x0052922c,updateTemperatureSensorFilter,hpcr,hpcr_,cbd_+hpcr,hpcr_updateTemperatureSensorFilter
cm848,0x00529580,processhpcr_CbdStateMachine,hpcr,hpcr_,cbd_+hpcr,hpcr_processhpcr_CbdStateMachine
cm848,0x00529908,computehpcr_CbdProtectionAngle,hpcr,hpcr_,cbd_+hpcr,hpcr_computehpcr_CbdProtectionAngle
cm848,0x00529994,initializePressureParams,mpc555,mpc555_,ram0030,mpc555_initializePressureParams
cm848,0x00529b44,processRailPressureControl,hpcr,hpcr_,railpressure+cbd_+rail_pressure,hpcr_processRailPressureControl
cm848,0x00529d1c,interpolateConditional4Point,unknown,cm848_,,cm848_interpolateConditional4Point
cm848,0x00529ea4,interpolate7PointTable,unknown,cm848_,,cm848_interpolate7PointTable
cm848,0x00529f58,interpolateDiagnosticTable4Point,unknown,cm848_,,cm848_interpolateDiagnosticTable4Point
cm848,0x0052a598,evaluatePressureLimitConditions,unknown,cm848_,,cm848_evaluatePressureLimitConditions
cm848,0x0052a910,interpolate4PointTable,unknown,cm848_,,cm848_interpolate4PointTable
cm848,0x0052b2e8,interpolateFuelMapBySpeed,unknown,cm848_,,cm848_interpolateFuelMapBySpeed
cm848,0x0052b998,interpolateFuelMapBySpeedB,unknown,cm848_,,cm848_interpolateFuelMapBySpeedB
cm848,0x0052ba30,interpolateFuelMapBySpeedC,unknown,cm848_,,cm848_interpolateFuelMapBySpeedC
cm848,0x0052bca8,updateFaultMonitorCounter,hpcr,hpcr_,cbd_,hpcr_updateFaultMonitorCounter
cm848,0x0052bf74,processAdaptiveLoadControl,unknown,cm848_,,cm848_processAdaptiveLoadControl
cm848,0x0052c08c,evaluateSystemConditions,unknown,cm848_,,cm848_evaluateSystemConditions
cm848,0x0052c210,evaluateFaultCodeBoundary,unknown,cm848_,,cm848_evaluateFaultCodeBoundary
cm848,0x0052c688,updateFaultMonitorState,unknown,cm848_,,cm848_updateFaultMonitorState
cm848,0x0052c8cc,updateFaultFlagStatus,unknown,cm848_,,cm848_updateFaultFlagStatus
cm848,0x0052c97c,calculateDiagnosticAccumulator,unknown,cm848_,,cm848_calculateDiagnosticAccumulator
cm848,0x0052ce04,updateDiagnosticCounter,unknown,cm848_,,cm848_updateDiagnosticCounter
cm848,0x0052d140,updateBoostDeviationAccumulator,unknown,cm848_,,cm848_updateBoostDeviationAccumulator
cm848,0x0052d358,updateSpeedReferenceAccumulator,unknown,cm848_,,cm848_updateSpeedReferenceAccumulator
cm848,0x0052d40c,updateProtectionAccumulator,unknown,cm848_,,cm848_updateProtectionAccumulator
cm848,0x0052d514,evaluateDiagnosticModeTransition,unknown,cm848_,,cm848_evaluateDiagnosticModeTransition
cm848,0x0052d650,processProtectionEngage,hpcr,hpcr_,cbd_,hpcr_processProtectionEngage
cm848,0x0052d6a8,evaluateProtectionStateMachine,hpcr,hpcr_,cbd_,hpcr_evaluateProtectionStateMachine
cm848,0x0052daf8,validateCalibrationType,unknown,cm848_,,cm848_validateCalibrationType
cm848,0x0052db98,enqueueNullDataRecord,unknown,cm848_,,cm848_enqueueNullDataRecord
cm848,0x0052dcd0,enqueueConditionalRecord,unknown,cm848_,,cm848_enqueueConditionalRecord
cm848,0x0052ddb8,evaluateSpeedDelta,unknown,cm848_,,cm848_evaluateSpeedDelta
cm848,0x0052de14,setModeBySpeedComparison,unknown,cm848_,,cm848_setModeBySpeedComparison
cm848,0x0052de94,processSpeedState,hpcr,hpcr_,cbd_,hpcr_processSpeedState
cm848,0x0052dfb0,calculateSpeedDerivative,unknown,cm848_,,cm848_calculateSpeedDerivative
cm848,0x0052e13c,updateSpeedFilters,unknown,cm848_,,cm848_updateSpeedFilters
cm848,0x0052e24c,setModeAndEnqueueOperation,unknown,cm848_,,cm848_setModeAndEnqueueOperation
cm848,0x0052e29c,setModeIfFlagSet,unknown,cm848_,,cm848_setModeIfFlagSet
cm848,0x0052e2d8,initSpeedControlState,unknown,cm848_,,cm848_initSpeedControlState
cm848,0x0052e404,resetSpeedAccumulators,unknown,cm848_,,cm848_resetSpeedAccumulators
cm848,0x0052e4a0,validateSpeedThresholds,unknown,cm848_,,cm848_validateSpeedThresholds
cm848,0x0052e4fc,prepareStateTransition,unknown,cm848_,,cm848_prepareStateTransition
cm848,0x0052e540,triggerStateTransitionEvent,unknown,cm848_,,cm848_triggerStateTransitionEvent
cm848,0x0052e59c,updatePerformanceMetric,unknown,cm848_,,cm848_updatePerformanceMetric
cm848,0x0052eac8,setOperationalModeByCondition,unknown,cm848_,,cm848_setOperationalModeByCondition
cm848,0x0052eae8,setMode2AndEnqueueState,unknown,cm848_,,cm848_setMode2AndEnqueueState
cm848,0x0052eb30,processProtectionEvent,unknown,cm848_,,cm848_processProtectionEvent
cm848,0x0052ebc4,evaluateSystemHealthStatus,unknown,cm848_,,cm848_evaluateSystemHealthStatus
cm848,0x0052ee00,processTimerRecoverySequence,unknown,cm848_,,cm848_processTimerRecoverySequence
cm848,0x0052eedc,validateProtectionStateFlags,unknown,cm848_,,cm848_validateProtectionStateFlags
cm848,0x0052ef90,evaluateProtectionDiagnosticState,unknown,cm848_,,cm848_evaluateProtectionDiagnosticState
cm848,0x0052f144,updateTimerEventCounter,unknown,cm848_,,cm848_updateTimerEventCounter
cm848,0x0052f1b4,calculateLimitFactorAdjustment,unknown,cm848_,,cm848_calculateLimitFactorAdjustment
cm848,0x0052f524,evaluateSafetyConditions,unknown,cm848_,,cm848_evaluateSafetyConditions
cm848,0x0052f7bc,computeAccumulatorProduct,hpcr,hpcr_,fuel_rail,hpcr_computeAccumulatorProduct
cm848,0x0052f870,checkEngineLimitConditions,hpcr,hpcr_,fuel_rail,hpcr_checkEngineLimitConditions
cm848,0x0052fd4c,processTransmissionStatus,unknown,cm848_,,cm848_processTransmissionStatus
cm848,0x0052fed8,validateCommandSequence,unknown,cm848_,,cm848_validateCommandSequence
cm848,0x0053005c,initCommandValidationState,unknown,cm848_,,cm848_initCommandValidationState
cm848,0x00530214,updateAuxiliaryOutputPort,unknown,cm848_,,cm848_updateAuxiliaryOutputPort
cm848,0x00530288,updateSpeedSensorOutputFlag,unknown,cm848_,,cm848_updateSpeedSensorOutputFlag
cm848,0x00530298,updateSpeedSensorRangeFlag,unknown,cm848_,,cm848_updateSpeedSensorRangeFlag
cm848,0x00530364,updateSeverityFlags,unknown,cm848_,,cm848_updateSeverityFlags
cm848,0x00530428,setEngineOperatingFlag,unknown,cm848_,,cm848_setEngineOperatingFlag
cm848,0x00530468,processControlModeSwitching,unknown,cm848_,,cm848_processControlModeSwitching
cm848,0x005305dc,buildEngineStatusFlags,unknown,cm848_,,cm848_buildEngineStatusFlags
cm848,0x0053064c,buildEngineStatusFlags2,unknown,cm848_,,cm848_buildEngineStatusFlags2
cm848,0x00530878,clearOutputCounters,unknown,cm848_,,cm848_clearOutputCounters
cm848,0x0053089c,evaluateOperatingModeStatus,unknown,cm848_,,cm848_evaluateOperatingModeStatus
cm848,0x00530968,updateSystemEnableCounter,unknown,cm848_,,cm848_updateSystemEnableCounter
cm848,0x00530d70,updateDiagnosticStateTimer,unknown,cm848_,,cm848_updateDiagnosticStateTimer
cm848,0x00530e94,checkProtectionBypassConditions,unknown,cm848_,,cm848_checkProtectionBypassConditions
cm848,0x00530f80,processDataRecordCapture,unknown,cm848_,,cm848_processDataRecordCapture
cm848,0x005311e4,initProtectionRampCounter,unknown,cm848_,,cm848_initProtectionRampCounter
cm848,0x00531370,validateProtectionRampBounds,unknown,cm848_,,cm848_validateProtectionRampBounds
cm848,0x0053164c,resethpcr_CbdCylinderState,hpcr,hpcr_,cbd_+hpcr,hpcr_resethpcr_CbdCylinderState
cm848,0x0053168c,hpcr_initCbdToothState,hpcr,hpcr_,cbd_+hpcr,hpcr_initCbdToothState
cm848,0x005316ac,hpcr_initCbdCylinderArray,hpcr,hpcr_,cbd_+hpcr,hpcr_initCbdCylinderArray
cm848,0x00531710,calculateFaultDetectionThreshold,hpcr,hpcr_,hpcr,hpcr_calculateFaultDetectionThreshold
cm848,0x005317a4,evaluateActiveFaultConditions,unknown,cm848_,,cm848_evaluateActiveFaultConditions
cm848,0x005318e8,evaluateProtectionEnableCondition,unknown,cm848_,,cm848_evaluateProtectionEnableCondition
cm848,0x00531900,evaluateProtectionConditionFlag,unknown,cm848_,,cm848_evaluateProtectionConditionFlag
cm848,0x0053195c,countActivehpcr_CbdCylinders,hpcr,hpcr_,cbd_+hpcr,hpcr_countActivehpcr_CbdCylinders
cm848,0x005319e0,updatehpcr_CbdCylinderTiming,hpcr,hpcr_,cbd_+hpcr,hpcr_updatehpcr_CbdCylinderTiming
cm848,0x00531b14,updateSystemDiagnosticData,hpcr,hpcr_,cbd_+hpcr,hpcr_updateSystemDiagnosticData
cm848,0x00531cf8,hpcr_checkCbdResetConditions,hpcr,hpcr_,cbd_+hpcr,hpcr_checkCbdResetConditions
cm848,0x00531d34,hpcr_checkAndResetCbdState,hpcr,hpcr_,cbd_+hpcr,hpcr_checkAndResetCbdState
cm848,0x00531f90,hpcr_cbdCylinderStateHandler,hpcr,hpcr_,hpcr,hpcr_cbdCylinderStateHandler
cm848,0x00531fe8,advancehpcr_CbdFaultState,hpcr,hpcr_,cbd_+hpcr,hpcr_advancehpcr_CbdFaultState
cm848,0x00532108,evaluatehpcr_CbdCylinderActivation,hpcr,hpcr_,cbd_+hpcr,hpcr_evaluatehpcr_CbdCylinderActivation
cm848,0x005321c8,activatehpcr_CbdCylinderMode,hpcr,hpcr_,cbd_+hpcr,hpcr_activatehpcr_CbdCylinderMode
cm848,0x00532208,hpcr_updateCbdCylinderStatusBitmap,hpcr,hpcr_,cbd_+hpcr,hpcr_updateCbdCylinderStatusBitmap
cm848,0x0053227c,hpcr_updateSensorStatusBitmap,hpcr,hpcr_,cbd_+hpcr,hpcr_updateSensorStatusBitmap
cm848,0x0053236c,deactivatehpcr_CbdCylinderMode,hpcr,hpcr_,cbd_+hpcr,hpcr_deactivatehpcr_CbdCylinderMode
cm848,0x00532418,deactivatehpcr_CbdCylinderModeB,hpcr,hpcr_,cbd_+hpcr,hpcr_deactivatehpcr_CbdCylinderModeB
cm848,0x0053247c,compareAndSyncFaultFlags,hpcr,hpcr_,cbd_,hpcr_compareAndSyncFaultFlags
cm848,0x00532654,resetFaultRecordFlags,unknown,cm848_,,cm848_resetFaultRecordFlags
cm848,0x00532680,incrementFaultCounters,unknown,cm848_,,cm848_incrementFaultCounters
cm848,0x005326c4,shiftFaultCounters,unknown,cm848_,,cm848_shiftFaultCounters
cm848,0x005326fc,resetFaultTimers,unknown,cm848_,,cm848_resetFaultTimers
cm848,0x0053272c,removeFromActiveQueue,unknown,cm848_,,cm848_removeFromActiveQueue
cm848,0x005327e8,findFaultByCode,unknown,cm848_,,cm848_findFaultByCode
cm848,0x00532a64,processDataRecordDispatch,unknown,cm848_,,cm848_processDataRecordDispatch
cm848,0x00532b78,updateFaultQueueState,unknown,cm848_,,cm848_updateFaultQueueState
cm848,0x00532ba8,iterateAndResetFaultFlags,unknown,cm848_,,cm848_iterateAndResetFaultFlags
cm848,0x00532d10,processFaultQueueEntry,unknown,cm848_,,cm848_processFaultQueueEntry
cm848,0x00532db8,validateFreezeFrameConditions,unknown,cm848_,,cm848_validateFreezeFrameConditions
cm848,0x00532e90,evaluateCalibrationChecksum,unknown,cm848_,,cm848_evaluateCalibrationChecksum
cm848,0x00532fac,scanFaultsForFreezeFrameConditions,unknown,cm848_,,cm848_scanFaultsForFreezeFrameConditions
cm848,0x0053307c,processFaultTableEntry,unknown,cm848_,,cm848_processFaultTableEntry
cm848,0x00533098,updateMemoryAllocationState,unknown,cm848_,,cm848_updateMemoryAllocationState
cm848,0x005331ec,getFaultFlagByCode,unknown,cm848_,,cm848_getFaultFlagByCode
cm848,0x00533250,updateFaultTableEntry,unknown,cm848_,,cm848_updateFaultTableEntry
cm848,0x005332a4,processEnvironmentalLimits,unknown,cm848_,,cm848_processEnvironmentalLimits
cm848,0x005333f8,clearFaultEntryFromList,unknown,cm848_,,cm848_clearFaultEntryFromList
cm848,0x005334fc,calculateOffsetCompensation,unknown,cm848_,,cm848_calculateOffsetCompensation
cm848,0x0053364c,setFaultActiveBit,unknown,cm848_,,cm848_setFaultActiveBit
cm848,0x005336d0,captureFaultSnapshot,unknown,cm848_,,cm848_captureFaultSnapshot
cm848,0x005337d4,scanFaultTable,unknown,cm848_,,cm848_scanFaultTable
cm848,0x00533aec,updateCylinderQueueSelection,unknown,cm848_,,cm848_updateCylinderQueueSelection
cm848,0x00533b18,updateSensorInputValidation,unknown,cm848_,,cm848_updateSensorInputValidation
cm848,0x00533bc4,setFaultTimestampFlags,unknown,cm848_,,cm848_setFaultTimestampFlags
cm848,0x00533c80,setFaultActiveBitmapEntry,unknown,cm848_,,cm848_setFaultActiveBitmapEntry
cm848,0x00533cc4,processStateTransitionGuard,unknown,cm848_,,cm848_processStateTransitionGuard
cm848,0x00533dd8,evaluateTemperatureSlope,unknown,cm848_,,cm848_evaluateTemperatureSlope
cm848,0x00533df0,updateFaultBitmapFromStateGuards,unknown,cm848_,,cm848_updateFaultBitmapFromStateGuards
cm848,0x00533efc,iterateFaultStatusRecords,unknown,cm848_,,cm848_iterateFaultStatusRecords
cm848,0x00533f30,evaluateFaultConditions,hpcr,hpcr_,cbd_,hpcr_evaluateFaultConditions
cm848,0x00534328,checkFaultCounterThreshold,unknown,cm848_,,cm848_checkFaultCounterThreshold
cm848,0x005343d0,processFaultLampLogic,unknown,cm848_,,cm848_processFaultLampLogic
cm848,0x005344cc,checkFaultStateTransition,unknown,cm848_,,cm848_checkFaultStateTransition
cm848,0x00534530,evaluateFuelDemandFaultCondition,unknown,cm848_,,cm848_evaluateFuelDemandFaultCondition
cm848,0x005346c0,updateFaultCounter,unknown,cm848_,,cm848_updateFaultCounter
cm848,0x0053473c,evaluateFaultTimingThreshold,unknown,cm848_,,cm848_evaluateFaultTimingThreshold
cm848,0x0053489c,processChannelDiagnostics,unknown,cm848_,,cm848_processChannelDiagnostics
cm848,0x00534994,evaluateInjectionTimingStability,unknown,cm848_,,cm848_evaluateInjectionTimingStability
cm848,0x00534b68,evaluateSensorChannelStateMatch,unknown,cm848_,,cm848_evaluateSensorChannelStateMatch
cm848,0x00534c6c,synchronizeDiagnosticFlagState,unknown,cm848_,,cm848_synchronizeDiagnosticFlagState
cm848,0x00534db4,calculateLoadFactorDynamic,hpcr,hpcr_,cbd_,hpcr_calculateLoadFactorDynamic
cm848,0x00534fb0,hpcr_processMultiChannelDiagnostics,hpcr,hpcr_,cbd_+hpcr,hpcr_processMultiChannelDiagnostics
cm848,0x0053515c,incrementCounterOrSetWarmup,unknown,cm848_,,cm848_incrementCounterOrSetWarmup
cm848,0x00535208,updateSystemConditionMetric,unknown,cm848_,,cm848_updateSystemConditionMetric
cm848,0x00535270,storeRegisterValue,unknown,cm848_,,cm848_storeRegisterValue
cm848,0x00535324,processOutputControlSequence,unknown,cm848_,,cm848_processOutputControlSequence
cm848,0x00535344,evaluateOutputControlConditions,unknown,cm848_,,cm848_evaluateOutputControlConditions
cm848,0x00535408,handleEnableStateTransition,unknown,cm848_,,cm848_handleEnableStateTransition
cm848,0x005354c0,evaluateTimingAdvanceLimits,unknown,cm848_,,cm848_evaluateTimingAdvanceLimits
cm848,0x00535998,clearFaultAccumulator,unknown,cm848_,,cm848_clearFaultAccumulator
cm848,0x005359b4,updateFilteredRpmValue,unknown,cm848_,,cm848_updateFilteredRpmValue
cm848,0x00535d5c,processFuelingRateControl,unknown,cm848_,,cm848_processFuelingRateControl
cm848,0x00535e2c,calculateDiagnosticThresholdLevel,unknown,cm848_,,cm848_calculateDiagnosticThresholdLevel
cm848,0x005360ec,updateOutputDriverControl,unknown,cm848_,,cm848_updateOutputDriverControl
cm848,0x0053624c,linearInterpolate1DWrapper,unknown,cm848_,,cm848_linearInterpolate1DWrapper
cm848,0x00536540,processProtectionRecoveryState,unknown,cm848_,,cm848_processProtectionRecoveryState
cm848,0x00536638,buildStatusBitmaskFromTable,unknown,cm848_,,cm848_buildStatusBitmaskFromTable
cm848,0x0053664c,buildStatusBitmaskSecondary,unknown,cm848_,,cm848_buildStatusBitmaskSecondary
cm848,0x0053665c,buildStatusBitmaskFromPointer,unknown,cm848_,,cm848_buildStatusBitmaskFromPointer
cm848,0x005366b8,getDiagnosticStatus,unknown,cm848_,,cm848_getDiagnosticStatus
cm848,0x005367cc,validateCalibrationLookup,unknown,cm848_,,cm848_validateCalibrationLookup
cm848,0x00536958,resetStateVariable,unknown,cm848_,,cm848_resetStateVariable
cm848,0x00536e4c,processBoostDiagnosticFlags,unknown,cm848_,,cm848_processBoostDiagnosticFlags
cm848,0x005371f4,validateCalibrationParameters,unknown,cm848_,,cm848_validateCalibrationParameters
cm848,0x0053729c,emptyStub_boostControl,unknown,cm848_,,cm848_emptyStub_boostControl
cm848,0x005372b0,updatePressureControlTarget,unknown,cm848_,,cm848_updatePressureControlTarget
cm848,0x005372c4,initPressureControlVariables,unknown,cm848_,,cm848_initPressureControlVariables
cm848,0x0053752c,initDataBufferPointers,unknown,cm848_,,cm848_initDataBufferPointers
cm848,0x00537584,initServiceRequestState,unknown,cm848_,,cm848_initServiceRequestState
cm848,0x005375ec,calculateFuelingMassFlowRate,unknown,cm848_,,cm848_calculateFuelingMassFlowRate
cm848,0x005377f4,enqueueDataRecord,unknown,cm848_,,cm848_enqueueDataRecord
cm848,0x005378a4,processProtectionDiagnosticState,unknown,cm848_,,cm848_processProtectionDiagnosticState
cm848,0x00537944,executeTimerCallbacks,unknown,cm848_,,cm848_executeTimerCallbacks
cm848,0x005379b4,iterateAndExecuteTimerEntries,unknown,cm848_,,cm848_iterateAndExecuteTimerEntries
cm848,0x005379d8,executeTimerCallbacksViaLR,unknown,cm848_,,cm848_executeTimerCallbacksViaLR
cm848,0x00537a18,enqueueToBuffer17,unknown,cm848_,,cm848_enqueueToBuffer17
cm848,0x00537a5c,updateProtectionLimitFilter,mpc555,mpc555_,ram0030,mpc555_updateProtectionLimitFilter
cm848,0x00537acc,processJ1939MessageWithFilter,mpc555,mpc555_,ram0030,mpc555_processJ1939MessageWithFilter
cm848,0x00538278,buildBitmapAndSetHwFlag,mpc555,mpc555_,ram002f,mpc555_buildBitmapAndSetHwFlag
cm848,0x005382d0,resolveParameterAddress,unknown,cm848_,,cm848_resolveParameterAddress
cm848,0x005383d0,calculatePressureDropOffset,mpc555,mpc555_,ram0030,mpc555_calculatePressureDropOffset
cm848,0x005384a0,pushToCircularBuffer,unknown,cm848_,,cm848_pushToCircularBuffer
cm848,0x005385e0,processBufferSequence,mpc555,mpc555_,ram0030,mpc555_processBufferSequence
cm848,0x00538748,enqueueToCircularBufferWrapper,unknown,cm848_,,cm848_enqueueToCircularBufferWrapper
cm848,0x00538880,evaluateFlowRateCondition,unknown,cm848_,,cm848_evaluateFlowRateCondition
cm848,0x00538974,synchronizeTimebase,unknown,cm848_,,cm848_synchronizeTimebase
cm848,0x00538c78,updateEmissionControlParameter,unknown,cm848_,,cm848_updateEmissionControlParameter
cm848,0x00538d3c,dispatchFaultTimerHandlers,unknown,cm848_,,cm848_dispatchFaultTimerHandlers
cm848,0x00538eac,dataTable_00538eac,unknown,cm848_,,cm848_dataTable_00538eac
cm848,0x00538eb0,registerJ1939PgnHandler,unknown,cm848_,,cm848_registerJ1939PgnHandler
cm848,0x00538ef4,dataTable_00538ef4,unknown,cm848_,,cm848_dataTable_00538ef4
cm848,0x00539768,dataTable_00539768,unknown,cm848_,,cm848_dataTable_00539768
cm848,0x00539868,dataTable_00539868,unknown,cm848_,,cm848_dataTable_00539868
cm848,0x00539d18,dataTable_00539d18,unknown,cm848_,,cm848_dataTable_00539d18
cm848,0x0053a110,dataTable_0053a110,unknown,cm848_,,cm848_dataTable_0053a110
cm848,0x0040a046,FUN_0040a046,unknown,cm848_,,cm848_FUN_0040a046
